Workbook

Sheet 面板数据
A1: id | B1: 地 | C1: year | D1: 能源消费总量(万吨标准煤) | E1: CO2排放总量(万吨) | F1: 生产总值（亿元） | G1: 单位GDP能耗 | H1: 单位GDP能耗增长率 | I1: 非化石能源占比 | J1: 非化石能源占比增长率 | K1: 单位GDP碳排放量 | L1: 单位GDP碳排放量增长率 | M1: post1 | N1: post2 | O1: treated | P1: avg_direct_sim | Q1: avg_direct_degree | R1: avg_hidden_degree | S1: target | T1: target_hid | U1: deg70 | V1: deg80 | W1: deg90 | X1: std_sim | Y1: std_deg | Z1: std_hid_deg | AA1: std_target | AB1: std_hid_target | AC1: std_70 | AD1: std_80 | AE1: std_90 | AF1: a145 | AG1: b145 | AH1: c145 | AI1: a155 | AJ1: c155 | AK1: std_a145 | AL1: std_b145 | AM1: std_c145 | AN1: std_a155 | AO1: std_c155 | AP1: a | AQ1: b | AR1: c | AS1: if_a | AT1: if_b | AU1: if_c | AV1: if_a_155 | AW1: if_c_155
A2: 1 | B2: 北京 | C2: 2016 | D2: 6917 | E2: 7413.4217 | F2: 25669.13 | G2: 0.26946764 | I2: 0.35776976 | K2: 0.28880689 | M2: 0 | N2: 0 | O2: 1 | P2: 0.75759066 | Q2: 0.49120235 | R2: 0.1919221 | S2: 1.1 | T2: -0.03 | U2: 0.51785714 | V2: 0.24380165 | W2: 0.85714286 | X2: 0 | Y2: 0.35300316 | Z2: 0.13763137 | AA2: 0.31428571 | AB2: -0.01744186 | AC2: 0.41857143 | AD2: 0.26063706 | AE2: 1 | AF2: 0.144 | AG2: 0.14 | AH2: 0.18 | AI2: 0.25 | AJ2: 0.65 | AK2: 0.72 | AL2: 1.037037 | AM2: 1 | AN2: 1 | AO2: 1 | AP2: =AVERAGE(AK2,AN2) -> 0.86 | AQ2: =AVERAGE(AL2) -> 1.037037 | AR2: =AVERAGE(AM2,AO2) -> 1 | AS2: {=_xlfn.IFS(AF2>'“主要目标”数据分表'!$C$2,1,AF2='“主要目标”数据分表'!$C$2,0,AF2<'“主要目标”数据分表'!$C$2,-1)} -> -1 | AT2: {=_xlfn.IFS(AG2>'“主要目标”数据分表'!$D$2,1,AG2='“主要目标”数据分表'!$D$2,0,AG2<'“主要目标”数据分表'!$D$2,-1)} -> 1 | AU2: {=_xlfn.IFS(AH2>'“主要目标”数据分表'!$E$2,1,AH2='“主要目标”数据分表'!$E$2,0,AH2<'“主要目标”数据分表'!$E$2,-1)} -> 0 | AV2: {=_xlfn.IFS(AI2>'“主要目标”数据分表'!$F$2,1,AI2='“主要目标”数据分表'!$F$2,0,AI2<'“主要目标”数据分表'!$F$2,-1)} -> 0 | AW2: {=_xlfn.IFS(AJ2>'“主要目标”数据分表'!$G$2,1,AJ2='“主要目标”数据分表'!$G$2,0,AJ2<'“主要目标”数据分表'!$G$2,-1)} -> 0
A3: 1 | B3: 北京 | C3: 2017 | D3: 7088 | E3: 7623.383 | F3: 28014.94 | G3: 0.25300786 | H3: =(G3-G2)/G2 -> -0.061082603 | I3: 0.36853608 | J3: =(I3-I2)/I2 -> 0.030092858 | K3: 0.27211849 | L3: =(K3-K2)/K2 -> -0.057783963 | M3: 0 | N3: 0 | O3: 1 | P3: 0.75759066 | Q3: 0.49120235 | R3: 0.1919221 | S3: 1.1 | T3: -0.03 | U3: 0.51785714 | V3: 0.24380165 | W3: 0.85714286 | X3: 0 | Y3: 0.35300316 | Z3: 0.13763137 | AA3: 0.31428571 | AB3: -0.01744186 | AC3: 0.41857143 | AD3: 0.26063706 | AE3: 1 | AF3: 0.144 | AG3: 0.14 | AH3: 0.18 | AI3: 0.25 | AJ3: 0.65 | AK3: 0.72 | AL3: 1.037037 | AM3: 1 | AN3: 1 | AO3: 1 | AP3: =AVERAGE(AK3,AN3) -> 0.86 | AQ3: =AVERAGE(AL3) -> 1.037037 | AR3: =AVERAGE(AM3,AO3) -> 1 | AS3: {=_xlfn.IFS(AF3>'“主要目标”数据分表'!$C$2,1,AF3='“主要目标”数据分表'!$C$2,0,AF3<'“主要目标”数据分表'!$C$2,-1)} -> -1 | AT3: {=_xlfn.IFS(AG3>'“主要目标”数据分表'!$D$2,1,AG3='“主要目标”数据分表'!$D$2,0,AG3<'“主要目标”数据分表'!$D$2,-1)} -> 1 | AU3: {=_xlfn.IFS(AH3>'“主要目标”数据分表'!$E$2,1,AH3='“主要目标”数据分表'!$E$2,0,AH3<'“主要目标”数据分表'!$E$2,-1)} -> 0 | AV3: {=_xlfn.IFS(AI3>'“主要目标”数据分表'!$F$2,1,AI3='“主要目标”数据分表'!$F$2,0,AI3<'“主要目标”数据分表'!$F$2,-1)} -> 0 | AW3: {=_xlfn.IFS(AJ3>'“主要目标”数据分表'!$G$2,1,AJ3='“主要目标”数据分表'!$G$2,0,AJ3<'“主要目标”数据分表'!$G$2,-1)} -> 0
A4: 1 | B4: 北京 | C4: 2018 | D4: 7270 | E4: 7770.4187 | F4: 30319.98 | G4: 0.23977588 | H4: =(G4-G3)/G3 -> -0.052298674 | I4: 0.3894371 | J4: =(I4-I3)/I3 -> 0.056713642 | K4: 0.25628047 | L4: =(K4-K3)/K3 -> -0.058202652 | M4: 0 | N4: 0 | O4: 1 | P4: 0.75759066 | Q4: 0.49120235 | R4: 0.1919221 | S4: 1.1 | T4: -0.03 | U4: 0.51785714 | V4: 0.24380165 | W4: 0.85714286 | X4: 0 | Y4: 0.35300316 | Z4: 0.13763137 | AA4: 0.31428571 | AB4: -0.01744186 | AC4: 0.41857143 | AD4: 0.26063706 | AE4: 1 | AF4: 0.144 | AG4: 0.14 | AH4: 0.18 | AI4: 0.25 | AJ4: 0.65 | AK4: 0.72 | AL4: 1.037037 | AM4: 1 | AN4: 1 | AO4: 1 | AP4: =AVERAGE(AK4,AN4) -> 0.86 | AQ4: =AVERAGE(AL4) -> 1.037037 | AR4: =AVERAGE(AM4,AO4) -> 1 | AS4: {=_xlfn.IFS(AF4>'“主要目标”数据分表'!$C$2,1,AF4='“主要目标”数据分表'!$C$2,0,AF4<'“主要目标”数据分表'!$C$2,-1)} -> -1 | AT4: {=_xlfn.IFS(AG4>'“主要目标”数据分表'!$D$2,1,AG4='“主要目标”数据分表'!$D$2,0,AG4<'“主要目标”数据分表'!$D$2,-1)} -> 1 | AU4: {=_xlfn.IFS(AH4>'“主要目标”数据分表'!$E$2,1,AH4='“主要目标”数据分表'!$E$2,0,AH4<'“主要目标”数据分表'!$E$2,-1)} -> 0 | AV4: {=_xlfn.IFS(AI4>'“主要目标”数据分表'!$F$2,1,AI4='“主要目标”数据分表'!$F$2,0,AI4<'“主要目标”数据分表'!$F$2,-1)} -> 0 | AW4: {=_xlfn.IFS(AJ4>'“主要目标”数据分表'!$G$2,1,AJ4='“主要目标”数据分表'!$G$2,0,AJ4<'“主要目标”数据分表'!$G$2,-1)} -> 0
A5: 1 | B5: 北京 | C5: 2019 | D5: 7360 | E5: 7804.4413 | F5: 35371.28 | G5: 0.20807842 | H5: =(G5-G4)/G4 -> -0.13219622 | I5: 0.39378508 | J5: =(I5-I4)/I4 -> 0.011164767 | K5: 0.22064345 | L5: =(K5-K4)/K4 -> -0.13905475 | M5: 0 | N5: 0 | O5: 1 | P5: 0.75759066 | Q5: 0.49120235 | R5: 0.1919221 | S5: 1.1 | T5: -0.03 | U5: 0.51785714 | V5: 0.24380165 | W5: 0.85714286 | X5: 0 | Y5: 0.35300316 | Z5: 0.13763137 | AA5: 0.31428571 | AB5: -0.01744186 | AC5: 0.41857143 | AD5: 0.26063706 | AE5: 1 | AF5: 0.144 | AG5: 0.14 | AH5: 0.18 | AI5: 0.25 | AJ5: 0.65 | AK5: 0.72 | AL5: 1.037037 | AM5: 1 | AN5: 1 | AO5: 1 | AP5: =AVERAGE(AK5,AN5) -> 0.86 | AQ5: =AVERAGE(AL5) -> 1.037037 | AR5: =AVERAGE(AM5,AO5) -> 1 | AS5: {=_xlfn.IFS(AF5>'“主要目标”数据分表'!$C$2,1,AF5='“主要目标”数据分表'!$C$2,0,AF5<'“主要目标”数据分表'!$C$2,-1)} -> -1 | AT5: {=_xlfn.IFS(AG5>'“主要目标”数据分表'!$D$2,1,AG5='“主要目标”数据分表'!$D$2,0,AG5<'“主要目标”数据分表'!$D$2,-1)} -> 1 | AU5: {=_xlfn.IFS(AH5>'“主要目标”数据分表'!$E$2,1,AH5='“主要目标”数据分表'!$E$2,0,AH5<'“主要目标”数据分表'!$E$2,-1)} -> 0 | AV5: {=_xlfn.IFS(AI5>'“主要目标”数据分表'!$F$2,1,AI5='“主要目标”数据分表'!$F$2,0,AI5<'“主要目标”数据分表'!$F$2,-1)} -> 0 | AW5: {=_xlfn.IFS(AJ5>'“主要目标”数据分表'!$G$2,1,AJ5='“主要目标”数据分表'!$G$2,0,AJ5<'“主要目标”数据分表'!$G$2,-1)} -> 0
A6: 1 | B6: 北京 | C6: 2020 | D6: 6762.1 | E6: 7763.0137 | F6: 36102.55 | G6: 0.18730256 | H6: =(G6-G5)/G5 -> -0.099846297 | I6: 0.45559969 | J6: =(I6-I5)/I5 -> 0.15697552 | K6: 0.21502674 | L6: =(K6-K5)/K5 -> -0.025456044 | M6: 0 | N6: 0 | O6: 1 | P6: 0.75759066 | Q6: 0.49120235 | R6: 0.1919221 | S6: 1.1 | T6: -0.03 | U6: 0.51785714 | V6: 0.24380165 | W6: 0.85714286 | X6: 0 | Y6: 0.35300316 | Z6: 0.13763137 | AA6: 0.31428571 | AB6: -0.01744186 | AC6: 0.41857143 | AD6: 0.26063706 | AE6: 1 | AF6: 0.144 | AG6: 0.14 | AH6: 0.18 | AI6: 0.25 | AJ6: 0.65 | AK6: 0.72 | AL6: 1.037037 | AM6: 1 | AN6: 1 | AO6: 1 | AP6: =AVERAGE(AK6,AN6) -> 0.86 | AQ6: =AVERAGE(AL6) -> 1.037037 | AR6: =AVERAGE(AM6,AO6) -> 1 | AS6: {=_xlfn.IFS(AF6>'“主要目标”数据分表'!$C$2,1,AF6='“主要目标”数据分表'!$C$2,0,AF6<'“主要目标”数据分表'!$C$2,-1)} -> -1 | AT6: {=_xlfn.IFS(AG6>'“主要目标”数据分表'!$D$2,1,AG6='“主要目标”数据分表'!$D$2,0,AG6<'“主要目标”数据分表'!$D$2,-1)} -> 1 | AU6: {=_xlfn.IFS(AH6>'“主要目标”数据分表'!$E$2,1,AH6='“主要目标”数据分表'!$E$2,0,AH6<'“主要目标”数据分表'!$E$2,-1)} -> 0 | AV6: {=_xlfn.IFS(AI6>'“主要目标”数据分表'!$F$2,1,AI6='“主要目标”数据分表'!$F$2,0,AI6<'“主要目标”数据分表'!$F$2,-1)} -> 0 | AW6: {=_xlfn.IFS(AJ6>'“主要目标”数据分表'!$G$2,1,AJ6='“主要目标”数据分表'!$G$2,0,AJ6<'“主要目标”数据分表'!$G$2,-1)} -> 0
A7: 1 | B7: 北京 | C7: 2021 | D7: 7103.62 | E7: 8010.2176 | F7: 40269.55 | G7: 0.17640177 | H7: =(G7-G6)/G6 -> -0.058198812 | I7: 0.44803091 | J7: =(I7-I6)/I6 -> -0.016612797 | K7: 0.198915 | L7: =(K7-K6)/K6 -> -0.074929003 | M7: 0 | N7: 0 | O7: 1 | P7: 0.75759066 | Q7: 0.49120235 | R7: 0.1919221 | S7: 1.1 | T7: -0.03 | U7: 0.51785714 | V7: 0.24380165 | W7: 0.85714286 | X7: 0 | Y7: 0.35300316 | Z7: 0.13763137 | AA7: 0.31428571 | AB7: -0.01744186 | AC7: 0.41857143 | AD7: 0.26063706 | AE7: 1 | AF7: 0.144 | AG7: 0.14 | AH7: 0.18 | AI7: 0.25 | AJ7: 0.65 | AK7: 0.72 | AL7: 1.037037 | AM7: 1 | AN7: 1 | AO7: 1 | AP7: =AVERAGE(AK7,AN7) -> 0.86 | AQ7: =AVERAGE(AL7) -> 1.037037 | AR7: =AVERAGE(AM7,AO7) -> 1 | AS7: {=_xlfn.IFS(AF7>'“主要目标”数据分表'!$C$2,1,AF7='“主要目标”数据分表'!$C$2,0,AF7<'“主要目标”数据分表'!$C$2,-1)} -> -1 | AT7: {=_xlfn.IFS(AG7>'“主要目标”数据分表'!$D$2,1,AG7='“主要目标”数据分表'!$D$2,0,AG7<'“主要目标”数据分表'!$D$2,-1)} -> 1 | AU7: {=_xlfn.IFS(AH7>'“主要目标”数据分表'!$E$2,1,AH7='“主要目标”数据分表'!$E$2,0,AH7<'“主要目标”数据分表'!$E$2,-1)} -> 0 | AV7: {=_xlfn.IFS(AI7>'“主要目标”数据分表'!$F$2,1,AI7='“主要目标”数据分表'!$F$2,0,AI7<'“主要目标”数据分表'!$F$2,-1)} -> 0 | AW7: {=_xlfn.IFS(AJ7>'“主要目标”数据分表'!$G$2,1,AJ7='“主要目标”数据分表'!$G$2,0,AJ7<'“主要目标”数据分表'!$G$2,-1)} -> 0
A8: 1 | B8: 北京 | C8: 2022 | D8: 6896.89 | E8: 7715.7245 | F8: 41610.9 | G8: 0.1657472 | H8: =(G8-G7)/G7 -> -0.060399487 | I8: 0.49718448 | J8: =(I8-I7)/I7 -> 0.10971023 | K8: 0.18542556 | L8: =(K8-K7)/K7 -> -0.0678151 | M8: 1 | N8: 0 | O8: 1 | P8: 0.75759066 | Q8: 0.49120235 | R8: 0.1919221 | S8: 1.1 | T8: -0.03 | U8: 0.51785714 | V8: 0.24380165 | W8: 0.85714286 | X8: 0 | Y8: 0.35300316 | Z8: 0.13763137 | AA8: 0.31428571 | AB8: -0.01744186 | AC8: 0.41857143 | AD8: 0.26063706 | AE8: 1 | AF8: 0.144 | AG8: 0.14 | AH8: 0.18 | AI8: 0.25 | AJ8: 0.65 | AK8: 0.72 | AL8: 1.037037 | AM8: 1 | AN8: 1 | AO8: 1 | AP8: =AVERAGE(AK8,AN8) -> 0.86 | AQ8: =AVERAGE(AL8) -> 1.037037 | AR8: =AVERAGE(AM8,AO8) -> 1 | AS8: {=_xlfn.IFS(AF8>'“主要目标”数据分表'!$C$2,1,AF8='“主要目标”数据分表'!$C$2,0,AF8<'“主要目标”数据分表'!$C$2,-1)} -> -1 | AT8: {=_xlfn.IFS(AG8>'“主要目标”数据分表'!$D$2,1,AG8='“主要目标”数据分表'!$D$2,0,AG8<'“主要目标”数据分表'!$D$2,-1)} -> 1 | AU8: {=_xlfn.IFS(AH8>'“主要目标”数据分表'!$E$2,1,AH8='“主要目标”数据分表'!$E$2,0,AH8<'“主要目标”数据分表'!$E$2,-1)} -> 0 | AV8: {=_xlfn.IFS(AI8>'“主要目标”数据分表'!$F$2,1,AI8='“主要目标”数据分表'!$F$2,0,AI8<'“主要目标”数据分表'!$F$2,-1)} -> 0 | AW8: {=_xlfn.IFS(AJ8>'“主要目标”数据分表'!$G$2,1,AJ8='“主要目标”数据分表'!$G$2,0,AJ8<'“主要目标”数据分表'!$G$2,-1)} -> 0
A9: 1 | B9: 北京 | C9: 2023 | D9: 7571.35 | E9: 8227.266 | F9: 43760.7 | G9: 0.17301711 | H9: =(G9-G8)/G8 -> 0.043861481 | K9: 0.18800581 | L9: =(K9-K8)/K8 -> 0.013915294 | M9: 1 | N9: 1 | O9: 1 | P9: 0.75759066 | Q9: 0.49120235 | R9: 0.1919221 | S9: 1.1 | T9: -0.03 | U9: 0.51785714 | V9: 0.24380165 | W9: 0.85714286 | X9: 0 | Y9: 0.35300316 | Z9: 0.13763137 | AA9: 0.31428571 | AB9: -0.01744186 | AC9: 0.41857143 | AD9: 0.26063706 | AE9: 1 | AF9: 0.144 | AG9: 0.14 | AH9: 0.18 | AI9: 0.25 | AJ9: 0.65 | AK9: 0.72 | AL9: 1.037037 | AM9: 1 | AN9: 1 | AO9: 1 | AP9: =AVERAGE(AK9,AN9) -> 0.86 | AQ9: =AVERAGE(AL9) -> 1.037037 | AR9: =AVERAGE(AM9,AO9) -> 1 | AS9: {=_xlfn.IFS(AF9>'“主要目标”数据分表'!$C$2,1,AF9='“主要目标”数据分表'!$C$2,0,AF9<'“主要目标”数据分表'!$C$2,-1)} -> -1 | AT9: {=_xlfn.IFS(AG9>'“主要目标”数据分表'!$D$2,1,AG9='“主要目标”数据分表'!$D$2,0,AG9<'“主要目标”数据分表'!$D$2,-1)} -> 1 | AU9: {=_xlfn.IFS(AH9>'“主要目标”数据分表'!$E$2,1,AH9='“主要目标”数据分表'!$E$2,0,AH9<'“主要目标”数据分表'!$E$2,-1)} -> 0 | AV9: {=_xlfn.IFS(AI9>'“主要目标”数据分表'!$F$2,1,AI9='“主要目标”数据分表'!$F$2,0,AI9<'“主要目标”数据分表'!$F$2,-1)} -> 0 | AW9: {=_xlfn.IFS(AJ9>'“主要目标”数据分表'!$G$2,1,AJ9='“主要目标”数据分表'!$G$2,0,AJ9<'“主要目标”数据分表'!$G$2,-1)} -> 0
A10: 2 | B10: 天津 | C10: 2016 | D10: 8078 | E10: 12475.773 | F10: 17885.39 | G10: 0.45165356 | I10: 0.31494388 | K10: 0.69753988 | M10: 0 | N10: 0 | O10: 1 | P10: 0.83038969 | Q10: 1.3914956 | R10: 1.3944648 | S10: 2.5 | T10: 1.72 | U10: 1.2372014 | V10: 0.79904306 | W10: 0.33505155 | X10: =(P10-MIN(P:P))/(MAX(P:P)-MIN(P:P)) -> 0.30031447 | Y10: {=Q10/MAX(ABS(Q$2:Q$26))} -> 1 | Z10: {=R10/MAX(ABS(R$2:R$26))} -> 1 | AA10: {=S10/MAX(ABS(S$2:S$26))} -> 0.86206897 | AB10: {=T10/MAX(ABS(T$2:T$26))} -> 1 | AC10: {=U10/MAX(ABS(U$2:U$26))} -> 1 | AD10: {=V10/MAX(ABS(V$2:V$26))} -> 1 | AE10: {=W10/MAX(ABS(W$2:W$26))} -> 0.39089347 | AF10: 0.117 | AG10: 0.135 | AH10: 0.18 | AI10: 0.16 | AJ10: 0.65 | AK10: 0.585 | AL10: 1 | AM10: 1 | AN10: 0.64 | AO10: 1 | AP10: =AVERAGE(AK10,AN10) -> 0.6125 | AQ10: =AVERAGE(AL10) -> 1 | AR10: =AVERAGE(AM10,AO10) -> 1 | AS10: {=_xlfn.IFS(AF10>'“主要目标”数据分表'!$C$2,1,AF10='“主要目标”数据分表'!$C$2,0,AF10<'“主要目标”数据分表'!$C$2,-1)} -> -1 | AT10: {=_xlfn.IFS(AG10>'“主要目标”数据分表'!$D$2,1,AG10='“主要目标”数据分表'!$D$2,0,AG10<'“主要目标”数据分表'!$D$2,-1)} -> 0 | AU10: {=_xlfn.IFS(AH10>'“主要目标”数据分表'!$E$2,1,AH10='“主要目标”数据分表'!$E$2,0,AH10<'“主要目标”数据分表'!$E$2,-1)} -> 0 | AV10: {=_xlfn.IFS(AI10>'“主要目标”数据分表'!$F$2,1,AI10='“主要目标”数据分表'!$F$2,0,AI10<'“主要目标”数据分表'!$F$2,-1)} -> -1 | AW10: {=_xlfn.IFS(AJ10>'“主要目标”数据分表'!$G$2,1,AJ10='“主要目标”数据分表'!$G$2,0,AJ10<'“主要目标”数据分表'!$G$2,-1)} -> 0
A11: 2 | B11: 天津 | C11: 2017 | D11: 7832 | E11: 12589.065 | F11: 18549.19 | G11: 0.42222868 | H11: =(G11-G10)/G10 -> -0.06514922 | I11: 0.33162627 | J11: =(I11-I10)/I10 -> 0.052969385 | K11: 0.67868544 | L11: =(K11-K10)/K10 -> -0.027029909 | M11: 0 | N11: 0 | O11: 1 | P11: 0.83038969 | Q11: 1.3914956 | R11: 1.3944648 | S11: 2.5 | T11: 1.72 | U11: 1.2372014 | V11: 0.79904306 | W11: 0.33505155 | X11: =(P11-MIN(P:P))/(MAX(P:P)-MIN(P:P)) -> 0.30031447 | Y11: {=Q11/MAX(ABS(Q$2:Q$26))} -> 1 | Z11: {=R11/MAX(ABS(R$2:R$26))} -> 1 | AA11: {=S11/MAX(ABS(S$2:S$26))} -> 0.86206897 | AB11: {=T11/MAX(ABS(T$2:T$26))} -> 1 | AC11: {=U11/MAX(ABS(U$2:U$26))} -> 1 | AD11: {=V11/MAX(ABS(V$2:V$26))} -> 1 | AE11: {=W11/MAX(ABS(W$2:W$26))} -> 0.39089347 | AF11: 0.117 | AG11: 0.135 | AH11: 0.18 | AI11: 0.16 | AJ11: 0.65 | AK11: 0.585 | AL11: 1 | AM11: 1 | AN11: 0.64 | AO11: 1 | AP11: =AVERAGE(AK11,AN11) -> 0.6125 | AQ11: =AVERAGE(AL11) -> 1 | AR11: =AVERAGE(AM11,AO11) -> 1 | AS11: {=_xlfn.IFS(AF11>'“主要目标”数据分表'!$C$2,1,AF11='“主要目标”数据分表'!$C$2,0,AF11<'“主要目标”数据分表'!$C$2,-1)} -> -1 | AT11: {=_xlfn.IFS(AG11>'“主要目标”数据分表'!$D$2,1,AG11='“主要目标”数据分表'!$D$2,0,AG11<'“主要目标”数据分表'!$D$2,-1)} -> 0 | AU11: {=_xlfn.IFS(AH11>'“主要目标”数据分表'!$E$2,1,AH11='“主要目标”数据分表'!$E$2,0,AH11<'“主要目标”数据分表'!$E$2,-1)} -> 0 | AV11: {=_xlfn.IFS(AI11>'“主要目标”数据分表'!$F$2,1,AI11='“主要目标”数据分表'!$F$2,0,AI11<'“主要目标”数据分表'!$F$2,-1)} -> -1 | AW11: {=_xlfn.IFS(AJ11>'“主要目标”数据分表'!$G$2,1,AJ11='“主要目标”数据分表'!$G$2,0,AJ11<'“主要目标”数据分表'!$G$2,-1)} -> 0
A12: 2 | B12: 天津 | C12: 2018 | D12: 7973 | E12: 13632.001 | F12: 18809.64 | G12: 0.42387839 | H12: =(G12-G11)/G11 -> 0.0039071594 | I12: 0.34692661 | J12: =(I12-I11)/I11 -> 0.046137301 | K12: 0.7247348 | L12: =(K12-K11)/K11 -> 0.067850805 | M12: 0 | N12: 0 | O12: 1 | P12: 0.83038969 | Q12: 1.3914956 | R12: 1.3944648 | S12: 2.5 | T12: 1.72 | U12: 1.2372014 | V12: 0.79904306 | W12: 0.33505155 | X12: =(P12-MIN(P:P))/(MAX(P:P)-MIN(P:P)) -> 0.30031447 | Y12: {=Q12/MAX(ABS(Q$2:Q$26))} -> 1 | Z12: {=R12/MAX(ABS(R$2:R$26))} -> 1 | AA12: {=S12/MAX(ABS(S$2:S$26))} -> 0.86206897 | AB12: {=T12/MAX(ABS(T$2:T$26))} -> 1 | AC12: {=U12/MAX(ABS(U$2:U$26))} -> 1 | AD12: {=V12/MAX(ABS(V$2:V$26))} -> 1 | AE12: {=W12/MAX(ABS(W$2:W$26))} -> 0.39089347 | AF12: 0.117 | AG12: 0.135 | AH12: 0.18 | AI12: 0.16 | AJ12: 0.65 | AK12: 0.585 | AL12: 1 | AM12: 1 | AN12: 0.64 | AO12: 1 | AP12: =AVERAGE(AK12,AN12) -> 0.6125 | AQ12: =AVERAGE(AL12) -> 1 | AR12: =AVERAGE(AM12,AO12) -> 1 | AS12: {=_xlfn.IFS(AF12>'“主要目标”数据分表'!$C$2,1,AF12='“主要目标”数据分表'!$C$2,0,AF12<'“主要目标”数据分表'!$C$2,-1)} -> -1 | AT12: {=_xlfn.IFS(AG12>'“主要目标”数据分表'!$D$2,1,AG12='“主要目标”数据分表'!$D$2,0,AG12<'“主要目标”数据分表'!$D$2,-1)} -> 0 | AU12: {=_xlfn.IFS(AH12>'“主要目标”数据分表'!$E$2,1,AH12='“主要目标”数据分表'!$E$2,0,AH12<'“主要目标”数据分表'!$E$2,-1)} -> 0 | AV12: {=_xlfn.IFS(AI12>'“主要目标”数据分表'!$F$2,1,AI12='“主要目标”数据分表'!$F$2,0,AI12<'“主要目标”数据分表'!$F$2,-1)} -> -1 | AW12: {=_xlfn.IFS(AJ12>'“主要目标”数据分表'!$G$2,1,AJ12='“主要目标”数据分表'!$G$2,0,AJ12<'“主要目标”数据分表'!$G$2,-1)} -> 0
A13: 2 | B13: 天津 | C13: 2019 | D13: 8241 | E13: 14204.096 | F13: 14104.28 | G13: 0.58429073 | H13: =(G13-G12)/G12 -> 0.37843951 | I13: 0.35395048 | J13: =(I13-I12)/I12 -> 0.020245993 | K13: 1.007077 | L13: =(K13-K12)/K12 -> 0.38958007 | M13: 0 | N13: 0 | O13: 1 | P13: 0.83038969 | Q13: 1.3914956 | R13: 1.3944648 | S13: 2.5 | T13: 1.72 | U13: 1.2372014 | V13: 0.79904306 | W13: 0.33505155 | X13: =(P13-MIN(P:P))/(MAX(P:P)-MIN(P:P)) -> 0.30031447 | Y13: {=Q13/MAX(ABS(Q$2:Q$26))} -> 1 | Z13: {=R13/MAX(ABS(R$2:R$26))} -> 1 | AA13: {=S13/MAX(ABS(S$2:S$26))} -> 0.86206897 | AB13: {=T13/MAX(ABS(T$2:T$26))} -> 1 | AC13: {=U13/MAX(ABS(U$2:U$26))} -> 1 | AD13: {=V13/MAX(ABS(V$2:V$26))} -> 1 | AE13: {=W13/MAX(ABS(W$2:W$26))} -> 0.39089347 | AF13: 0.117 | AG13: 0.135 | AH13: 0.18 | AI13: 0.16 | AJ13: 0.65 | AK13: 0.585 | AL13: 1 | AM13: 1 | AN13: 0.64 | AO13: 1 | AP13: =AVERAGE(AK13,AN13) -> 0.6125 | AQ13: =AVERAGE(AL13) -> 1 | AR13: =AVERAGE(AM13,AO13) -> 1 | AS13: {=_xlfn.IFS(AF13>'“主要目标”数据分表'!$C$2,1,AF13='“主要目标”数据分表'!$C$2,0,AF13<'“主要目标”数据分表'!$C$2,-1)} -> -1 | AT13: {=_xlfn.IFS(AG13>'“主要目标”数据分表'!$D$2,1,AG13='“主要目标”数据分表'!$D$2,0,AG13<'“主要目标”数据分表'!$D$2,-1)} -> 0 | AU13: {=_xlfn.IFS(AH13>'“主要目标”数据分表'!$E$2,1,AH13='“主要目标”数据分表'!$E$2,0,AH13<'“主要目标”数据分表'!$E$2,-1)} -> 0 | AV13: {=_xlfn.IFS(AI13>'“主要目标”数据分表'!$F$2,1,AI13='“主要目标”数据分表'!$F$2,0,AI13<'“主要目标”数据分表'!$F$2,-1)} -> -1 | AW13: {=_xlfn.IFS(AJ13>'“主要目标”数据分表'!$G$2,1,AJ13='“主要目标”数据分表'!$G$2,0,AJ13<'“主要目标”数据分表'!$G$2,-1)} -> 0
A14: 2 | B14: 天津 | C14: 2020 | D14: 8104.6 | E14: 13993.579 | F14: 14083.73 | G14: 0.57545835 | H14: =(G14-G13)/G13 -> -0.01511641 | I14: 0.36016632 | J14: =(I14-I13)/I13 -> 0.017561309 | K14: 0.9935989 | L14: =(K14-K13)/K13 -> -0.013383414 | M14: 0 | N14: 0 | O14: 1 | P14: 0.83038969 | Q14: 1.3914956 | R14: 1.3944648 | S14: 2.5 | T14: 1.72 | U14: 1.2372014 | V14: 0.79904306 | W14: 0.33505155 | X14: =(P14-MIN(P:P))/(MAX(P:P)-MIN(P:P)) -> 0.30031447 | Y14: {=Q14/MAX(ABS(Q$2:Q$26))} -> 1 | Z14: {=R14/MAX(ABS(R$2:R$26))} -> 1 | AA14: {=S14/MAX(ABS(S$2:S$26))} -> 0.86206897 | AB14: {=T14/MAX(ABS(T$2:T$26))} -> 1 | AC14: {=U14/MAX(ABS(U$2:U$26))} -> 1 | AD14: {=V14/MAX(ABS(V$2:V$26))} -> 1 | AE14: {=W14/MAX(ABS(W$2:W$26))} -> 0.39089347 | AF14: 0.117 | AG14: 0.135 | AH14: 0.18 | AI14: 0.16 | AJ14: 0.65 | AK14: 0.585 | AL14: 1 | AM14: 1 | AN14: 0.64 | AO14: 1 | AP14: =AVERAGE(AK14,AN14) -> 0.6125 | AQ14: =AVERAGE(AL14) -> 1 | AR14: =AVERAGE(AM14,AO14) -> 1 | AS14: {=_xlfn.IFS(AF14>'“主要目标”数据分表'!$C$2,1,AF14='“主要目标”数据分表'!$C$2,0,AF14<'“主要目标”数据分表'!$C$2,-1)} -> -1 | AT14: {=_xlfn.IFS(AG14>'“主要目标”数据分表'!$D$2,1,AG14='“主要目标”数据分表'!$D$2,0,AG14<'“主要目标”数据分表'!$D$2,-1)} -> 0 | AU14: {=_xlfn.IFS(AH14>'“主要目标”数据分表'!$E$2,1,AH14='“主要目标”数据分表'!$E$2,0,AH14<'“主要目标”数据分表'!$E$2,-1)} -> 0 | AV14: {=_xlfn.IFS(AI14>'“主要目标”数据分表'!$F$2,1,AI14='“主要目标”数据分表'!$F$2,0,AI14<'“主要目标”数据分表'!$F$2,-1)} -> -1 | AW14: {=_xlfn.IFS(AJ14>'“主要目标”数据分表'!$G$2,1,AJ14='“主要目标”数据分表'!$G$2,0,AJ14<'“主要目标”数据分表'!$G$2,-1)} -> 0
A15: 2 | B15: 天津 | C15: 2021 | D15: 8205.69 | E15: 14483.594 | F15: 15695.046 | G15: 0.52282039 | H15: =(G15-G14)/G14 -> -0.091471357 | I15: 0.35929797 | J15: =(I15-I14)/I14 -> -0.0024109645 | K15: 0.92281311 | L15: =(K15-K14)/K14 -> -0.071241818 | M15: 0 | N15: 0 | O15: 1 | P15: 0.83038969 | Q15: 1.3914956 | R15: 1.3944648 | S15: 2.5 | T15: 1.72 | U15: 1.2372014 | V15: 0.79904306 | W15: 0.33505155 | X15: =(P15-MIN(P:P))/(MAX(P:P)-MIN(P:P)) -> 0.30031447 | Y15: {=Q15/MAX(ABS(Q$2:Q$26))} -> 1 | Z15: {=R15/MAX(ABS(R$2:R$26))} -> 1 | AA15: {=S15/MAX(ABS(S$2:S$26))} -> 0.86206897 | AB15: {=T15/MAX(ABS(T$2:T$26))} -> 1 | AC15: {=U15/MAX(ABS(U$2:U$26))} -> 1 | AD15: {=V15/MAX(ABS(V$2:V$26))} -> 1 | AE15: {=W15/MAX(ABS(W$2:W$26))} -> 0.39089347 | AF15: 0.117 | AG15: 0.135 | AH15: 0.18 | AI15: 0.16 | AJ15: 0.65 | AK15: 0.585 | AL15: 1 | AM15: 1 | AN15: 0.64 | AO15: 1 | AP15: =AVERAGE(AK15,AN15) -> 0.6125 | AQ15: =AVERAGE(AL15) -> 1 | AR15: =AVERAGE(AM15,AO15) -> 1 | AS15: {=_xlfn.IFS(AF15>'“主要目标”数据分表'!$C$2,1,AF15='“主要目标”数据分表'!$C$2,0,AF15<'“主要目标”数据分表'!$C$2,-1)} -> -1 | AT15: {=_xlfn.IFS(AG15>'“主要目标”数据分表'!$D$2,1,AG15='“主要目标”数据分表'!$D$2,0,AG15<'“主要目标”数据分表'!$D$2,-1)} -> 0 | AU15: {=_xlfn.IFS(AH15>'“主要目标”数据分表'!$E$2,1,AH15='“主要目标”数据分表'!$E$2,0,AH15<'“主要目标”数据分表'!$E$2,-1)} -> 0 | AV15: {=_xlfn.IFS(AI15>'“主要目标”数据分表'!$F$2,1,AI15='“主要目标”数据分表'!$F$2,0,AI15<'“主要目标”数据分表'!$F$2,-1)} -> -1 | AW15: {=_xlfn.IFS(AJ15>'“主要目标”数据分表'!$G$2,1,AJ15='“主要目标”数据分表'!$G$2,0,AJ15<'“主要目标”数据分表'!$G$2,-1)} -> 0
A16: 2 | B16: 天津 | C16: 2022 | D16: 8121.77 | E16: 14301.85 | F16: 16311.3 | G16: 0.49792291 | H16: =(G16-G15)/G15 -> -0.047621478 | I16: 0.39162797 | J16: =(I16-I15)/I15 -> 0.089981019 | K16: 0.87680625 | L16: =(K16-K15)/K15 -> -0.049855008 | M16: 1 | N16: 0 | O16: 1 | P16: 0.83038969 | Q16: 1.3914956 | R16: 1.3944648 | S16: 2.5 | T16: 1.72 | U16: 1.2372014 | V16: 0.79904306 | W16: 0.33505155 | X16: =(P16-MIN(P:P))/(MAX(P:P)-MIN(P:P)) -> 0.30031447 | Y16: {=Q16/MAX(ABS(Q$2:Q$26))} -> 1 | Z16: {=R16/MAX(ABS(R$2:R$26))} -> 1 | AA16: {=S16/MAX(ABS(S$2:S$26))} -> 0.86206897 | AB16: {=T16/MAX(ABS(T$2:T$26))} -> 1 | AC16: {=U16/MAX(ABS(U$2:U$26))} -> 1 | AD16: {=V16/MAX(ABS(V$2:V$26))} -> 1 | AE16: {=W16/MAX(ABS(W$2:W$26))} -> 0.39089347 | AF16: 0.117 | AG16: 0.135 | AH16: 0.18 | AI16: 0.16 | AJ16: 0.65 | AK16: 0.585 | AL16: 1 | AM16: 1 | AN16: 0.64 | AO16: 1 | AP16: =AVERAGE(AK16,AN16) -> 0.6125 | AQ16: =AVERAGE(AL16) -> 1 | AR16: =AVERAGE(AM16,AO16) -> 1 | AS16: {=_xlfn.IFS(AF16>'“主要目标”数据分表'!$C$2,1,AF16='“主要目标”数据分表'!$C$2,0,AF16<'“主要目标”数据分表'!$C$2,-1)} -> -1 | AT16: {=_xlfn.IFS(AG16>'“主要目标”数据分表'!$D$2,1,AG16='“主要目标”数据分表'!$D$2,0,AG16<'“主要目标”数据分表'!$D$2,-1)} -> 0 | AU16: {=_xlfn.IFS(AH16>'“主要目标”数据分表'!$E$2,1,AH16='“主要目标”数据分表'!$E$2,0,AH16<'“主要目标”数据分表'!$E$2,-1)} -> 0 | AV16: {=_xlfn.IFS(AI16>'“主要目标”数据分表'!$F$2,1,AI16='“主要目标”数据分表'!$F$2,0,AI16<'“主要目标”数据分表'!$F$2,-1)} -> -1 | AW16: {=_xlfn.IFS(AJ16>'“主要目标”数据分表'!$G$2,1,AJ16='“主要目标”数据分表'!$G$2,0,AJ16<'“主要目标”数据分表'!$G$2,-1)} -> 0
A17: 2 | B17: 天津 | C17: 2023 | D17: 8493.12 | E17: 15167.833 | F17: 16737.3 | G17: 0.50743668 | H17: =(G17-G16)/G16 -> 0.019106915 | K17: 0.90622935 | L17: =(K17-K16)/K16 -> 0.033557127 | M17: 1 | N17: 1 | O17: 1 | P17: 0.83038969 | Q17: 1.3914956 | R17: 1.3944648 | S17: 2.5 | T17: 1.72 | U17: 1.2372014 | V17: 0.79904306 | W17: 0.33505155 | X17: =(P17-MIN(P:P))/(MAX(P:P)-MIN(P:P)) -> 0.30031447 | Y17: {=Q17/MAX(ABS(Q$2:Q$26))} -> 1 | Z17: {=R17/MAX(ABS(R$2:R$26))} -> 1 | AA17: {=S17/MAX(ABS(S$2:S$26))} -> 0.86206897 | AB17: {=T17/MAX(ABS(T$2:T$26))} -> 1 | AC17: {=U17/MAX(ABS(U$2:U$26))} -> 1 | AD17: {=V17/MAX(ABS(V$2:V$26))} -> 1 | AE17: {=W17/MAX(ABS(W$2:W$26))} -> 0.39089347 | AF17: 0.117 | AG17: 0.135 | AH17: 0.18 | AI17: 0.16 | AJ17: 0.65 | AK17: 0.585 | AL17: 1 | AM17: 1 | AN17: 0.64 | AO17: 1 | AP17: =AVERAGE(AK17,AN17) -> 0.6125 | AQ17: =AVERAGE(AL17) -> 1 | AR17: =AVERAGE(AM17,AO17) -> 1 | AS17: {=_xlfn.IFS(AF17>'“主要目标”数据分表'!$C$2,1,AF17='“主要目标”数据分表'!$C$2,0,AF17<'“主要目标”数据分表'!$C$2,-1)} -> -1 | AT17: {=_xlfn.IFS(AG17>'“主要目标”数据分表'!$D$2,1,AG17='“主要目标”数据分表'!$D$2,0,AG17<'“主要目标”数据分表'!$D$2,-1)} -> 0 | AU17: {=_xlfn.IFS(AH17>'“主要目标”数据分表'!$E$2,1,AH17='“主要目标”数据分表'!$E$2,0,AH17<'“主要目标”数据分表'!$E$2,-1)} -> 0 | AV17: {=_xlfn.IFS(AI17>'“主要目标”数据分表'!$F$2,1,AI17='“主要目标”数据分表'!$F$2,0,AI17<'“主要目标”数据分表'!$F$2,-1)} -> -1 | AW17: {=_xlfn.IFS(AJ17>'“主要目标”数据分表'!$G$2,1,AJ17='“主要目标”数据分表'!$G$2,0,AJ17<'“主要目标”数据分表'!$G$2,-1)} -> 0
A18: 3 | B18: 河北 | C18: 2016 | D18: 31458 | E18: 74877.961 | F18: 32070.45 | G18: 0.98090298 | I18: 0.22307135 | K18: 2.3347961 | M18: 0 | N18: 0 | O18: 1 | P18: 0.86522324 | Q18: 0.032258065 | R18: -0.22026952 | S18: 1.3 | T18: -0.16 | U18: -0.03514377 | V18: -0.052 | W18: -0.1294964 | X18: 0.44401167 | Y18: 0.023182297 | Z18: -0.1579599 | AA18: 0.37142857 | AB18: -0.093023256 | AC18: -0.028405861 | AD18: -0.055590793 | AE18: -0.15107914 | AF18: 0.13 | AG18: 0.135 | AH18: 0.18 | AI18: 0.19 | AJ18: 0.65 | AK18: 0.65 | AL18: 1 | AM18: 1 | AN18: 0.76 | AO18: 1 | AP18: =AVERAGE(AK18,AN18) -> 0.705 | AQ18: =AVERAGE(AL18) -> 1 | AR18: =AVERAGE(AM18,AO18) -> 1 | AS18: {=_xlfn.IFS(AF18>'“主要目标”数据分表'!$C$2,1,AF18='“主要目标”数据分表'!$C$2,0,AF18<'“主要目标”数据分表'!$C$2,-1)} -> -1 | AT18: {=_xlfn.IFS(AG18>'“主要目标”数据分表'!$D$2,1,AG18='“主要目标”数据分表'!$D$2,0,AG18<'“主要目标”数据分表'!$D$2,-1)} -> 0 | AU18: {=_xlfn.IFS(AH18>'“主要目标”数据分表'!$E$2,1,AH18='“主要目标”数据分表'!$E$2,0,AH18<'“主要目标”数据分表'!$E$2,-1)} -> 0 | AV18: {=_xlfn.IFS(AI18>'“主要目标”数据分表'!$F$2,1,AI18='“主要目标”数据分表'!$F$2,0,AI18<'“主要目标”数据分表'!$F$2,-1)} -> -1 | AW18: {=_xlfn.IFS(AJ18>'“主要目标”数据分表'!$G$2,1,AJ18='“主要目标”数据分表'!$G$2,0,AJ18<'“主要目标”数据分表'!$G$2,-1)} -> 0
A19: 3 | B19: 河北 | C19: 2017 | D19: 32083 | E19: 75443.372 | F19: 34016.32 | G19: 0.94316493 | H19: =(G19-G18)/G18 -> -0.038472768 | I19: 0.24563241 | J19: =(I19-I18)/I18 -> 0.1011383 | K19: 2.2178581 | L19: =(K19-K18)/K18 -> -0.050084873 | M19: 0 | N19: 0 | O19: 1 | P19: 0.86522324 | Q19: 0.032258065 | R19: -0.22026952 | S19: 1.3 | T19: -0.16 | U19: -0.03514377 | V19: -0.052 | W19: -0.1294964 | X19: 0.44401167 | Y19: 0.023182297 | Z19: -0.1579599 | AA19: 0.37142857 | AB19: -0.093023256 | AC19: -0.028405861 | AD19: -0.055590793 | AE19: -0.15107914 | AF19: 0.13 | AG19: 0.135 | AH19: 0.18 | AI19: 0.19 | AJ19: 0.65 | AK19: 0.65 | AL19: 1 | AM19: 1 | AN19: 0.76 | AO19: 1 | AP19: =AVERAGE(AK19,AN19) -> 0.705 | AQ19: =AVERAGE(AL19) -> 1 | AR19: =AVERAGE(AM19,AO19) -> 1 | AS19: {=_xlfn.IFS(AF19>'“主要目标”数据分表'!$C$2,1,AF19='“主要目标”数据分表'!$C$2,0,AF19<'“主要目标”数据分表'!$C$2,-1)} -> -1 | AT19: {=_xlfn.IFS(AG19>'“主要目标”数据分表'!$D$2,1,AG19='“主要目标”数据分表'!$D$2,0,AG19<'“主要目标”数据分表'!$D$2,-1)} -> 0 | AU19: {=_xlfn.IFS(AH19>'“主要目标”数据分表'!$E$2,1,AH19='“主要目标”数据分表'!$E$2,0,AH19<'“主要目标”数据分表'!$E$2,-1)} -> 0 | AV19: {=_xlfn.IFS(AI19>'“主要目标”数据分表'!$F$2,1,AI19='“主要目标”数据分表'!$F$2,0,AI19<'“主要目标”数据分表'!$F$2,-1)} -> -1 | AW19: {=_xlfn.IFS(AJ19>'“主要目标”数据分表'!$G$2,1,AJ19='“主要目标”数据分表'!$G$2,0,AJ19<'“主要目标”数据分表'!$G$2,-1)} -> 0
A20: 3 | B20: 河北 | C20: 2018 | D20: 32185 | E20: 79620.28 | F20: 36010.27 | G20: 0.8937728 | H20: =(G20-G19)/G19 -> -0.052368491 | I20: 0.28301301 | J20: =(I20-I19)/I19 -> 0.15218106 | K20: 2.2110437 | L20: =(K20-K19)/K19 -> -0.0030725317 | M20: 0 | N20: 0 | O20: 1 | P20: 0.86522324 | Q20: 0.032258065 | R20: -0.22026952 | S20: 1.3 | T20: -0.16 | U20: -0.03514377 | V20: -0.052 | W20: -0.1294964 | X20: 0.44401167 | Y20: 0.023182297 | Z20: -0.1579599 | AA20: 0.37142857 | AB20: -0.093023256 | AC20: -0.028405861 | AD20: -0.055590793 | AE20: -0.15107914 | AF20: 0.13 | AG20: 0.135 | AH20: 0.18 | AI20: 0.19 | AJ20: 0.65 | AK20: 0.65 | AL20: 1 | AM20: 1 | AN20: 0.76 | AO20: 1 | AP20: =AVERAGE(AK20,AN20) -> 0.705 | AQ20: =AVERAGE(AL20) -> 1 | AR20: =AVERAGE(AM20,AO20) -> 1 | AS20: {=_xlfn.IFS(AF20>'“主要目标”数据分表'!$C$2,1,AF20='“主要目标”数据分表'!$C$2,0,AF20<'“主要目标”数据分表'!$C$2,-1)} -> -1 | AT20: {=_xlfn.IFS(AG20>'“主要目标”数据分表'!$D$2,1,AG20='“主要目标”数据分表'!$D$2,0,AG20<'“主要目标”数据分表'!$D$2,-1)} -> 0 | AU20: {=_xlfn.IFS(AH20>'“主要目标”数据分表'!$E$2,1,AH20='“主要目标”数据分表'!$E$2,0,AH20<'“主要目标”数据分表'!$E$2,-1)} -> 0 | AV20: {=_xlfn.IFS(AI20>'“主要目标”数据分表'!$F$2,1,AI20='“主要目标”数据分表'!$F$2,0,AI20<'“主要目标”数据分表'!$F$2,-1)} -> -1 | AW20: {=_xlfn.IFS(AJ20>'“主要目标”数据分表'!$G$2,1,AJ20='“主要目标”数据分表'!$G$2,0,AJ20<'“主要目标”数据分表'!$G$2,-1)} -> 0
A21: 3 | B21: 河北 | C21: 2019 | D21: 32545 | E21: 82819.72 | F21: 35104.52 | G21: 0.92708859 | H21: =(G21-G20)/G20 -> 0.037275454 | I21: 0.26492564 | J21: =(I21-I20)/I20 -> -0.063910033 | K21: 2.3592324 | L21: =(K21-K20)/K20 -> 0.067022053 | M21: 0 | N21: 0 | O21: 1 | P21: 0.86522324 | Q21: 0.032258065 | R21: -0.22026952 | S21: 1.3 | T21: -0.16 | U21: -0.03514377 | V21: -0.052 | W21: -0.1294964 | X21: 0.44401167 | Y21: 0.023182297 | Z21: -0.1579599 | AA21: 0.37142857 | AB21: -0.093023256 | AC21: -0.028405861 | AD21: -0.055590793 | AE21: -0.15107914 | AF21: 0.13 | AG21: 0.135 | AH21: 0.18 | AI21: 0.19 | AJ21: 0.65 | AK21: 0.65 | AL21: 1 | AM21: 1 | AN21: 0.76 | AO21: 1 | AP21: =AVERAGE(AK21,AN21) -> 0.705 | AQ21: =AVERAGE(AL21) -> 1 | AR21: =AVERAGE(AM21,AO21) -> 1 | AS21: {=_xlfn.IFS(AF21>'“主要目标”数据分表'!$C$2,1,AF21='“主要目标”数据分表'!$C$2,0,AF21<'“主要目标”数据分表'!$C$2,-1)} -> -1 | AT21: {=_xlfn.IFS(AG21>'“主要目标”数据分表'!$D$2,1,AG21='“主要目标”数据分表'!$D$2,0,AG21<'“主要目标”数据分表'!$D$2,-1)} -> 0 | AU21: {=_xlfn.IFS(AH21>'“主要目标”数据分表'!$E$2,1,AH21='“主要目标”数据分表'!$E$2,0,AH21<'“主要目标”数据分表'!$E$2,-1)} -> 0 | AV21: {=_xlfn.IFS(AI21>'“主要目标”数据分表'!$F$2,1,AI21='“主要目标”数据分表'!$F$2,0,AI21<'“主要目标”数据分表'!$F$2,-1)} -> -1 | AW21: {=_xlfn.IFS(AJ21>'“主要目标”数据分表'!$G$2,1,AJ21='“主要目标”数据分表'!$G$2,0,AJ21<'“主要目标”数据分表'!$G$2,-1)} -> 0
A22: 3 | B22: 河北 | C22: 2020 | D22: 32782.76 | E22: 82674.329 | F22: 36206.89 | G22: 0.90542877 | H22: =(G22-G21)/G21 -> -0.023363267 | I22: 0.27888529 | J22: =(I22-I21)/I21 -> 0.052692731 | K22: 2.2833866 | L22: =(K22-K21)/K21 -> -0.03214848 | M22: 0 | N22: 0 | O22: 1 | P22: 0.86522324 | Q22: 0.032258065 | R22: -0.22026952 | S22: 1.3 | T22: -0.16 | U22: -0.03514377 | V22: -0.052 | W22: -0.1294964 | X22: 0.44401167 | Y22: 0.023182297 | Z22: -0.1579599 | AA22: 0.37142857 | AB22: -0.093023256 | AC22: -0.028405861 | AD22: -0.055590793 | AE22: -0.15107914 | AF22: 0.13 | AG22: 0.135 | AH22: 0.18 | AI22: 0.19 | AJ22: 0.65 | AK22: 0.65 | AL22: 1 | AM22: 1 | AN22: 0.76 | AO22: 1 | AP22: =AVERAGE(AK22,AN22) -> 0.705 | AQ22: =AVERAGE(AL22) -> 1 | AR22: =AVERAGE(AM22,AO22) -> 1 | AS22: {=_xlfn.IFS(AF22>'“主要目标”数据分表'!$C$2,1,AF22='“主要目标”数据分表'!$C$2,0,AF22<'“主要目标”数据分表'!$C$2,-1)} -> -1 | AT22: {=_xlfn.IFS(AG22>'“主要目标”数据分表'!$D$2,1,AG22='“主要目标”数据分表'!$D$2,0,AG22<'“主要目标”数据分表'!$D$2,-1)} -> 0 | AU22: {=_xlfn.IFS(AH22>'“主要目标”数据分表'!$E$2,1,AH22='“主要目标”数据分表'!$E$2,0,AH22<'“主要目标”数据分表'!$E$2,-1)} -> 0 | AV22: {=_xlfn.IFS(AI22>'“主要目标”数据分表'!$F$2,1,AI22='“主要目标”数据分表'!$F$2,0,AI22<'“主要目标”数据分表'!$F$2,-1)} -> -1 | AW22: {=_xlfn.IFS(AJ22>'“主要目标”数据分表'!$G$2,1,AJ22='“主要目标”数据分表'!$G$2,0,AJ22<'“主要目标”数据分表'!$G$2,-1)} -> 0
A23: 3 | B23: 河北 | C23: 2021 | D23: 33085.852 | E23: 82061.505 | F23: 40391.27 | G23: 0.81913373 | H23: =(G23-G22)/G22 -> -0.095308486 | I23: 0.31943668 | J23: =(I23-I22)/I22 -> 0.14540525 | K23: 2.0316644 | L23: =(K23-K22)/K22 -> -0.11024075 | M23: 0 | N23: 0 | O23: 1 | P23: 0.86522324 | Q23: 0.032258065 | R23: -0.22026952 | S23: 1.3 | T23: -0.16 | U23: -0.03514377 | V23: -0.052 | W23: -0.1294964 | X23: 0.44401167 | Y23: 0.023182297 | Z23: -0.1579599 | AA23: 0.37142857 | AB23: -0.093023256 | AC23: -0.028405861 | AD23: -0.055590793 | AE23: -0.15107914 | AF23: 0.13 | AG23: 0.135 | AH23: 0.18 | AI23: 0.19 | AJ23: 0.65 | AK23: 0.65 | AL23: 1 | AM23: 1 | AN23: 0.76 | AO23: 1 | AP23: =AVERAGE(AK23,AN23) -> 0.705 | AQ23: =AVERAGE(AL23) -> 1 | AR23: =AVERAGE(AM23,AO23) -> 1 | AS23: {=_xlfn.IFS(AF23>'“主要目标”数据分表'!$C$2,1,AF23='“主要目标”数据分表'!$C$2,0,AF23<'“主要目标”数据分表'!$C$2,-1)} -> -1 | AT23: {=_xlfn.IFS(AG23>'“主要目标”数据分表'!$D$2,1,AG23='“主要目标”数据分表'!$D$2,0,AG23<'“主要目标”数据分表'!$D$2,-1)} -> 0 | AU23: {=_xlfn.IFS(AH23>'“主要目标”数据分表'!$E$2,1,AH23='“主要目标”数据分表'!$E$2,0,AH23<'“主要目标”数据分表'!$E$2,-1)} -> 0 | AV23: {=_xlfn.IFS(AI23>'“主要目标”数据分表'!$F$2,1,AI23='“主要目标”数据分表'!$F$2,0,AI23<'“主要目标”数据分表'!$F$2,-1)} -> -1 | AW23: {=_xlfn.IFS(AJ23>'“主要目标”数据分表'!$G$2,1,AJ23='“主要目标”数据分表'!$G$2,0,AJ23<'“主要目标”数据分表'!$G$2,-1)} -> 0
A24: 3 | B24: 河北 | C24: 2022 | D24: 32538.48 | E24: 78668.402 | F24: 42370.4 | G24: 0.7679531 | H24: =(G24-G23)/G23 -> -0.062481408 | I24: 0.32134809 | J24: =(I24-I23)/I23 -> 0.0059836922 | K24: 1.856683 | L24: =(K24-K23)/K23 -> -0.086127107 | M24: 1 | N24: 0 | O24: 1 | P24: 0.86522324 | Q24: 0.032258065 | R24: -0.22026952 | S24: 1.3 | T24: -0.16 | U24: -0.03514377 | V24: -0.052 | W24: -0.1294964 | X24: 0.44401167 | Y24: 0.023182297 | Z24: -0.1579599 | AA24: 0.37142857 | AB24: -0.093023256 | AC24: -0.028405861 | AD24: -0.055590793 | AE24: -0.15107914 | AF24: 0.13 | AG24: 0.135 | AH24: 0.18 | AI24: 0.19 | AJ24: 0.65 | AK24: 0.65 | AL24: 1 | AM24: 1 | AN24: 0.76 | AO24: 1 | AP24: =AVERAGE(AK24,AN24) -> 0.705 | AQ24: =AVERAGE(AL24) -> 1 | AR24: =AVERAGE(AM24,AO24) -> 1 | AS24: {=_xlfn.IFS(AF24>'“主要目标”数据分表'!$C$2,1,AF24='“主要目标”数据分表'!$C$2,0,AF24<'“主要目标”数据分表'!$C$2,-1)} -> -1 | AT24: {=_xlfn.IFS(AG24>'“主要目标”数据分表'!$D$2,1,AG24='“主要目标”数据分表'!$D$2,0,AG24<'“主要目标”数据分表'!$D$2,-1)} -> 0 | AU24: {=_xlfn.IFS(AH24>'“主要目标”数据分表'!$E$2,1,AH24='“主要目标”数据分表'!$E$2,0,AH24<'“主要目标”数据分表'!$E$2,-1)} -> 0 | AV24: {=_xlfn.IFS(AI24>'“主要目标”数据分表'!$F$2,1,AI24='“主要目标”数据分表'!$F$2,0,AI24<'“主要目标”数据分表'!$F$2,-1)} -> -1 | AW24: {=_xlfn.IFS(AJ24>'“主要目标”数据分表'!$G$2,1,AJ24='“主要目标”数据分表'!$G$2,0,AJ24<'“主要目标”数据分表'!$G$2,-1)} -> 0
A25: 3 | B25: 河北 | C25: 2023 | D25: 33615.32 | E25: 81030.319 | F25: 43944.1 | G25: 0.76495639 | H25: =(G25-G24)/G24 -> -0.0039022065 | K25: 1.8439408 | L25: =(K25-K24)/K24 -> -0.0068628902 | M25: 1 | N25: 1 | O25: 1 | P25: 0.86522324 | Q25: 0.032258065 | R25: -0.22026952 | S25: 1.3 | T25: -0.16 | U25: -0.03514377 | V25: -0.052 | W25: -0.1294964 | X25: 0.44401167 | Y25: 0.023182297 | Z25: -0.1579599 | AA25: 0.37142857 | AB25: -0.093023256 | AC25: -0.028405861 | AD25: -0.055590793 | AE25: -0.15107914 | AF25: 0.13 | AG25: 0.135 | AH25: 0.18 | AI25: 0.19 | AJ25: 0.65 | AK25: 0.65 | AL25: 1 | AM25: 1 | AN25: 0.76 | AO25: 1 | AP25: =AVERAGE(AK25,AN25) -> 0.705 | AQ25: =AVERAGE(AL25) -> 1 | AR25: =AVERAGE(AM25,AO25) -> 1 | AS25: {=_xlfn.IFS(AF25>'“主要目标”数据分表'!$C$2,1,AF25='“主要目标”数据分表'!$C$2,0,AF25<'“主要目标”数据分表'!$C$2,-1)} -> -1 | AT25: {=_xlfn.IFS(AG25>'“主要目标”数据分表'!$D$2,1,AG25='“主要目标”数据分表'!$D$2,0,AG25<'“主要目标”数据分表'!$D$2,-1)} -> 0 | AU25: {=_xlfn.IFS(AH25>'“主要目标”数据分表'!$E$2,1,AH25='“主要目标”数据分表'!$E$2,0,AH25<'“主要目标”数据分表'!$E$2,-1)} -> 0 | AV25: {=_xlfn.IFS(AI25>'“主要目标”数据分表'!$F$2,1,AI25='“主要目标”数据分表'!$F$2,0,AI25<'“主要目标”数据分表'!$F$2,-1)} -> -1 | AW25: {=_xlfn.IFS(AJ25>'“主要目标”数据分表'!$G$2,1,AJ25='“主要目标”数据分表'!$G$2,0,AJ25<'“主要目标”数据分表'!$G$2,-1)} -> 0
A26: 4 | B26: 山西 | C26: 2016 | D26: 18974 | E26: 50115.142 | F26: 13050.41 | G26: 1.4539007 | I26: 0.24061153 | K26: 3.8401201 | M26: 0 | N26: 0 | O26: 1 | P26: 0.83606886 | Q26: 0.81818182 | R26: 0.63020121 | S26: 2.9 | T26: 0.82 | U26: 0.47260274 | V26: 0.39013453 | W26: 0.091743119 | X26: 0.32374247 | Y26: 0.58798736 | Z26: 0.45193052 | AA26: 0.82857143 | AB26: 0.47674419 | AC26: 0.38199339 | AD26: 0.41707477 | AE26: 0.10703364 | AF26: 0.12 | AG26: 0.135 | AH26: 0.18 | AI26: 0.18 | AJ26: 0.65 | AK26: 0.6 | AL26: 1 | AM26: 1 | AN26: 0.72 | AO26: 1 | AP26: =AVERAGE(AK26,AN26) -> 0.66 | AQ26: =AVERAGE(AL26) -> 1 | AR26: =AVERAGE(AM26,AO26) -> 1 | AS26: {=_xlfn.IFS(AF26>'“主要目标”数据分表'!$C$2,1,AF26='“主要目标”数据分表'!$C$2,0,AF26<'“主要目标”数据分表'!$C$2,-1)} -> -1 | AT26: {=_xlfn.IFS(AG26>'“主要目标”数据分表'!$D$2,1,AG26='“主要目标”数据分表'!$D$2,0,AG26<'“主要目标”数据分表'!$D$2,-1)} -> 0 | AU26: {=_xlfn.IFS(AH26>'“主要目标”数据分表'!$E$2,1,AH26='“主要目标”数据分表'!$E$2,0,AH26<'“主要目标”数据分表'!$E$2,-1)} -> 0 | AV26: {=_xlfn.IFS(AI26>'“主要目标”数据分表'!$F$2,1,AI26='“主要目标”数据分表'!$F$2,0,AI26<'“主要目标”数据分表'!$F$2,-1)} -> -1 | AW26: {=_xlfn.IFS(AJ26>'“主要目标”数据分表'!$G$2,1,AJ26='“主要目标”数据分表'!$G$2,0,AJ26<'“主要目标”数据分表'!$G$2,-1)} -> 0
A27: 4 | B27: 山西 | C27: 2017 | D27: 19581 | E27: 50653.639 | F27: 15528.42 | G27: 1.2609783 | H27: =(G27-G26)/G26 -> -0.13269299 | I27: 0.26312939 | J27: =(I27-I26)/I26 -> 0.093585968 | K27: 3.2619957 | L27: =(K27-K26)/K26 -> -0.15054853 | M27: 0 | N27: 0 | O27: 1 | P27: 0.83606886 | Q27: 0.81818182 | R27: 0.63020121 | S27: 2.9 | T27: 0.82 | U27: 0.47260274 | V27: 0.39013453 | W27: 0.091743119 | X27: 0.32374247 | Y27: 0.58798736 | Z27: 0.45193052 | AA27: 0.82857143 | AB27: 0.47674419 | AC27: 0.38199339 | AD27: 0.41707477 | AE27: 0.10703364 | AF27: 0.12 | AG27: 0.135 | AH27: 0.18 | AI27: 0.18 | AJ27: 0.65 | AK27: 0.6 | AL27: 1 | AM27: 1 | AN27: 0.72 | AO27: 1 | AP27: =AVERAGE(AK27,AN27) -> 0.66 | AQ27: =AVERAGE(AL27) -> 1 | AR27: =AVERAGE(AM27,AO27) -> 1 | AS27: {=_xlfn.IFS(AF27>'“主要目标”数据分表'!$C$2,1,AF27='“主要目标”数据分表'!$C$2,0,AF27<'“主要目标”数据分表'!$C$2,-1)} -> -1 | AT27: {=_xlfn.IFS(AG27>'“主要目标”数据分表'!$D$2,1,AG27='“主要目标”数据分表'!$D$2,0,AG27<'“主要目标”数据分表'!$D$2,-1)} -> 0 | AU27: {=_xlfn.IFS(AH27>'“主要目标”数据分表'!$E$2,1,AH27='“主要目标”数据分表'!$E$2,0,AH27<'“主要目标”数据分表'!$E$2,-1)} -> 0 | AV27: {=_xlfn.IFS(AI27>'“主要目标”数据分表'!$F$2,1,AI27='“主要目标”数据分表'!$F$2,0,AI27<'“主要目标”数据分表'!$F$2,-1)} -> -1 | AW27: {=_xlfn.IFS(AJ27>'“主要目标”数据分表'!$G$2,1,AJ27='“主要目标”数据分表'!$G$2,0,AJ27<'“主要目标”数据分表'!$G$2,-1)} -> 0
A28: 4 | B28: 山西 | C28: 2018 | D28: 20199 | E28: 52257.304 | F28: 16818.11 | G28: 1.2010268 | H28: =(G28-G27)/G27 -> -0.047543649 | I28: 0.29171652 | J28: =(I28-I27)/I27 -> 0.10864285 | K28: 3.1072043 | L28: =(K28-K27)/K27 -> -0.047452958 | M28: 0 | N28: 0 | O28: 1 | P28: 0.83606886 | Q28: 0.81818182 | R28: 0.63020121 | S28: 2.9 | T28: 0.82 | U28: 0.47260274 | V28: 0.39013453 | W28: 0.091743119 | X28: 0.32374247 | Y28: 0.58798736 | Z28: 0.45193052 | AA28: 0.82857143 | AB28: 0.47674419 | AC28: 0.38199339 | AD28: 0.41707477 | AE28: 0.10703364 | AF28: 0.12 | AG28: 0.135 | AH28: 0.18 | AI28: 0.18 | AJ28: 0.65 | AK28: 0.6 | AL28: 1 | AM28: 1 | AN28: 0.72 | AO28: 1 | AP28: =AVERAGE(AK28,AN28) -> 0.66 | AQ28: =AVERAGE(AL28) -> 1 | AR28: =AVERAGE(AM28,AO28) -> 1 | AS28: {=_xlfn.IFS(AF28>'“主要目标”数据分表'!$C$2,1,AF28='“主要目标”数据分表'!$C$2,0,AF28<'“主要目标”数据分表'!$C$2,-1)} -> -1 | AT28: {=_xlfn.IFS(AG28>'“主要目标”数据分表'!$D$2,1,AG28='“主要目标”数据分表'!$D$2,0,AG28<'“主要目标”数据分表'!$D$2,-1)} -> 0 | AU28: {=_xlfn.IFS(AH28>'“主要目标”数据分表'!$E$2,1,AH28='“主要目标”数据分表'!$E$2,0,AH28<'“主要目标”数据分表'!$E$2,-1)} -> 0 | AV28: {=_xlfn.IFS(AI28>'“主要目标”数据分表'!$F$2,1,AI28='“主要目标”数据分表'!$F$2,0,AI28<'“主要目标”数据分表'!$F$2,-1)} -> -1 | AW28: {=_xlfn.IFS(AJ28>'“主要目标”数据分表'!$G$2,1,AJ28='“主要目标”数据分表'!$G$2,0,AJ28<'“主要目标”数据分表'!$G$2,-1)} -> 0
A29: 4 | B29: 山西 | C29: 2019 | D29: 20859 | E29: 52940.152 | F29: 17026.68 | G29: 1.2250773 | H29: =(G29-G28)/G28 -> 0.020025032 | I29: 0.29011884 | J29: =(I29-I28)/I28 -> -0.0054768283 | K29: 3.1092469 | L29: =(K29-K28)/K28 -> 0.0006573652 | M29: 0 | N29: 0 | O29: 1 | P29: 0.83606886 | Q29: 0.81818182 | R29: 0.63020121 | S29: 2.9 | T29: 0.82 | U29: 0.47260274 | V29: 0.39013453 | W29: 0.091743119 | X29: 0.32374247 | Y29: 0.58798736 | Z29: 0.45193052 | AA29: 0.82857143 | AB29: 0.47674419 | AC29: 0.38199339 | AD29: 0.41707477 | AE29: 0.10703364 | AF29: 0.12 | AG29: 0.135 | AH29: 0.18 | AI29: 0.18 | AJ29: 0.65 | AK29: 0.6 | AL29: 1 | AM29: 1 | AN29: 0.72 | AO29: 1 | AP29: =AVERAGE(AK29,AN29) -> 0.66 | AQ29: =AVERAGE(AL29) -> 1 | AR29: =AVERAGE(AM29,AO29) -> 1 | AS29: {=_xlfn.IFS(AF29>'“主要目标”数据分表'!$C$2,1,AF29='“主要目标”数据分表'!$C$2,0,AF29<'“主要目标”数据分表'!$C$2,-1)} -> -1 | AT29: {=_xlfn.IFS(AG29>'“主要目标”数据分表'!$D$2,1,AG29='“主要目标”数据分表'!$D$2,0,AG29<'“主要目标”数据分表'!$D$2,-1)} -> 0 | AU29: {=_xlfn.IFS(AH29>'“主要目标”数据分表'!$E$2,1,AH29='“主要目标”数据分表'!$E$2,0,AH29<'“主要目标”数据分表'!$E$2,-1)} -> 0 | AV29: {=_xlfn.IFS(AI29>'“主要目标”数据分表'!$F$2,1,AI29='“主要目标”数据分表'!$F$2,0,AI29<'“主要目标”数据分表'!$F$2,-1)} -> -1 | AW29: {=_xlfn.IFS(AJ29>'“主要目标”数据分表'!$G$2,1,AJ29='“主要目标”数据分表'!$G$2,0,AJ29<'“主要目标”数据分表'!$G$2,-1)} -> 0
A30: 4 | B30: 山西 | C30: 2020 | D30: 20980.55 | E30: 53023.822 | F30: 17651.93 | G30: 1.1885697 | H30: =(G30-G29)/G29 -> -0.029800241 | I30: 0.30115491 | J30: =(I30-I29)/I29 -> 0.038039843 | K30: 3.0038541 | L30: =(K30-K29)/K29 -> -0.033896568 | M30: 0 | N30: 0 | O30: 1 | P30: 0.83606886 | Q30: 0.81818182 | R30: 0.63020121 | S30: 2.9 | T30: 0.82 | U30: 0.47260274 | V30: 0.39013453 | W30: 0.091743119 | X30: 0.32374247 | Y30: 0.58798736 | Z30: 0.45193052 | AA30: 0.82857143 | AB30: 0.47674419 | AC30: 0.38199339 | AD30: 0.41707477 | AE30: 0.10703364 | AF30: 0.12 | AG30: 0.135 | AH30: 0.18 | AI30: 0.18 | AJ30: 0.65 | AK30: 0.6 | AL30: 1 | AM30: 1 | AN30: 0.72 | AO30: 1 | AP30: =AVERAGE(AK30,AN30) -> 0.66 | AQ30: =AVERAGE(AL30) -> 1 | AR30: =AVERAGE(AM30,AO30) -> 1 | AS30: {=_xlfn.IFS(AF30>'“主要目标”数据分表'!$C$2,1,AF30='“主要目标”数据分表'!$C$2,0,AF30<'“主要目标”数据分表'!$C$2,-1)} -> -1 | AT30: {=_xlfn.IFS(AG30>'“主要目标”数据分表'!$D$2,1,AG30='“主要目标”数据分表'!$D$2,0,AG30<'“主要目标”数据分表'!$D$2,-1)} -> 0 | AU30: {=_xlfn.IFS(AH30>'“主要目标”数据分表'!$E$2,1,AH30='“主要目标”数据分表'!$E$2,0,AH30<'“主要目标”数据分表'!$E$2,-1)} -> 0 | AV30: {=_xlfn.IFS(AI30>'“主要目标”数据分表'!$F$2,1,AI30='“主要目标”数据分表'!$F$2,0,AI30<'“主要目标”数据分表'!$F$2,-1)} -> -1 | AW30: {=_xlfn.IFS(AJ30>'“主要目标”数据分表'!$G$2,1,AJ30='“主要目标”数据分表'!$G$2,0,AJ30<'“主要目标”数据分表'!$G$2,-1)} -> 0
A31: 4 | B31: 山西 | C31: 2021 | D31: 21643.94 | E31: 57900.73 | F31: 22590.161 | G31: 0.95811359 | H31: =(G31-G30)/G30 -> -0.19389368 | I31: 0.30944368 | J31: =(I31-I30)/I30 -> 0.027523269 | K31: 2.5630951 | L31: =(K31-K30)/K30 -> -0.14673117 | M31: 0 | N31: 0 | O31: 1 | P31: 0.83606886 | Q31: 0.81818182 | R31: 0.63020121 | S31: 2.9 | T31: 0.82 | U31: 0.47260274 | V31: 0.39013453 | W31: 0.091743119 | X31: 0.32374247 | Y31: 0.58798736 | Z31: 0.45193052 | AA31: 0.82857143 | AB31: 0.47674419 | AC31: 0.38199339 | AD31: 0.41707477 | AE31: 0.10703364 | AF31: 0.12 | AG31: 0.135 | AH31: 0.18 | AI31: 0.18 | AJ31: 0.65 | AK31: 0.6 | AL31: 1 | AM31: 1 | AN31: 0.72 | AO31: 1 | AP31: =AVERAGE(AK31,AN31) -> 0.66 | AQ31: =AVERAGE(AL31) -> 1 | AR31: =AVERAGE(AM31,AO31) -> 1 | AS31: {=_xlfn.IFS(AF31>'“主要目标”数据分表'!$C$2,1,AF31='“主要目标”数据分表'!$C$2,0,AF31<'“主要目标”数据分表'!$C$2,-1)} -> -1 | AT31: {=_xlfn.IFS(AG31>'“主要目标”数据分表'!$D$2,1,AG31='“主要目标”数据分表'!$D$2,0,AG31<'“主要目标”数据分表'!$D$2,-1)} -> 0 | AU31: {=_xlfn.IFS(AH31>'“主要目标”数据分表'!$E$2,1,AH31='“主要目标”数据分表'!$E$2,0,AH31<'“主要目标”数据分表'!$E$2,-1)} -> 0 | AV31: {=_xlfn.IFS(AI31>'“主要目标”数据分表'!$F$2,1,AI31='“主要目标”数据分表'!$F$2,0,AI31<'“主要目标”数据分表'!$F$2,-1)} -> -1 | AW31: {=_xlfn.IFS(AJ31>'“主要目标”数据分表'!$G$2,1,AJ31='“主要目标”数据分表'!$G$2,0,AJ31<'“主要目标”数据分表'!$G$2,-1)} -> 0
A32: 4 | B32: 山西 | C32: 2022 | D32: 21918.5 | E32: 58957.834 | F32: 25642.6 | G32: 0.85476902 | H32: =(G32-G31)/G31 -> -0.10786255 | I32: 0.376648 | J32: =(I32-I31)/I31 -> 0.21717787 | K32: 2.2992143 | L32: =(K32-K31)/K31 -> -0.10295393 | M32: 1 | N32: 0 | O32: 1 | P32: 0.83606886 | Q32: 0.81818182 | R32: 0.63020121 | S32: 2.9 | T32: 0.82 | U32: 0.47260274 | V32: 0.39013453 | W32: 0.091743119 | X32: 0.32374247 | Y32: 0.58798736 | Z32: 0.45193052 | AA32: 0.82857143 | AB32: 0.47674419 | AC32: 0.38199339 | AD32: 0.41707477 | AE32: 0.10703364 | AF32: 0.12 | AG32: 0.135 | AH32: 0.18 | AI32: 0.18 | AJ32: 0.65 | AK32: 0.6 | AL32: 1 | AM32: 1 | AN32: 0.72 | AO32: 1 | AP32: =AVERAGE(AK32,AN32) -> 0.66 | AQ32: =AVERAGE(AL32) -> 1 | AR32: =AVERAGE(AM32,AO32) -> 1 | AS32: {=_xlfn.IFS(AF32>'“主要目标”数据分表'!$C$2,1,AF32='“主要目标”数据分表'!$C$2,0,AF32<'“主要目标”数据分表'!$C$2,-1)} -> -1 | AT32: {=_xlfn.IFS(AG32>'“主要目标”数据分表'!$D$2,1,AG32='“主要目标”数据分表'!$D$2,0,AG32<'“主要目标”数据分表'!$D$2,-1)} -> 0 | AU32: {=_xlfn.IFS(AH32>'“主要目标”数据分表'!$E$2,1,AH32='“主要目标”数据分表'!$E$2,0,AH32<'“主要目标”数据分表'!$E$2,-1)} -> 0 | AV32: {=_xlfn.IFS(AI32>'“主要目标”数据分表'!$F$2,1,AI32='“主要目标”数据分表'!$F$2,0,AI32<'“主要目标”数据分表'!$F$2,-1)} -> -1 | AW32: {=_xlfn.IFS(AJ32>'“主要目标”数据分表'!$G$2,1,AJ32='“主要目标”数据分表'!$G$2,0,AJ32<'“主要目标”数据分表'!$G$2,-1)} -> 0
A33: 4 | B33: 山西 | C33: 2023 | D33: 8426.28 | E33: 62909.476 | F33: 25698.184 | G33: 0.32789398 | H33: =(G33-G32)/G32 -> -0.61639464 | K33: 2.4480125 | L33: =(K33-K32)/K32 -> 0.064716948 | M33: 1 | N33: 1 | O33: 1 | P33: 0.83606886 | Q33: 0.81818182 | R33: 0.63020121 | S33: 2.9 | T33: 0.82 | U33: 0.47260274 | V33: 0.39013453 | W33: 0.091743119 | X33: 0.32374247 | Y33: 0.58798736 | Z33: 0.45193052 | AA33: 0.82857143 | AB33: 0.47674419 | AC33: 0.38199339 | AD33: 0.41707477 | AE33: 0.10703364 | AF33: 0.12 | AG33: 0.135 | AH33: 0.18 | AI33: 0.18 | AJ33: 0.65 | AK33: 0.6 | AL33: 1 | AM33: 1 | AN33: 0.72 | AO33: 1 | AP33: =AVERAGE(AK33,AN33) -> 0.66 | AQ33: =AVERAGE(AL33) -> 1 | AR33: =AVERAGE(AM33,AO33) -> 1 | AS33: {=_xlfn.IFS(AF33>'“主要目标”数据分表'!$C$2,1,AF33='“主要目标”数据分表'!$C$2,0,AF33<'“主要目标”数据分表'!$C$2,-1)} -> -1 | AT33: {=_xlfn.IFS(AG33>'“主要目标”数据分表'!$D$2,1,AG33='“主要目标”数据分表'!$D$2,0,AG33<'“主要目标”数据分表'!$D$2,-1)} -> 0 | AU33: {=_xlfn.IFS(AH33>'“主要目标”数据分表'!$E$2,1,AH33='“主要目标”数据分表'!$E$2,0,AH33<'“主要目标”数据分表'!$E$2,-1)} -> 0 | AV33: {=_xlfn.IFS(AI33>'“主要目标”数据分表'!$F$2,1,AI33='“主要目标”数据分表'!$F$2,0,AI33<'“主要目标”数据分表'!$F$2,-1)} -> -1 | AW33: {=_xlfn.IFS(AJ33>'“主要目标”数据分表'!$G$2,1,AJ33='“主要目标”数据分表'!$G$2,0,AJ33<'“主要目标”数据分表'!$G$2,-1)} -> 0
A34: 5 | B34: 内蒙古 | C34: 2016 | D34: 19310 | E34: 54592.2 | F34: 18128.1 | G34: 1.0651971 | I34: 0.32668048 | K34: 3.0114684 | M34: 0 | N34: 0 | O34: 1 | P34: 0.82466688 | Q34: -0.76539589 | R34: -0.99324524 | S34: 1.9 | T34: -0.6 | U34: -0.87123746 | V34: -0.9354067 | W34: -0.56914894 | X34: 0.27670642 | Y34: -0.55005269 | Z34: -0.71227702 | AA34: 0.54285714 | AB34: -0.34883721 | AC34: -0.70420021 | AD34: -1 | AE34: -0.66400709 | AF34: 0.18 | AG34: 0.135 | AH34: 0.18 | AI34: 0.25 | AJ34: 0.65 | AK34: 0.9 | AL34: 1 | AM34: 1 | AN34: 1 | AO34: 1 | AP34: =AVERAGE(AK34,AN34) -> 0.95 | AQ34: =AVERAGE(AL34) -> 1 | AR34: =AVERAGE(AM34,AO34) -> 1 | AS34: {=_xlfn.IFS(AF34>'“主要目标”数据分表'!$C$2,1,AF34='“主要目标”数据分表'!$C$2,0,AF34<'“主要目标”数据分表'!$C$2,-1)} -> -1 | AT34: {=_xlfn.IFS(AG34>'“主要目标”数据分表'!$D$2,1,AG34='“主要目标”数据分表'!$D$2,0,AG34<'“主要目标”数据分表'!$D$2,-1)} -> 0 | AU34: {=_xlfn.IFS(AH34>'“主要目标”数据分表'!$E$2,1,AH34='“主要目标”数据分表'!$E$2,0,AH34<'“主要目标”数据分表'!$E$2,-1)} -> 0 | AV34: {=_xlfn.IFS(AI34>'“主要目标”数据分表'!$F$2,1,AI34='“主要目标”数据分表'!$F$2,0,AI34<'“主要目标”数据分表'!$F$2,-1)} -> 0 | AW34: {=_xlfn.IFS(AJ34>'“主要目标”数据分表'!$G$2,1,AJ34='“主要目标”数据分表'!$G$2,0,AJ34<'“主要目标”数据分表'!$G$2,-1)} -> 0
A35: 5 | B35: 内蒙古 | C35: 2017 | D35: 19763 | E35: 57761.393 | F35: 16096.21 | G35: 1.2278046 | H35: =(G35-G34)/G34 -> 0.15265478 | I35: 0.35588349 | J35: =(I35-I34)/I34 -> 0.089393178 | K35: 3.5885089 | L35: =(K35-K34)/K34 -> 0.19161433 | M35: 0 | N35: 0 | O35: 1 | P35: 0.82466688 | Q35: -0.76539589 | R35: -0.99324524 | S35: 1.9 | T35: -0.6 | U35: -0.87123746 | V35: -0.9354067 | W35: -0.56914894 | X35: 0.27670642 | Y35: -0.55005269 | Z35: -0.71227702 | AA35: 0.54285714 | AB35: -0.34883721 | AC35: -0.70420021 | AD35: -1 | AE35: -0.66400709 | AF35: 0.18 | AG35: 0.135 | AH35: 0.18 | AI35: 0.25 | AJ35: 0.65 | AK35: 0.9 | AL35: 1 | AM35: 1 | AN35: 1 | AO35: 1 | AP35: =AVERAGE(AK35,AN35) -> 0.95 | AQ35: =AVERAGE(AL35) -> 1 | AR35: =AVERAGE(AM35,AO35) -> 1 | AS35: {=_xlfn.IFS(AF35>'“主要目标”数据分表'!$C$2,1,AF35='“主要目标”数据分表'!$C$2,0,AF35<'“主要目标”数据分表'!$C$2,-1)} -> -1 | AT35: {=_xlfn.IFS(AG35>'“主要目标”数据分表'!$D$2,1,AG35='“主要目标”数据分表'!$D$2,0,AG35<'“主要目标”数据分表'!$D$2,-1)} -> 0 | AU35: {=_xlfn.IFS(AH35>'“主要目标”数据分表'!$E$2,1,AH35='“主要目标”数据分表'!$E$2,0,AH35<'“主要目标”数据分表'!$E$2,-1)} -> 0 | AV35: {=_xlfn.IFS(AI35>'“主要目标”数据分表'!$F$2,1,AI35='“主要目标”数据分表'!$F$2,0,AI35<'“主要目标”数据分表'!$F$2,-1)} -> 0 | AW35: {=_xlfn.IFS(AJ35>'“主要目标”数据分表'!$G$2,1,AJ35='“主要目标”数据分表'!$G$2,0,AJ35<'“主要目标”数据分表'!$G$2,-1)} -> 0
A36: 5 | B36: 内蒙古 | C36: 2018 | D36: 23068 | E36: 60493.935 | F36: 17289.22 | G36: 1.3342418 | H36: =(G36-G35)/G35 -> 0.086689075 | I36: 0.35655925 | J36: =(I36-I35)/I35 -> 0.001898827 | K36: 3.4989395 | L36: =(K36-K35)/K35 -> -0.024960061 | M36: 0 | N36: 0 | O36: 1 | P36: 0.82466688 | Q36: -0.76539589 | R36: -0.99324524 | S36: 1.9 | T36: -0.6 | U36: -0.87123746 | V36: -0.9354067 | W36: -0.56914894 | X36: 0.27670642 | Y36: -0.55005269 | Z36: -0.71227702 | AA36: 0.54285714 | AB36: -0.34883721 | AC36: -0.70420021 | AD36: -1 | AE36: -0.66400709 | AF36: 0.18 | AG36: 0.135 | AH36: 0.18 | AI36: 0.25 | AJ36: 0.65 | AK36: 0.9 | AL36: 1 | AM36: 1 | AN36: 1 | AO36: 1 | AP36: =AVERAGE(AK36,AN36) -> 0.95 | AQ36: =AVERAGE(AL36) -> 1 | AR36: =AVERAGE(AM36,AO36) -> 1 | AS36: {=_xlfn.IFS(AF36>'“主要目标”数据分表'!$C$2,1,AF36='“主要目标”数据分表'!$C$2,0,AF36<'“主要目标”数据分表'!$C$2,-1)} -> -1 | AT36: {=_xlfn.IFS(AG36>'“主要目标”数据分表'!$D$2,1,AG36='“主要目标”数据分表'!$D$2,0,AG36<'“主要目标”数据分表'!$D$2,-1)} -> 0 | AU36: {=_xlfn.IFS(AH36>'“主要目标”数据分表'!$E$2,1,AH36='“主要目标”数据分表'!$E$2,0,AH36<'“主要目标”数据分表'!$E$2,-1)} -> 0 | AV36: {=_xlfn.IFS(AI36>'“主要目标”数据分表'!$F$2,1,AI36='“主要目标”数据分表'!$F$2,0,AI36<'“主要目标”数据分表'!$F$2,-1)} -> 0 | AW36: {=_xlfn.IFS(AJ36>'“主要目标”数据分表'!$G$2,1,AJ36='“主要目标”数据分表'!$G$2,0,AJ36<'“主要目标”数据分表'!$G$2,-1)} -> 0
A37: 5 | B37: 内蒙古 | C37: 2019 | D37: 25346 | E37: 63563.319 | F37: 17212.53 | G37: 1.4725319 | H37: =(G37-G36)/G36 -> 0.10364698 | I37: 0.3589921 | J37: =(I37-I36)/I36 -> 0.0068231288 | K37: 3.6928516 | L37: =(K37-K36)/K36 -> 0.055420261 | M37: 0 | N37: 0 | O37: 1 | P37: 0.82466688 | Q37: -0.76539589 | R37: -0.99324524 | S37: 1.9 | T37: -0.6 | U37: -0.87123746 | V37: -0.9354067 | W37: -0.56914894 | X37: 0.27670642 | Y37: -0.55005269 | Z37: -0.71227702 | AA37: 0.54285714 | AB37: -0.34883721 | AC37: -0.70420021 | AD37: -1 | AE37: -0.66400709 | AF37: 0.18 | AG37: 0.135 | AH37: 0.18 | AI37: 0.25 | AJ37: 0.65 | AK37: 0.9 | AL37: 1 | AM37: 1 | AN37: 1 | AO37: 1 | AP37: =AVERAGE(AK37,AN37) -> 0.95 | AQ37: =AVERAGE(AL37) -> 1 | AR37: =AVERAGE(AM37,AO37) -> 1 | AS37: {=_xlfn.IFS(AF37>'“主要目标”数据分表'!$C$2,1,AF37='“主要目标”数据分表'!$C$2,0,AF37<'“主要目标”数据分表'!$C$2,-1)} -> -1 | AT37: {=_xlfn.IFS(AG37>'“主要目标”数据分表'!$D$2,1,AG37='“主要目标”数据分表'!$D$2,0,AG37<'“主要目标”数据分表'!$D$2,-1)} -> 0 | AU37: {=_xlfn.IFS(AH37>'“主要目标”数据分表'!$E$2,1,AH37='“主要目标”数据分表'!$E$2,0,AH37<'“主要目标”数据分表'!$E$2,-1)} -> 0 | AV37: {=_xlfn.IFS(AI37>'“主要目标”数据分表'!$F$2,1,AI37='“主要目标”数据分表'!$F$2,0,AI37<'“主要目标”数据分表'!$F$2,-1)} -> 0 | AW37: {=_xlfn.IFS(AJ37>'“主要目标”数据分表'!$G$2,1,AJ37='“主要目标”数据分表'!$G$2,0,AJ37<'“主要目标”数据分表'!$G$2,-1)} -> 0
A38: 5 | B38: 内蒙古 | C38: 2020 | D38: 27133.65 | E38: 65228.307 | F38: 17359.82 | G38: 1.5630145 | H38: =(G38-G37)/G37 -> 0.061446919 | I38: 0.3705434 | J38: =(I38-I37)/I37 -> 0.032177052 | K38: 3.7574299 | L38: =(K38-K37)/K37 -> 0.017487369 | M38: 0 | N38: 0 | O38: 1 | P38: 0.82466688 | Q38: -0.76539589 | R38: -0.99324524 | S38: 1.9 | T38: -0.6 | U38: -0.87123746 | V38: -0.9354067 | W38: -0.56914894 | X38: 0.27670642 | Y38: -0.55005269 | Z38: -0.71227702 | AA38: 0.54285714 | AB38: -0.34883721 | AC38: -0.70420021 | AD38: -1 | AE38: -0.66400709 | AF38: 0.18 | AG38: 0.135 | AH38: 0.18 | AI38: 0.25 | AJ38: 0.65 | AK38: 0.9 | AL38: 1 | AM38: 1 | AN38: 1 | AO38: 1 | AP38: =AVERAGE(AK38,AN38) -> 0.95 | AQ38: =AVERAGE(AL38) -> 1 | AR38: =AVERAGE(AM38,AO38) -> 1 | AS38: {=_xlfn.IFS(AF38>'“主要目标”数据分表'!$C$2,1,AF38='“主要目标”数据分表'!$C$2,0,AF38<'“主要目标”数据分表'!$C$2,-1)} -> -1 | AT38: {=_xlfn.IFS(AG38>'“主要目标”数据分表'!$D$2,1,AG38='“主要目标”数据分表'!$D$2,0,AG38<'“主要目标”数据分表'!$D$2,-1)} -> 0 | AU38: {=_xlfn.IFS(AH38>'“主要目标”数据分表'!$E$2,1,AH38='“主要目标”数据分表'!$E$2,0,AH38<'“主要目标”数据分表'!$E$2,-1)} -> 0 | AV38: {=_xlfn.IFS(AI38>'“主要目标”数据分表'!$F$2,1,AI38='“主要目标”数据分表'!$F$2,0,AI38<'“主要目标”数据分表'!$F$2,-1)} -> 0 | AW38: {=_xlfn.IFS(AJ38>'“主要目标”数据分表'!$G$2,1,AJ38='“主要目标”数据分表'!$G$2,0,AJ38<'“主要目标”数据分表'!$G$2,-1)} -> 0
A39: 5 | B39: 内蒙古 | C39: 2021 | D39: 26900.46 | E39: 72847.094 | F39: 20514.195 | G39: 1.3113096 | H39: =(G39-G38)/G38 -> -0.16103811 | I39: 0.40318423 | J39: =(I39-I38)/I38 -> 0.088089082 | K39: 3.5510579 | L39: =(K39-K38)/K38 -> -0.0549237 | M39: 0 | N39: 0 | O39: 1 | P39: 0.82466688 | Q39: -0.76539589 | R39: -0.99324524 | S39: 1.9 | T39: -0.6 | U39: -0.87123746 | V39: -0.9354067 | W39: -0.56914894 | X39: 0.27670642 | Y39: -0.55005269 | Z39: -0.71227702 | AA39: 0.54285714 | AB39: -0.34883721 | AC39: -0.70420021 | AD39: -1 | AE39: -0.66400709 | AF39: 0.18 | AG39: 0.135 | AH39: 0.18 | AI39: 0.25 | AJ39: 0.65 | AK39: 0.9 | AL39: 1 | AM39: 1 | AN39: 1 | AO39: 1 | AP39: =AVERAGE(AK39,AN39) -> 0.95 | AQ39: =AVERAGE(AL39) -> 1 | AR39: =AVERAGE(AM39,AO39) -> 1 | AS39: {=_xlfn.IFS(AF39>'“主要目标”数据分表'!$C$2,1,AF39='“主要目标”数据分表'!$C$2,0,AF39<'“主要目标”数据分表'!$C$2,-1)} -> -1 | AT39: {=_xlfn.IFS(AG39>'“主要目标”数据分表'!$D$2,1,AG39='“主要目标”数据分表'!$D$2,0,AG39<'“主要目标”数据分表'!$D$2,-1)} -> 0 | AU39: {=_xlfn.IFS(AH39>'“主要目标”数据分表'!$E$2,1,AH39='“主要目标”数据分表'!$E$2,0,AH39<'“主要目标”数据分表'!$E$2,-1)} -> 0 | AV39: {=_xlfn.IFS(AI39>'“主要目标”数据分表'!$F$2,1,AI39='“主要目标”数据分表'!$F$2,0,AI39<'“主要目标”数据分表'!$F$2,-1)} -> 0 | AW39: {=_xlfn.IFS(AJ39>'“主要目标”数据分表'!$G$2,1,AJ39='“主要目标”数据分表'!$G$2,0,AJ39<'“主要目标”数据分表'!$G$2,-1)} -> 0
A40: 5 | B40: 内蒙古 | C40: 2022 | D40: 27980.98 | E40: 75702.872 | F40: 23158.6 | G40: 1.2082328 | H40: =(G40-G39)/G39 -> -0.078605987 | I40: 0.41102771 | J40: =(I40-I39)/I39 -> 0.01945382 | K40: 3.2688881 | L40: =(K40-K39)/K39 -> -0.079460777 | M40: 1 | N40: 0 | O40: 1 | P40: 0.82466688 | Q40: -0.76539589 | R40: -0.99324524 | S40: 1.9 | T40: -0.6 | U40: -0.87123746 | V40: -0.9354067 | W40: -0.56914894 | X40: 0.27670642 | Y40: -0.55005269 | Z40: -0.71227702 | AA40: 0.54285714 | AB40: -0.34883721 | AC40: -0.70420021 | AD40: -1 | AE40: -0.66400709 | AF40: 0.18 | AG40: 0.135 | AH40: 0.18 | AI40: 0.25 | AJ40: 0.65 | AK40: 0.9 | AL40: 1 | AM40: 1 | AN40: 1 | AO40: 1 | AP40: =AVERAGE(AK40,AN40) -> 0.95 | AQ40: =AVERAGE(AL40) -> 1 | AR40: =AVERAGE(AM40,AO40) -> 1 | AS40: {=_xlfn.IFS(AF40>'“主要目标”数据分表'!$C$2,1,AF40='“主要目标”数据分表'!$C$2,0,AF40<'“主要目标”数据分表'!$C$2,-1)} -> -1 | AT40: {=_xlfn.IFS(AG40>'“主要目标”数据分表'!$D$2,1,AG40='“主要目标”数据分表'!$D$2,0,AG40<'“主要目标”数据分表'!$D$2,-1)} -> 0 | AU40: {=_xlfn.IFS(AH40>'“主要目标”数据分表'!$E$2,1,AH40='“主要目标”数据分表'!$E$2,0,AH40<'“主要目标”数据分表'!$E$2,-1)} -> 0 | AV40: {=_xlfn.IFS(AI40>'“主要目标”数据分表'!$F$2,1,AI40='“主要目标”数据分表'!$F$2,0,AI40<'“主要目标”数据分表'!$F$2,-1)} -> 0 | AW40: {=_xlfn.IFS(AJ40>'“主要目标”数据分表'!$G$2,1,AJ40='“主要目标”数据分表'!$G$2,0,AJ40<'“主要目标”数据分表'!$G$2,-1)} -> 0
A41: 6 | B41: 辽宁 | C41: 2016 | D41: 20847 | E41: 39857.295 | F41: 22246.9 | G41: 0.93707438 | I41: 0.28841748 | K41: 1.7915887 | M41: 0 | N41: 0 | O41: 1 | P41: 0.8307605 | Q41: 0.85190616 | R41: 0.85626891 | S41: 3.5 | T41: 1.5 | U41: 0.65066225 | V41: 0.41855204 | W41: 0.1741573 | X41: 0.30184413 | Y41: 0.61222339 | Z41: 0.61404842 | AA41: 1 | AB41: 0.87209302 | AC41: 0.52591459 | AD41: 0.44745461 | AE41: 0.20318352 | AF41: 0.137 | AG41: 0.145 | AH41: 0.18 | AI41: 0.2 | AJ41: 0.65 | AK41: 0.685 | AL41: 1.0740741 | AM41: 1 | AN41: 0.8 | AO41: 1 | AP41: =AVERAGE(AK41,AN41) -> 0.7425 | AQ41: =AVERAGE(AL41) -> 1.0740741 | AR41: =AVERAGE(AM41,AO41) -> 1 | AS41: {=_xlfn.IFS(AF41>'“主要目标”数据分表'!$C$2,1,AF41='“主要目标”数据分表'!$C$2,0,AF41<'“主要目标”数据分表'!$C$2,-1)} -> -1 | AT41: {=_xlfn.IFS(AG41>'“主要目标”数据分表'!$D$2,1,AG41='“主要目标”数据分表'!$D$2,0,AG41<'“主要目标”数据分表'!$D$2,-1)} -> 1 | AU41: {=_xlfn.IFS(AH41>'“主要目标”数据分表'!$E$2,1,AH41='“主要目标”数据分表'!$E$2,0,AH41<'“主要目标”数据分表'!$E$2,-1)} -> 0 | AV41: {=_xlfn.IFS(AI41>'“主要目标”数据分表'!$F$2,1,AI41='“主要目标”数据分表'!$F$2,0,AI41<'“主要目标”数据分表'!$F$2,-1)} -> -1 | AW41: {=_xlfn.IFS(AJ41>'“主要目标”数据分表'!$G$2,1,AJ41='“主要目标”数据分表'!$G$2,0,AJ41<'“主要目标”数据分表'!$G$2,-1)} -> 0
A42: 6 | B42: 辽宁 | C42: 2017 | D42: 21365 | E42: 41085.319 | F42: 23409.24 | G42: 0.9126738 | H42: =(G42-G41)/G41 -> -0.026039107 | I42: 0.29456883 | J42: =(I42-I41)/I41 -> 0.021327934 | K42: 1.7550898 | L42: =(K42-K41)/K41 -> -0.020372363 | M42: 0 | N42: 0 | O42: 1 | P42: 0.8307605 | Q42: 0.85190616 | R42: 0.85626891 | S42: 3.5 | T42: 1.5 | U42: 0.65066225 | V42: 0.41855204 | W42: 0.1741573 | X42: 0.30184413 | Y42: 0.61222339 | Z42: 0.61404842 | AA42: 1 | AB42: 0.87209302 | AC42: 0.52591459 | AD42: 0.44745461 | AE42: 0.20318352 | AF42: 0.137 | AG42: 0.145 | AH42: 0.18 | AI42: 0.2 | AJ42: 0.65 | AK42: 0.685 | AL42: 1.0740741 | AM42: 1 | AN42: 0.8 | AO42: 1 | AP42: =AVERAGE(AK42,AN42) -> 0.7425 | AQ42: =AVERAGE(AL42) -> 1.0740741 | AR42: =AVERAGE(AM42,AO42) -> 1 | AS42: {=_xlfn.IFS(AF42>'“主要目标”数据分表'!$C$2,1,AF42='“主要目标”数据分表'!$C$2,0,AF42<'“主要目标”数据分表'!$C$2,-1)} -> -1 | AT42: {=_xlfn.IFS(AG42>'“主要目标”数据分表'!$D$2,1,AG42='“主要目标”数据分表'!$D$2,0,AG42<'“主要目标”数据分表'!$D$2,-1)} -> 1 | AU42: {=_xlfn.IFS(AH42>'“主要目标”数据分表'!$E$2,1,AH42='“主要目标”数据分表'!$E$2,0,AH42<'“主要目标”数据分表'!$E$2,-1)} -> 0 | AV42: {=_xlfn.IFS(AI42>'“主要目标”数据分表'!$F$2,1,AI42='“主要目标”数据分表'!$F$2,0,AI42<'“主要目标”数据分表'!$F$2,-1)} -> -1 | AW42: {=_xlfn.IFS(AJ42>'“主要目标”数据分表'!$G$2,1,AJ42='“主要目标”数据分表'!$G$2,0,AJ42<'“主要目标”数据分表'!$G$2,-1)} -> 0
A43: 6 | B43: 辽宁 | C43: 2018 | D43: 22321 | E43: 43458.295 | F43: 25315.35 | G43: 0.88171801 | H43: =(G43-G42)/G42 -> -0.033917693 | I43: 0.31191126 | J43: =(I43-I42)/I42 -> 0.058873939 | K43: 1.7166776 | L43: =(K43-K42)/K42 -> -0.021886167 | M43: 0 | N43: 0 | O43: 1 | P43: 0.8307605 | Q43: 0.85190616 | R43: 0.85626891 | S43: 3.5 | T43: 1.5 | U43: 0.65066225 | V43: 0.41855204 | W43: 0.1741573 | X43: 0.30184413 | Y43: 0.61222339 | Z43: 0.61404842 | AA43: 1 | AB43: 0.87209302 | AC43: 0.52591459 | AD43: 0.44745461 | AE43: 0.20318352 | AF43: 0.137 | AG43: 0.145 | AH43: 0.18 | AI43: 0.2 | AJ43: 0.65 | AK43: 0.685 | AL43: 1.0740741 | AM43: 1 | AN43: 0.8 | AO43: 1 | AP43: =AVERAGE(AK43,AN43) -> 0.7425 | AQ43: =AVERAGE(AL43) -> 1.0740741 | AR43: =AVERAGE(AM43,AO43) -> 1 | AS43: {=_xlfn.IFS(AF43>'“主要目标”数据分表'!$C$2,1,AF43='“主要目标”数据分表'!$C$2,0,AF43<'“主要目标”数据分表'!$C$2,-1)} -> -1 | AT43: {=_xlfn.IFS(AG43>'“主要目标”数据分表'!$D$2,1,AG43='“主要目标”数据分表'!$D$2,0,AG43<'“主要目标”数据分表'!$D$2,-1)} -> 1 | AU43: {=_xlfn.IFS(AH43>'“主要目标”数据分表'!$E$2,1,AH43='“主要目标”数据分表'!$E$2,0,AH43<'“主要目标”数据分表'!$E$2,-1)} -> 0 | AV43: {=_xlfn.IFS(AI43>'“主要目标”数据分表'!$F$2,1,AI43='“主要目标”数据分表'!$F$2,0,AI43<'“主要目标”数据分表'!$F$2,-1)} -> -1 | AW43: {=_xlfn.IFS(AJ43>'“主要目标”数据分表'!$G$2,1,AJ43='“主要目标”数据分表'!$G$2,0,AJ43<'“主要目标”数据分表'!$G$2,-1)} -> 0
A44: 6 | B44: 辽宁 | C44: 2019 | D44: 23749 | E44: 44569.195 | F44: 24909.45 | G44: 0.95341326 | H44: =(G44-G43)/G43 -> 0.081313133 | I44: 0.31200788 | J44: =(I44-I43)/I43 -> 0.0003097847 | K44: 1.7892485 | L44: =(K44-K43)/K43 -> 0.042274003 | M44: 0 | N44: 0 | O44: 1 | P44: 0.8307605 | Q44: 0.85190616 | R44: 0.85626891 | S44: 3.5 | T44: 1.5 | U44: 0.65066225 | V44: 0.41855204 | W44: 0.1741573 | X44: 0.30184413 | Y44: 0.61222339 | Z44: 0.61404842 | AA44: 1 | AB44: 0.87209302 | AC44: 0.52591459 | AD44: 0.44745461 | AE44: 0.20318352 | AF44: 0.137 | AG44: 0.145 | AH44: 0.18 | AI44: 0.2 | AJ44: 0.65 | AK44: 0.685 | AL44: 1.0740741 | AM44: 1 | AN44: 0.8 | AO44: 1 | AP44: =AVERAGE(AK44,AN44) -> 0.7425 | AQ44: =AVERAGE(AL44) -> 1.0740741 | AR44: =AVERAGE(AM44,AO44) -> 1 | AS44: {=_xlfn.IFS(AF44>'“主要目标”数据分表'!$C$2,1,AF44='“主要目标”数据分表'!$C$2,0,AF44<'“主要目标”数据分表'!$C$2,-1)} -> -1 | AT44: {=_xlfn.IFS(AG44>'“主要目标”数据分表'!$D$2,1,AG44='“主要目标”数据分表'!$D$2,0,AG44<'“主要目标”数据分表'!$D$2,-1)} -> 1 | AU44: {=_xlfn.IFS(AH44>'“主要目标”数据分表'!$E$2,1,AH44='“主要目标”数据分表'!$E$2,0,AH44<'“主要目标”数据分表'!$E$2,-1)} -> 0 | AV44: {=_xlfn.IFS(AI44>'“主要目标”数据分表'!$F$2,1,AI44='“主要目标”数据分表'!$F$2,0,AI44<'“主要目标”数据分表'!$F$2,-1)} -> -1 | AW44: {=_xlfn.IFS(AJ44>'“主要目标”数据分表'!$G$2,1,AJ44='“主要目标”数据分表'!$G$2,0,AJ44<'“主要目标”数据分表'!$G$2,-1)} -> 0
A45: 6 | B45: 辽宁 | C45: 2020 | D45: 24849.5 | E45: 44280.624 | F45: 25114.96 | G45: 0.9894302 | H45: =(G45-G44)/G44 -> 0.037776841 | I45: 0.31899534 | J45: =(I45-I44)/I44 -> 0.022395139 | K45: 1.7631175 | L45: =(K45-K44)/K44 -> -0.014604455 | M45: 0 | N45: 0 | O45: 1 | P45: 0.8307605 | Q45: 0.85190616 | R45: 0.85626891 | S45: 3.5 | T45: 1.5 | U45: 0.65066225 | V45: 0.41855204 | W45: 0.1741573 | X45: 0.30184413 | Y45: 0.61222339 | Z45: 0.61404842 | AA45: 1 | AB45: 0.87209302 | AC45: 0.52591459 | AD45: 0.44745461 | AE45: 0.20318352 | AF45: 0.137 | AG45: 0.145 | AH45: 0.18 | AI45: 0.2 | AJ45: 0.65 | AK45: 0.685 | AL45: 1.0740741 | AM45: 1 | AN45: 0.8 | AO45: 1 | AP45: =AVERAGE(AK45,AN45) -> 0.7425 | AQ45: =AVERAGE(AL45) -> 1.0740741 | AR45: =AVERAGE(AM45,AO45) -> 1 | AS45: {=_xlfn.IFS(AF45>'“主要目标”数据分表'!$C$2,1,AF45='“主要目标”数据分表'!$C$2,0,AF45<'“主要目标”数据分表'!$C$2,-1)} -> -1 | AT45: {=_xlfn.IFS(AG45>'“主要目标”数据分表'!$D$2,1,AG45='“主要目标”数据分表'!$D$2,0,AG45<'“主要目标”数据分表'!$D$2,-1)} -> 1 | AU45: {=_xlfn.IFS(AH45>'“主要目标”数据分表'!$E$2,1,AH45='“主要目标”数据分表'!$E$2,0,AH45<'“主要目标”数据分表'!$E$2,-1)} -> 0 | AV45: {=_xlfn.IFS(AI45>'“主要目标”数据分表'!$F$2,1,AI45='“主要目标”数据分表'!$F$2,0,AI45<'“主要目标”数据分表'!$F$2,-1)} -> -1 | AW45: {=_xlfn.IFS(AJ45>'“主要目标”数据分表'!$G$2,1,AJ45='“主要目标”数据分表'!$G$2,0,AJ45<'“主要目标”数据分表'!$G$2,-1)} -> 0
A46: 6 | B46: 辽宁 | C46: 2021 | D46: 24930.8 | E46: 46713.143 | F46: 27584.075 | G46: 0.90381135 | H46: =(G46-G45)/G45 -> -0.086533498 | I46: 0.33859878 | J46: =(I46-I45)/I45 -> 0.06145366 | K46: 1.6934823 | L46: =(K46-K45)/K45 -> -0.039495463 | M46: 0 | N46: 0 | O46: 1 | P46: 0.8307605 | Q46: 0.85190616 | R46: 0.85626891 | S46: 3.5 | T46: 1.5 | U46: 0.65066225 | V46: 0.41855204 | W46: 0.1741573 | X46: 0.30184413 | Y46: 0.61222339 | Z46: 0.61404842 | AA46: 1 | AB46: 0.87209302 | AC46: 0.52591459 | AD46: 0.44745461 | AE46: 0.20318352 | AF46: 0.137 | AG46: 0.145 | AH46: 0.18 | AI46: 0.2 | AJ46: 0.65 | AK46: 0.685 | AL46: 1.0740741 | AM46: 1 | AN46: 0.8 | AO46: 1 | AP46: =AVERAGE(AK46,AN46) -> 0.7425 | AQ46: =AVERAGE(AL46) -> 1.0740741 | AR46: =AVERAGE(AM46,AO46) -> 1 | AS46: {=_xlfn.IFS(AF46>'“主要目标”数据分表'!$C$2,1,AF46='“主要目标”数据分表'!$C$2,0,AF46<'“主要目标”数据分表'!$C$2,-1)} -> -1 | AT46: {=_xlfn.IFS(AG46>'“主要目标”数据分表'!$D$2,1,AG46='“主要目标”数据分表'!$D$2,0,AG46<'“主要目标”数据分表'!$D$2,-1)} -> 1 | AU46: {=_xlfn.IFS(AH46>'“主要目标”数据分表'!$E$2,1,AH46='“主要目标”数据分表'!$E$2,0,AH46<'“主要目标”数据分表'!$E$2,-1)} -> 0 | AV46: {=_xlfn.IFS(AI46>'“主要目标”数据分表'!$F$2,1,AI46='“主要目标”数据分表'!$F$2,0,AI46<'“主要目标”数据分表'!$F$2,-1)} -> -1 | AW46: {=_xlfn.IFS(AJ46>'“主要目标”数据分表'!$G$2,1,AJ46='“主要目标”数据分表'!$G$2,0,AJ46<'“主要目标”数据分表'!$G$2,-1)} -> 0
A47: 6 | B47: 辽宁 | C47: 2022 | D47: 24707.3 | E47: 45898.946 | F47: 28975.1 | G47: 0.85270801 | H47: =(G47-G46)/G46 -> -0.056542035 | I47: 0.34558682 | J47: =(I47-I46)/I46 -> 0.020638127 | K47: 1.5840824 | L47: =(K47-K46)/K46 -> -0.064600557 | M47: 1 | N47: 0 | O47: 1 | P47: 0.8307605 | Q47: 0.85190616 | R47: 0.85626891 | S47: 3.5 | T47: 1.5 | U47: 0.65066225 | V47: 0.41855204 | W47: 0.1741573 | X47: 0.30184413 | Y47: 0.61222339 | Z47: 0.61404842 | AA47: 1 | AB47: 0.87209302 | AC47: 0.52591459 | AD47: 0.44745461 | AE47: 0.20318352 | AF47: 0.137 | AG47: 0.145 | AH47: 0.18 | AI47: 0.2 | AJ47: 0.65 | AK47: 0.685 | AL47: 1.0740741 | AM47: 1 | AN47: 0.8 | AO47: 1 | AP47: =AVERAGE(AK47,AN47) -> 0.7425 | AQ47: =AVERAGE(AL47) -> 1.0740741 | AR47: =AVERAGE(AM47,AO47) -> 1 | AS47: {=_xlfn.IFS(AF47>'“主要目标”数据分表'!$C$2,1,AF47='“主要目标”数据分表'!$C$2,0,AF47<'“主要目标”数据分表'!$C$2,-1)} -> -1 | AT47: {=_xlfn.IFS(AG47>'“主要目标”数据分表'!$D$2,1,AG47='“主要目标”数据分表'!$D$2,0,AG47<'“主要目标”数据分表'!$D$2,-1)} -> 1 | AU47: {=_xlfn.IFS(AH47>'“主要目标”数据分表'!$E$2,1,AH47='“主要目标”数据分表'!$E$2,0,AH47<'“主要目标”数据分表'!$E$2,-1)} -> 0 | AV47: {=_xlfn.IFS(AI47>'“主要目标”数据分表'!$F$2,1,AI47='“主要目标”数据分表'!$F$2,0,AI47<'“主要目标”数据分表'!$F$2,-1)} -> -1 | AW47: {=_xlfn.IFS(AJ47>'“主要目标”数据分表'!$G$2,1,AJ47='“主要目标”数据分表'!$G$2,0,AJ47<'“主要目标”数据分表'!$G$2,-1)} -> 0
A48: 7 | B48: 吉林 | C48: 2016 | D48: 6886 | E48: 14938.601 | F48: 14776.8 | G48: 0.46600076 | I48: 0.31241227 | K48: 1.0109497 | M48: 0 | N48: 0 | O48: 1 | P48: 0.84762756 | Q48: 0.13196481 | R48: 0.057812573 | S48: 0.4 | T48: -0.54 | U48: 0.044728435 | V48: -0.10307018 | W48: -0.112 | X48: 0.37142503 | Y48: 0.09483667 | Z48: 0.04145861 | AA48: 0.11428571 | AB48: -0.31395349 | AC48: 0.036152914 | AD48: -0.11018755 | AE48: -0.13066667 | AF48: 0.177 | AG48: 0.135 | AH48: 0.18 | AI48: 0.2 | AJ48: 0.65 | AK48: 0.885 | AL48: 1 | AM48: 1 | AN48: 0.8 | AO48: 1 | AP48: =AVERAGE(AK48,AN48) -> 0.8425 | AQ48: =AVERAGE(AL48) -> 1 | AR48: =AVERAGE(AM48,AO48) -> 1 | AS48: {=_xlfn.IFS(AF48>'“主要目标”数据分表'!$C$2,1,AF48='“主要目标”数据分表'!$C$2,0,AF48<'“主要目标”数据分表'!$C$2,-1)} -> -1 | AT48: {=_xlfn.IFS(AG48>'“主要目标”数据分表'!$D$2,1,AG48='“主要目标”数据分表'!$D$2,0,AG48<'“主要目标”数据分表'!$D$2,-1)} -> 0 | AU48: {=_xlfn.IFS(AH48>'“主要目标”数据分表'!$E$2,1,AH48='“主要目标”数据分表'!$E$2,0,AH48<'“主要目标”数据分表'!$E$2,-1)} -> 0 | AV48: {=_xlfn.IFS(AI48>'“主要目标”数据分表'!$F$2,1,AI48='“主要目标”数据分表'!$F$2,0,AI48<'“主要目标”数据分表'!$F$2,-1)} -> -1 | AW48: {=_xlfn.IFS(AJ48>'“主要目标”数据分表'!$G$2,1,AJ48='“主要目标”数据分表'!$G$2,0,AJ48<'“主要目标”数据分表'!$G$2,-1)} -> 0
A49: 7 | B49: 吉林 | C49: 2017 | D49: 6881 | E49: 15066.633 | F49: 14944.53 | G49: 0.46043603 | H49: =(G49-G48)/G48 -> -0.011941466 | I49: 0.35822442 | J49: =(I49-I48)/I48 -> 0.14664004 | K49: 1.0081704 | L49: =(K49-K48)/K48 -> -0.0027491614 | M49: 0 | N49: 0 | O49: 1 | P49: 0.84762756 | Q49: 0.13196481 | R49: 0.057812573 | S49: 0.4 | T49: -0.54 | U49: 0.044728435 | V49: -0.10307018 | W49: -0.112 | X49: 0.37142503 | Y49: 0.09483667 | Z49: 0.04145861 | AA49: 0.11428571 | AB49: -0.31395349 | AC49: 0.036152914 | AD49: -0.11018755 | AE49: -0.13066667 | AF49: 0.177 | AG49: 0.135 | AH49: 0.18 | AI49: 0.2 | AJ49: 0.65 | AK49: 0.885 | AL49: 1 | AM49: 1 | AN49: 0.8 | AO49: 1 | AP49: =AVERAGE(AK49,AN49) -> 0.8425 | AQ49: =AVERAGE(AL49) -> 1 | AR49: =AVERAGE(AM49,AO49) -> 1 | AS49: {=_xlfn.IFS(AF49>'“主要目标”数据分表'!$C$2,1,AF49='“主要目标”数据分表'!$C$2,0,AF49<'“主要目标”数据分表'!$C$2,-1)} -> -1 | AT49: {=_xlfn.IFS(AG49>'“主要目标”数据分表'!$D$2,1,AG49='“主要目标”数据分表'!$D$2,0,AG49<'“主要目标”数据分表'!$D$2,-1)} -> 0 | AU49: {=_xlfn.IFS(AH49>'“主要目标”数据分表'!$E$2,1,AH49='“主要目标”数据分表'!$E$2,0,AH49<'“主要目标”数据分表'!$E$2,-1)} -> 0 | AV49: {=_xlfn.IFS(AI49>'“主要目标”数据分表'!$F$2,1,AI49='“主要目标”数据分表'!$F$2,0,AI49<'“主要目标”数据分表'!$F$2,-1)} -> -1 | AW49: {=_xlfn.IFS(AJ49>'“主要目标”数据分表'!$G$2,1,AJ49='“主要目标”数据分表'!$G$2,0,AJ49<'“主要目标”数据分表'!$G$2,-1)} -> 0
A50: 7 | B50: 吉林 | C50: 2018 | D50: 7000 | E50: 15911.771 | F50: 15074.62 | G50: 0.46435665 | H50: =(G50-G49)/G49 -> 0.0085150187 | I50: 0.36722919 | J50: =(I50-I49)/I49 -> 0.025137252 | K50: 1.0555338 | L50: =(K50-K49)/K49 -> 0.046979562 | M50: 0 | N50: 0 | O50: 1 | P50: 0.84762756 | Q50: 0.13196481 | R50: 0.057812573 | S50: 0.4 | T50: -0.54 | U50: 0.044728435 | V50: -0.10307018 | W50: -0.112 | X50: 0.37142503 | Y50: 0.09483667 | Z50: 0.04145861 | AA50: 0.11428571 | AB50: -0.31395349 | AC50: 0.036152914 | AD50: -0.11018755 | AE50: -0.13066667 | AF50: 0.177 | AG50: 0.135 | AH50: 0.18 | AI50: 0.2 | AJ50: 0.65 | AK50: 0.885 | AL50: 1 | AM50: 1 | AN50: 0.8 | AO50: 1 | AP50: =AVERAGE(AK50,AN50) -> 0.8425 | AQ50: =AVERAGE(AL50) -> 1 | AR50: =AVERAGE(AM50,AO50) -> 1 | AS50: {=_xlfn.IFS(AF50>'“主要目标”数据分表'!$C$2,1,AF50='“主要目标”数据分表'!$C$2,0,AF50<'“主要目标”数据分表'!$C$2,-1)} -> -1 | AT50: {=_xlfn.IFS(AG50>'“主要目标”数据分表'!$D$2,1,AG50='“主要目标”数据分表'!$D$2,0,AG50<'“主要目标”数据分表'!$D$2,-1)} -> 0 | AU50: {=_xlfn.IFS(AH50>'“主要目标”数据分表'!$E$2,1,AH50='“主要目标”数据分表'!$E$2,0,AH50<'“主要目标”数据分表'!$E$2,-1)} -> 0 | AV50: {=_xlfn.IFS(AI50>'“主要目标”数据分表'!$F$2,1,AI50='“主要目标”数据分表'!$F$2,0,AI50<'“主要目标”数据分表'!$F$2,-1)} -> -1 | AW50: {=_xlfn.IFS(AJ50>'“主要目标”数据分表'!$G$2,1,AJ50='“主要目标”数据分表'!$G$2,0,AJ50<'“主要目标”数据分表'!$G$2,-1)} -> 0
A51: 7 | B51: 吉林 | C51: 2019 | D51: 7132 | E51: 15913.343 | F51: 11726.82 | G51: 0.60817852 | H51: =(G51-G50)/G50 -> 0.30972286 | I51: 0.3648762 | J51: =(I51-I50)/I50 -> -0.0064074214 | K51: 1.3570041 | L51: =(K51-K50)/K50 -> 0.28560933 | M51: 0 | N51: 0 | O51: 1 | P51: 0.84762756 | Q51: 0.13196481 | R51: 0.057812573 | S51: 0.4 | T51: -0.54 | U51: 0.044728435 | V51: -0.10307018 | W51: -0.112 | X51: 0.37142503 | Y51: 0.09483667 | Z51: 0.04145861 | AA51: 0.11428571 | AB51: -0.31395349 | AC51: 0.036152914 | AD51: -0.11018755 | AE51: -0.13066667 | AF51: 0.177 | AG51: 0.135 | AH51: 0.18 | AI51: 0.2 | AJ51: 0.65 | AK51: 0.885 | AL51: 1 | AM51: 1 | AN51: 0.8 | AO51: 1 | AP51: =AVERAGE(AK51,AN51) -> 0.8425 | AQ51: =AVERAGE(AL51) -> 1 | AR51: =AVERAGE(AM51,AO51) -> 1 | AS51: {=_xlfn.IFS(AF51>'“主要目标”数据分表'!$C$2,1,AF51='“主要目标”数据分表'!$C$2,0,AF51<'“主要目标”数据分表'!$C$2,-1)} -> -1 | AT51: {=_xlfn.IFS(AG51>'“主要目标”数据分表'!$D$2,1,AG51='“主要目标”数据分表'!$D$2,0,AG51<'“主要目标”数据分表'!$D$2,-1)} -> 0 | AU51: {=_xlfn.IFS(AH51>'“主要目标”数据分表'!$E$2,1,AH51='“主要目标”数据分表'!$E$2,0,AH51<'“主要目标”数据分表'!$E$2,-1)} -> 0 | AV51: {=_xlfn.IFS(AI51>'“主要目标”数据分表'!$F$2,1,AI51='“主要目标”数据分表'!$F$2,0,AI51<'“主要目标”数据分表'!$F$2,-1)} -> -1 | AW51: {=_xlfn.IFS(AJ51>'“主要目标”数据分表'!$G$2,1,AJ51='“主要目标”数据分表'!$G$2,0,AJ51<'“主要目标”数据分表'!$G$2,-1)} -> 0
A52: 7 | B52: 吉林 | C52: 2020 | D52: 7185.7 | E52: 15764.858 | F52: 12311.32 | G52: 0.58366609 | H52: =(G52-G51)/G51 -> -0.040304659 | I52: 0.39364337 | J52: =(I52-I51)/I51 -> 0.078840893 | K52: 1.2805173 | L52: =(K52-K51)/K51 -> -0.056364476 | M52: 0 | N52: 0 | O52: 1 | P52: 0.84762756 | Q52: 0.13196481 | R52: 0.057812573 | S52: 0.4 | T52: -0.54 | U52: 0.044728435 | V52: -0.10307018 | W52: -0.112 | X52: 0.37142503 | Y52: 0.09483667 | Z52: 0.04145861 | AA52: 0.11428571 | AB52: -0.31395349 | AC52: 0.036152914 | AD52: -0.11018755 | AE52: -0.13066667 | AF52: 0.177 | AG52: 0.135 | AH52: 0.18 | AI52: 0.2 | AJ52: 0.65 | AK52: 0.885 | AL52: 1 | AM52: 1 | AN52: 0.8 | AO52: 1 | AP52: =AVERAGE(AK52,AN52) -> 0.8425 | AQ52: =AVERAGE(AL52) -> 1 | AR52: =AVERAGE(AM52,AO52) -> 1 | AS52: {=_xlfn.IFS(AF52>'“主要目标”数据分表'!$C$2,1,AF52='“主要目标”数据分表'!$C$2,0,AF52<'“主要目标”数据分表'!$C$2,-1)} -> -1 | AT52: {=_xlfn.IFS(AG52>'“主要目标”数据分表'!$D$2,1,AG52='“主要目标”数据分表'!$D$2,0,AG52<'“主要目标”数据分表'!$D$2,-1)} -> 0 | AU52: {=_xlfn.IFS(AH52>'“主要目标”数据分表'!$E$2,1,AH52='“主要目标”数据分表'!$E$2,0,AH52<'“主要目标”数据分表'!$E$2,-1)} -> 0 | AV52: {=_xlfn.IFS(AI52>'“主要目标”数据分表'!$F$2,1,AI52='“主要目标”数据分表'!$F$2,0,AI52<'“主要目标”数据分表'!$F$2,-1)} -> -1 | AW52: {=_xlfn.IFS(AJ52>'“主要目标”数据分表'!$G$2,1,AJ52='“主要目标”数据分表'!$G$2,0,AJ52<'“主要目标”数据分表'!$G$2,-1)} -> 0
A53: 7 | B53: 吉林 | C53: 2021 | D53: 7287.6 | E53: 16255.552 | F53: 13235.515 | G53: 0.55060947 | H53: =(G53-G52)/G52 -> -0.056636184 | I53: 0.39998787 | J53: =(I53-I52)/I52 -> 0.016117382 | K53: 1.2281767 | L53: =(K53-K52)/K52 -> -0.040874536 | M53: 0 | N53: 0 | O53: 1 | P53: 0.84762756 | Q53: 0.13196481 | R53: 0.057812573 | S53: 0.4 | T53: -0.54 | U53: 0.044728435 | V53: -0.10307018 | W53: -0.112 | X53: 0.37142503 | Y53: 0.09483667 | Z53: 0.04145861 | AA53: 0.11428571 | AB53: -0.31395349 | AC53: 0.036152914 | AD53: -0.11018755 | AE53: -0.13066667 | AF53: 0.177 | AG53: 0.135 | AH53: 0.18 | AI53: 0.2 | AJ53: 0.65 | AK53: 0.885 | AL53: 1 | AM53: 1 | AN53: 0.8 | AO53: 1 | AP53: =AVERAGE(AK53,AN53) -> 0.8425 | AQ53: =AVERAGE(AL53) -> 1 | AR53: =AVERAGE(AM53,AO53) -> 1 | AS53: {=_xlfn.IFS(AF53>'“主要目标”数据分表'!$C$2,1,AF53='“主要目标”数据分表'!$C$2,0,AF53<'“主要目标”数据分表'!$C$2,-1)} -> -1 | AT53: {=_xlfn.IFS(AG53>'“主要目标”数据分表'!$D$2,1,AG53='“主要目标”数据分表'!$D$2,0,AG53<'“主要目标”数据分表'!$D$2,-1)} -> 0 | AU53: {=_xlfn.IFS(AH53>'“主要目标”数据分表'!$E$2,1,AH53='“主要目标”数据分表'!$E$2,0,AH53<'“主要目标”数据分表'!$E$2,-1)} -> 0 | AV53: {=_xlfn.IFS(AI53>'“主要目标”数据分表'!$F$2,1,AI53='“主要目标”数据分表'!$F$2,0,AI53<'“主要目标”数据分表'!$F$2,-1)} -> -1 | AW53: {=_xlfn.IFS(AJ53>'“主要目标”数据分表'!$G$2,1,AJ53='“主要目标”数据分表'!$G$2,0,AJ53<'“主要目标”数据分表'!$G$2,-1)} -> 0
A54: 7 | B54: 吉林 | C54: 2022 | D54: 7027.8 | E54: 16005.15 | F54: 13070.2 | G54: 0.53769644 | H54: =(G54-G53)/G53 -> -0.023452248 | I54: 0.45648061 | J54: =(I54-I53)/I53 -> 0.14123615 | K54: 1.2245528 | L54: =(K54-K53)/K53 -> -0.0029506644 | M54: 1 | N54: 0 | O54: 1 | P54: 0.84762756 | Q54: 0.13196481 | R54: 0.057812573 | S54: 0.4 | T54: -0.54 | U54: 0.044728435 | V54: -0.10307018 | W54: -0.112 | X54: 0.37142503 | Y54: 0.09483667 | Z54: 0.04145861 | AA54: 0.11428571 | AB54: -0.31395349 | AC54: 0.036152914 | AD54: -0.11018755 | AE54: -0.13066667 | AF54: 0.177 | AG54: 0.135 | AH54: 0.18 | AI54: 0.2 | AJ54: 0.65 | AK54: 0.885 | AL54: 1 | AM54: 1 | AN54: 0.8 | AO54: 1 | AP54: =AVERAGE(AK54,AN54) -> 0.8425 | AQ54: =AVERAGE(AL54) -> 1 | AR54: =AVERAGE(AM54,AO54) -> 1 | AS54: {=_xlfn.IFS(AF54>'“主要目标”数据分表'!$C$2,1,AF54='“主要目标”数据分表'!$C$2,0,AF54<'“主要目标”数据分表'!$C$2,-1)} -> -1 | AT54: {=_xlfn.IFS(AG54>'“主要目标”数据分表'!$D$2,1,AG54='“主要目标”数据分表'!$D$2,0,AG54<'“主要目标”数据分表'!$D$2,-1)} -> 0 | AU54: {=_xlfn.IFS(AH54>'“主要目标”数据分表'!$E$2,1,AH54='“主要目标”数据分表'!$E$2,0,AH54<'“主要目标”数据分表'!$E$2,-1)} -> 0 | AV54: {=_xlfn.IFS(AI54>'“主要目标”数据分表'!$F$2,1,AI54='“主要目标”数据分表'!$F$2,0,AI54<'“主要目标”数据分表'!$F$2,-1)} -> -1 | AW54: {=_xlfn.IFS(AJ54>'“主要目标”数据分表'!$G$2,1,AJ54='“主要目标”数据分表'!$G$2,0,AJ54<'“主要目标”数据分表'!$G$2,-1)} -> 0
A55: 7 | B55: 吉林 | C55: 2023 | D55: 7434 | E55: 17040.448 | F55: 13531.2 | G55: 0.54939695 | H55: =(G55-G54)/G54 -> 0.021760438 | K55: 1.2593449 | L55: =(K55-K54)/K54 -> 0.028412129 | M55: 1 | N55: 1 | O55: 1 | P55: 0.84762756 | Q55: 0.13196481 | R55: 0.057812573 | S55: 0.4 | T55: -0.54 | U55: 0.044728435 | V55: -0.10307018 | W55: -0.112 | X55: 0.37142503 | Y55: 0.09483667 | Z55: 0.04145861 | AA55: 0.11428571 | AB55: -0.31395349 | AC55: 0.036152914 | AD55: -0.11018755 | AE55: -0.13066667 | AF55: 0.177 | AG55: 0.135 | AH55: 0.18 | AI55: 0.2 | AJ55: 0.65 | AK55: 0.885 | AL55: 1 | AM55: 1 | AN55: 0.8 | AO55: 1 | AP55: =AVERAGE(AK55,AN55) -> 0.8425 | AQ55: =AVERAGE(AL55) -> 1 | AR55: =AVERAGE(AM55,AO55) -> 1 | AS55: {=_xlfn.IFS(AF55>'“主要目标”数据分表'!$C$2,1,AF55='“主要目标”数据分表'!$C$2,0,AF55<'“主要目标”数据分表'!$C$2,-1)} -> -1 | AT55: {=_xlfn.IFS(AG55>'“主要目标”数据分表'!$D$2,1,AG55='“主要目标”数据分表'!$D$2,0,AG55<'“主要目标”数据分表'!$D$2,-1)} -> 0 | AU55: {=_xlfn.IFS(AH55>'“主要目标”数据分表'!$E$2,1,AH55='“主要目标”数据分表'!$E$2,0,AH55<'“主要目标”数据分表'!$E$2,-1)} -> 0 | AV55: {=_xlfn.IFS(AI55>'“主要目标”数据分表'!$F$2,1,AI55='“主要目标”数据分表'!$F$2,0,AI55<'“主要目标”数据分表'!$F$2,-1)} -> -1 | AW55: {=_xlfn.IFS(AJ55>'“主要目标”数据分表'!$G$2,1,AJ55='“主要目标”数据分表'!$G$2,0,AJ55<'“主要目标”数据分表'!$G$2,-1)} -> 0
A56: 8 | B56: 黑龙江 | C56: 2016 | D56: 11070 | E56: 18016.685 | F56: 15386.09 | G56: 0.71948104 | I56: 0.26402982 | K56: 1.1709723 | M56: 0 | N56: 0 | O56: 0 | P56: 1 | Q56: 0 | R56: 0 | S56: 0 | T56: 0 | U56: 0 | V56: 0 | W56: 0 | X56: 1 | Y56: 0 | Z56: 0 | AA56: 0 | AB56: 0 | AC56: 0 | AD56: 0 | AE56: 0 | AF56: 0.2 | AG56: 0.135 | AH56: 0.18 | AI56: 0.25 | AJ56: 0.65 | AK56: 1 | AL56: 1 | AM56: 1 | AN56: 1 | AO56: 1 | AP56: =AVERAGE(AK56,AN56) -> 1 | AQ56: =AVERAGE(AL56) -> 1 | AR56: =AVERAGE(AM56,AO56) -> 1 | AS56: {=_xlfn.IFS(AF56>'“主要目标”数据分表'!$C$2,1,AF56='“主要目标”数据分表'!$C$2,0,AF56<'“主要目标”数据分表'!$C$2,-1)} -> 0 | AT56: {=_xlfn.IFS(AG56>'“主要目标”数据分表'!$D$2,1,AG56='“主要目标”数据分表'!$D$2,0,AG56<'“主要目标”数据分表'!$D$2,-1)} -> 0 | AU56: {=_xlfn.IFS(AH56>'“主要目标”数据分表'!$E$2,1,AH56='“主要目标”数据分表'!$E$2,0,AH56<'“主要目标”数据分表'!$E$2,-1)} -> 0 | AV56: {=_xlfn.IFS(AI56>'“主要目标”数据分表'!$F$2,1,AI56='“主要目标”数据分表'!$F$2,0,AI56<'“主要目标”数据分表'!$F$2,-1)} -> 0 | AW56: {=_xlfn.IFS(AJ56>'“主要目标”数据分表'!$G$2,1,AJ56='“主要目标”数据分表'!$G$2,0,AJ56<'“主要目标”数据分表'!$G$2,-1)} -> 0
A57: 8 | B57: 黑龙江 | C57: 2017 | D57: 11258 | E57: 18799.855 | F57: 15902.68 | G57: 0.70793099 | H57: =(G57-G56)/G56 -> -0.016053304 | I57: 0.29638354 | J57: =(I57-I56)/I56 -> 0.12253815 | K57: 1.1821816 | L57: =(K57-K56)/K56 -> 0.0095726023 | M57: 0 | N57: 0 | O57: 0 | P57: 1 | Q57: 0 | R57: 0 | S57: 0 | T57: 0 | U57: 0 | V57: 0 | W57: 0 | X57: 1 | Y57: 0 | Z57: 0 | AA57: 0 | AB57: 0 | AC57: 0 | AD57: 0 | AE57: 0 | AF57: 0.2 | AG57: 0.135 | AH57: 0.18 | AI57: 0.25 | AJ57: 0.65 | AK57: 1 | AL57: 1 | AM57: 1 | AN57: 1 | AO57: 1 | AP57: =AVERAGE(AK57,AN57) -> 1 | AQ57: =AVERAGE(AL57) -> 1 | AR57: =AVERAGE(AM57,AO57) -> 1 | AS57: {=_xlfn.IFS(AF57>'“主要目标”数据分表'!$C$2,1,AF57='“主要目标”数据分表'!$C$2,0,AF57<'“主要目标”数据分表'!$C$2,-1)} -> 0 | AT57: {=_xlfn.IFS(AG57>'“主要目标”数据分表'!$D$2,1,AG57='“主要目标”数据分表'!$D$2,0,AG57<'“主要目标”数据分表'!$D$2,-1)} -> 0 | AU57: {=_xlfn.IFS(AH57>'“主要目标”数据分表'!$E$2,1,AH57='“主要目标”数据分表'!$E$2,0,AH57<'“主要目标”数据分表'!$E$2,-1)} -> 0 | AV57: {=_xlfn.IFS(AI57>'“主要目标”数据分表'!$F$2,1,AI57='“主要目标”数据分表'!$F$2,0,AI57<'“主要目标”数据分表'!$F$2,-1)} -> 0 | AW57: {=_xlfn.IFS(AJ57>'“主要目标”数据分表'!$G$2,1,AJ57='“主要目标”数据分表'!$G$2,0,AJ57<'“主要目标”数据分表'!$G$2,-1)} -> 0
A58: 8 | B58: 黑龙江 | C58: 2018 | D58: 11436 | E58: 19237.891 | F58: 16361.62 | G58: 0.69895279 | H58: =(G58-G57)/G57 -> -0.012682305 | I58: 0.35723127 | J58: =(I58-I57)/I57 -> 0.20530064 | K58: 1.1757938 | L58: =(K58-K57)/K57 -> -0.0054033736 | M58: 0 | N58: 0 | O58: 0 | P58: 1 | Q58: 0 | R58: 0 | S58: 0 | T58: 0 | U58: 0 | V58: 0 | W58: 0 | X58: 1 | Y58: 0 | Z58: 0 | AA58: 0 | AB58: 0 | AC58: 0 | AD58: 0 | AE58: 0 | AF58: 0.2 | AG58: 0.135 | AH58: 0.18 | AI58: 0.25 | AJ58: 0.65 | AK58: 1 | AL58: 1 | AM58: 1 | AN58: 1 | AO58: 1 | AP58: =AVERAGE(AK58,AN58) -> 1 | AQ58: =AVERAGE(AL58) -> 1 | AR58: =AVERAGE(AM58,AO58) -> 1 | AS58: {=_xlfn.IFS(AF58>'“主要目标”数据分表'!$C$2,1,AF58='“主要目标”数据分表'!$C$2,0,AF58<'“主要目标”数据分表'!$C$2,-1)} -> 0 | AT58: {=_xlfn.IFS(AG58>'“主要目标”数据分表'!$D$2,1,AG58='“主要目标”数据分表'!$D$2,0,AG58<'“主要目标”数据分表'!$D$2,-1)} -> 0 | AU58: {=_xlfn.IFS(AH58>'“主要目标”数据分表'!$E$2,1,AH58='“主要目标”数据分表'!$E$2,0,AH58<'“主要目标”数据分表'!$E$2,-1)} -> 0 | AV58: {=_xlfn.IFS(AI58>'“主要目标”数据分表'!$F$2,1,AI58='“主要目标”数据分表'!$F$2,0,AI58<'“主要目标”数据分表'!$F$2,-1)} -> 0 | AW58: {=_xlfn.IFS(AJ58>'“主要目标”数据分表'!$G$2,1,AJ58='“主要目标”数据分表'!$G$2,0,AJ58<'“主要目标”数据分表'!$G$2,-1)} -> 0
A59: 8 | B59: 黑龙江 | C59: 2019 | D59: 11614 | E59: 19265.986 | F59: 13612.68 | G59: 0.85317513 | H59: =(G59-G58)/G58 -> 0.22064771 | I59: 0.34797522 | J59: =(I59-I58)/I58 -> -0.025910532 | K59: 1.4152971 | L59: =(K59-K58)/K58 -> 0.20369496 | M59: 0 | N59: 0 | O59: 0 | P59: 1 | Q59: 0 | R59: 0 | S59: 0 | T59: 0 | U59: 0 | V59: 0 | W59: 0 | X59: 1 | Y59: 0 | Z59: 0 | AA59: 0 | AB59: 0 | AC59: 0 | AD59: 0 | AE59: 0 | AF59: 0.2 | AG59: 0.135 | AH59: 0.18 | AI59: 0.25 | AJ59: 0.65 | AK59: 1 | AL59: 1 | AM59: 1 | AN59: 1 | AO59: 1 | AP59: =AVERAGE(AK59,AN59) -> 1 | AQ59: =AVERAGE(AL59) -> 1 | AR59: =AVERAGE(AM59,AO59) -> 1 | AS59: {=_xlfn.IFS(AF59>'“主要目标”数据分表'!$C$2,1,AF59='“主要目标”数据分表'!$C$2,0,AF59<'“主要目标”数据分表'!$C$2,-1)} -> 0 | AT59: {=_xlfn.IFS(AG59>'“主要目标”数据分表'!$D$2,1,AG59='“主要目标”数据分表'!$D$2,0,AG59<'“主要目标”数据分表'!$D$2,-1)} -> 0 | AU59: {=_xlfn.IFS(AH59>'“主要目标”数据分表'!$E$2,1,AH59='“主要目标”数据分表'!$E$2,0,AH59<'“主要目标”数据分表'!$E$2,-1)} -> 0 | AV59: {=_xlfn.IFS(AI59>'“主要目标”数据分表'!$F$2,1,AI59='“主要目标”数据分表'!$F$2,0,AI59<'“主要目标”数据分表'!$F$2,-1)} -> 0 | AW59: {=_xlfn.IFS(AJ59>'“主要目标”数据分表'!$G$2,1,AJ59='“主要目标”数据分表'!$G$2,0,AJ59<'“主要目标”数据分表'!$G$2,-1)} -> 0
A60: 8 | B60: 黑龙江 | C60: 2020 | D60: 11525.1 | E60: 19547.891 | F60: 13698.5 | G60: 0.84134029 | H60: =(G60-G59)/G59 -> -0.013871519 | I60: 0.40677693 | J60: =(I60-I59)/I59 -> 0.16898245 | K60: 1.4270096 | L60: =(K60-K59)/K59 -> 0.0082756534 | M60: 0 | N60: 0 | O60: 0 | P60: 1 | Q60: 0 | R60: 0 | S60: 0 | T60: 0 | U60: 0 | V60: 0 | W60: 0 | X60: 1 | Y60: 0 | Z60: 0 | AA60: 0 | AB60: 0 | AC60: 0 | AD60: 0 | AE60: 0 | AF60: 0.2 | AG60: 0.135 | AH60: 0.18 | AI60: 0.25 | AJ60: 0.65 | AK60: 1 | AL60: 1 | AM60: 1 | AN60: 1 | AO60: 1 | AP60: =AVERAGE(AK60,AN60) -> 1 | AQ60: =AVERAGE(AL60) -> 1 | AR60: =AVERAGE(AM60,AO60) -> 1 | AS60: {=_xlfn.IFS(AF60>'“主要目标”数据分表'!$C$2,1,AF60='“主要目标”数据分表'!$C$2,0,AF60<'“主要目标”数据分表'!$C$2,-1)} -> 0 | AT60: {=_xlfn.IFS(AG60>'“主要目标”数据分表'!$D$2,1,AG60='“主要目标”数据分表'!$D$2,0,AG60<'“主要目标”数据分表'!$D$2,-1)} -> 0 | AU60: {=_xlfn.IFS(AH60>'“主要目标”数据分表'!$E$2,1,AH60='“主要目标”数据分表'!$E$2,0,AH60<'“主要目标”数据分表'!$E$2,-1)} -> 0 | AV60: {=_xlfn.IFS(AI60>'“主要目标”数据分表'!$F$2,1,AI60='“主要目标”数据分表'!$F$2,0,AI60<'“主要目标”数据分表'!$F$2,-1)} -> 0 | AW60: {=_xlfn.IFS(AJ60>'“主要目标”数据分表'!$G$2,1,AJ60='“主要目标”数据分表'!$G$2,0,AJ60<'“主要目标”数据分表'!$G$2,-1)} -> 0
A61: 8 | B61: 黑龙江 | C61: 2021 | D61: 12191.6 | E61: 20543.989 | F61: 14879.19 | G61: 0.81937256 | H61: =(G61-G60)/G60 -> -0.026110401 | I61: 0.41114866 | J61: =(I61-I60)/I60 -> 0.010747245 | K61: 1.3807196 | L61: =(K61-K60)/K60 -> -0.032438485 | M61: 0 | N61: 0 | O61: 0 | P61: 1 | Q61: 0 | R61: 0 | S61: 0 | T61: 0 | U61: 0 | V61: 0 | W61: 0 | X61: 1 | Y61: 0 | Z61: 0 | AA61: 0 | AB61: 0 | AC61: 0 | AD61: 0 | AE61: 0 | AF61: 0.2 | AG61: 0.135 | AH61: 0.18 | AI61: 0.25 | AJ61: 0.65 | AK61: 1 | AL61: 1 | AM61: 1 | AN61: 1 | AO61: 1 | AP61: =AVERAGE(AK61,AN61) -> 1 | AQ61: =AVERAGE(AL61) -> 1 | AR61: =AVERAGE(AM61,AO61) -> 1 | AS61: {=_xlfn.IFS(AF61>'“主要目标”数据分表'!$C$2,1,AF61='“主要目标”数据分表'!$C$2,0,AF61<'“主要目标”数据分表'!$C$2,-1)} -> 0 | AT61: {=_xlfn.IFS(AG61>'“主要目标”数据分表'!$D$2,1,AG61='“主要目标”数据分表'!$D$2,0,AG61<'“主要目标”数据分表'!$D$2,-1)} -> 0 | AU61: {=_xlfn.IFS(AH61>'“主要目标”数据分表'!$E$2,1,AH61='“主要目标”数据分表'!$E$2,0,AH61<'“主要目标”数据分表'!$E$2,-1)} -> 0 | AV61: {=_xlfn.IFS(AI61>'“主要目标”数据分表'!$F$2,1,AI61='“主要目标”数据分表'!$F$2,0,AI61<'“主要目标”数据分表'!$F$2,-1)} -> 0 | AW61: {=_xlfn.IFS(AJ61>'“主要目标”数据分表'!$G$2,1,AJ61='“主要目标”数据分表'!$G$2,0,AJ61<'“主要目标”数据分表'!$G$2,-1)} -> 0
A62: 8 | B62: 黑龙江 | C62: 2022 | D62: 12035 | E62: 20373.432 | F62: 15901 | G62: 0.75687064 | H62: =(G62-G61)/G61 -> -0.076280225 | I62: 0.42803673 | J62: =(I62-I61)/I61 -> 0.04107534 | K62: 1.2812673 | L62: =(K62-K61)/K61 -> -0.072029267 | M62: 1 | N62: 0 | O62: 0 | P62: 1 | Q62: 0 | R62: 0 | S62: 0 | T62: 0 | U62: 0 | V62: 0 | W62: 0 | X62: 1 | Y62: 0 | Z62: 0 | AA62: 0 | AB62: 0 | AC62: 0 | AD62: 0 | AE62: 0 | AF62: 0.2 | AG62: 0.135 | AH62: 0.18 | AI62: 0.25 | AJ62: 0.65 | AK62: 1 | AL62: 1 | AM62: 1 | AN62: 1 | AO62: 1 | AP62: =AVERAGE(AK62,AN62) -> 1 | AQ62: =AVERAGE(AL62) -> 1 | AR62: =AVERAGE(AM62,AO62) -> 1 | AS62: {=_xlfn.IFS(AF62>'“主要目标”数据分表'!$C$2,1,AF62='“主要目标”数据分表'!$C$2,0,AF62<'“主要目标”数据分表'!$C$2,-1)} -> 0 | AT62: {=_xlfn.IFS(AG62>'“主要目标”数据分表'!$D$2,1,AG62='“主要目标”数据分表'!$D$2,0,AG62<'“主要目标”数据分表'!$D$2,-1)} -> 0 | AU62: {=_xlfn.IFS(AH62>'“主要目标”数据分表'!$E$2,1,AH62='“主要目标”数据分表'!$E$2,0,AH62<'“主要目标”数据分表'!$E$2,-1)} -> 0 | AV62: {=_xlfn.IFS(AI62>'“主要目标”数据分表'!$F$2,1,AI62='“主要目标”数据分表'!$F$2,0,AI62<'“主要目标”数据分表'!$F$2,-1)} -> 0 | AW62: {=_xlfn.IFS(AJ62>'“主要目标”数据分表'!$G$2,1,AJ62='“主要目标”数据分表'!$G$2,0,AJ62<'“主要目标”数据分表'!$G$2,-1)} -> 0
A63: 8 | B63: 黑龙江 | C63: 2023 | D63: 12067.495 | E63: 21479.534 | F63: 15883.9 | G63: 0.75973121 | H63: =(G63-G62)/G62 -> 0.0037794685 | K63: 1.3522834 | L63: =(K63-K62)/K62 -> 0.055426395 | M63: 1 | N63: 1 | O63: 0 | P63: 1 | Q63: 0 | R63: 0 | S63: 0 | T63: 0 | U63: 0 | V63: 0 | W63: 0 | X63: 1 | Y63: 0 | Z63: 0 | AA63: 0 | AB63: 0 | AC63: 0 | AD63: 0 | AE63: 0 | AF63: 0.2 | AG63: 0.135 | AH63: 0.18 | AI63: 0.25 | AJ63: 0.65 | AK63: 1 | AL63: 1 | AM63: 1 | AN63: 1 | AO63: 1 | AP63: =AVERAGE(AK63,AN63) -> 1 | AQ63: =AVERAGE(AL63) -> 1 | AR63: =AVERAGE(AM63,AO63) -> 1 | AS63: {=_xlfn.IFS(AF63>'“主要目标”数据分表'!$C$2,1,AF63='“主要目标”数据分表'!$C$2,0,AF63<'“主要目标”数据分表'!$C$2,-1)} -> 0 | AT63: {=_xlfn.IFS(AG63>'“主要目标”数据分表'!$D$2,1,AG63='“主要目标”数据分表'!$D$2,0,AG63<'“主要目标”数据分表'!$D$2,-1)} -> 0 | AU63: {=_xlfn.IFS(AH63>'“主要目标”数据分表'!$E$2,1,AH63='“主要目标”数据分表'!$E$2,0,AH63<'“主要目标”数据分表'!$E$2,-1)} -> 0 | AV63: {=_xlfn.IFS(AI63>'“主要目标”数据分表'!$F$2,1,AI63='“主要目标”数据分表'!$F$2,0,AI63<'“主要目标”数据分表'!$F$2,-1)} -> 0 | AW63: {=_xlfn.IFS(AJ63>'“主要目标”数据分表'!$G$2,1,AJ63='“主要目标”数据分表'!$G$2,0,AJ63<'“主要目标”数据分表'!$G$2,-1)} -> 0
A64: 9 | B64: 上海 | C64: 2016 | D64: 11242 | E64: 18133.361 | F64: 28178.65 | G64: 0.39895453 | I64: 0.24997624 | K64: 0.6435142 | M64: 0 | N64: 0 | O64: 1 | P64: 0.82522388 | Q64: 0.48093842 | R64: 0.60962854 | S64: 2.7 | T64: 0.51 | U64: 0.35084746 | V64: 0.23809524 | W64: 0.36413043 | X64: 0.27900418 | Y64: 0.34562698 | Z64: 0.43717743 | AA64: 0.77142857 | AB64: 0.29651163 | AC64: 0.28358153 | AD64: 0.2545366 | AE64: 0.42481884 | AF64: 0.2 | AG64: 0.14 | AH64: 0.18 | AI64: 0.25 | AJ64: 0.7 | AK64: 1 | AL64: 1.037037 | AM64: 1 | AN64: 1 | AO64: 1.0769231 | AP64: =AVERAGE(AK64,AN64) -> 1 | AQ64: =AVERAGE(AL64) -> 1.037037 | AR64: =AVERAGE(AM64,AO64) -> 1.0384615 | AS64: {=_xlfn.IFS(AF64>'“主要目标”数据分表'!$C$2,1,AF64='“主要目标”数据分表'!$C$2,0,AF64<'“主要目标”数据分表'!$C$2,-1)} -> 0 | AT64: {=_xlfn.IFS(AG64>'“主要目标”数据分表'!$D$2,1,AG64='“主要目标”数据分表'!$D$2,0,AG64<'“主要目标”数据分表'!$D$2,-1)} -> 1 | AU64: {=_xlfn.IFS(AH64>'“主要目标”数据分表'!$E$2,1,AH64='“主要目标”数据分表'!$E$2,0,AH64<'“主要目标”数据分表'!$E$2,-1)} -> 0 | AV64: {=_xlfn.IFS(AI64>'“主要目标”数据分表'!$F$2,1,AI64='“主要目标”数据分表'!$F$2,0,AI64<'“主要目标”数据分表'!$F$2,-1)} -> 0 | AW64: {=_xlfn.IFS(AJ64>'“主要目标”数据分表'!$G$2,1,AJ64='“主要目标”数据分表'!$G$2,0,AJ64<'“主要目标”数据分表'!$G$2,-1)} -> 1
A65: 9 | B65: 上海 | C65: 2017 | D65: 11382 | E65: 18388.376 | F65: 30632.99 | G65: 0.3715602 | H65: =(G65-G64)/G64 -> -0.068665279 | I65: 0.25182548 | J65: =(I65-I64)/I64 -> 0.0073976348 | K65: 0.60028016 | L65: =(K65-K64)/K64 -> -0.067184274 | M65: 0 | N65: 0 | O65: 1 | P65: 0.82522388 | Q65: 0.48093842 | R65: 0.60962854 | S65: 2.7 | T65: 0.51 | U65: 0.35084746 | V65: 0.23809524 | W65: 0.36413043 | X65: 0.27900418 | Y65: 0.34562698 | Z65: 0.43717743 | AA65: 0.77142857 | AB65: 0.29651163 | AC65: 0.28358153 | AD65: 0.2545366 | AE65: 0.42481884 | AF65: 0.2 | AG65: 0.14 | AH65: 0.18 | AI65: 0.25 | AJ65: 0.7 | AK65: 1 | AL65: 1.037037 | AM65: 1 | AN65: 1 | AO65: 1.0769231 | AP65: =AVERAGE(AK65,AN65) -> 1 | AQ65: =AVERAGE(AL65) -> 1.037037 | AR65: =AVERAGE(AM65,AO65) -> 1.0384615 | AS65: {=_xlfn.IFS(AF65>'“主要目标”数据分表'!$C$2,1,AF65='“主要目标”数据分表'!$C$2,0,AF65<'“主要目标”数据分表'!$C$2,-1)} -> 0 | AT65: {=_xlfn.IFS(AG65>'“主要目标”数据分表'!$D$2,1,AG65='“主要目标”数据分表'!$D$2,0,AG65<'“主要目标”数据分表'!$D$2,-1)} -> 1 | AU65: {=_xlfn.IFS(AH65>'“主要目标”数据分表'!$E$2,1,AH65='“主要目标”数据分表'!$E$2,0,AH65<'“主要目标”数据分表'!$E$2,-1)} -> 0 | AV65: {=_xlfn.IFS(AI65>'“主要目标”数据分表'!$F$2,1,AI65='“主要目标”数据分表'!$F$2,0,AI65<'“主要目标”数据分表'!$F$2,-1)} -> 0 | AW65: {=_xlfn.IFS(AJ65>'“主要目标”数据分表'!$G$2,1,AJ65='“主要目标”数据分表'!$G$2,0,AJ65<'“主要目标”数据分表'!$G$2,-1)} -> 1
A66: 9 | B66: 上海 | C66: 2018 | D66: 11454 | E66: 18892.219 | F66: 32679.87 | G66: 0.35049099 | H66: =(G66-G65)/G65 -> -0.056704709 | I66: 0.26477959 | J66: =(I66-I65)/I65 -> 0.051440849 | K66: 0.57809958 | L66: =(K66-K65)/K65 -> -0.036950392 | M66: 0 | N66: 0 | O66: 1 | P66: 0.82522388 | Q66: 0.48093842 | R66: 0.60962854 | S66: 2.7 | T66: 0.51 | U66: 0.35084746 | V66: 0.23809524 | W66: 0.36413043 | X66: 0.27900418 | Y66: 0.34562698 | Z66: 0.43717743 | AA66: 0.77142857 | AB66: 0.29651163 | AC66: 0.28358153 | AD66: 0.2545366 | AE66: 0.42481884 | AF66: 0.2 | AG66: 0.14 | AH66: 0.18 | AI66: 0.25 | AJ66: 0.7 | AK66: 1 | AL66: 1.037037 | AM66: 1 | AN66: 1 | AO66: 1.0769231 | AP66: =AVERAGE(AK66,AN66) -> 1 | AQ66: =AVERAGE(AL66) -> 1.037037 | AR66: =AVERAGE(AM66,AO66) -> 1.0384615 | AS66: {=_xlfn.IFS(AF66>'“主要目标”数据分表'!$C$2,1,AF66='“主要目标”数据分表'!$C$2,0,AF66<'“主要目标”数据分表'!$C$2,-1)} -> 0 | AT66: {=_xlfn.IFS(AG66>'“主要目标”数据分表'!$D$2,1,AG66='“主要目标”数据分表'!$D$2,0,AG66<'“主要目标”数据分表'!$D$2,-1)} -> 1 | AU66: {=_xlfn.IFS(AH66>'“主要目标”数据分表'!$E$2,1,AH66='“主要目标”数据分表'!$E$2,0,AH66<'“主要目标”数据分表'!$E$2,-1)} -> 0 | AV66: {=_xlfn.IFS(AI66>'“主要目标”数据分表'!$F$2,1,AI66='“主要目标”数据分表'!$F$2,0,AI66<'“主要目标”数据分表'!$F$2,-1)} -> 0 | AW66: {=_xlfn.IFS(AJ66>'“主要目标”数据分表'!$G$2,1,AJ66='“主要目标”数据分表'!$G$2,0,AJ66<'“主要目标”数据分表'!$G$2,-1)} -> 1
A67: 9 | B67: 上海 | C67: 2019 | D67: 11696 | E67: 19667.497 | F67: 38155.32 | G67: 0.30653655 | H67: =(G67-G66)/G66 -> -0.1254082 | I67: 0.26525746 | J67: =(I67-I66)/I66 -> 0.0018047743 | K67: 0.51545883 | L67: =(K67-K66)/K66 -> -0.10835633 | M67: 0 | N67: 0 | O67: 1 | P67: 0.82522388 | Q67: 0.48093842 | R67: 0.60962854 | S67: 2.7 | T67: 0.51 | U67: 0.35084746 | V67: 0.23809524 | W67: 0.36413043 | X67: 0.27900418 | Y67: 0.34562698 | Z67: 0.43717743 | AA67: 0.77142857 | AB67: 0.29651163 | AC67: 0.28358153 | AD67: 0.2545366 | AE67: 0.42481884 | AF67: 0.2 | AG67: 0.14 | AH67: 0.18 | AI67: 0.25 | AJ67: 0.7 | AK67: 1 | AL67: 1.037037 | AM67: 1 | AN67: 1 | AO67: 1.0769231 | AP67: =AVERAGE(AK67,AN67) -> 1 | AQ67: =AVERAGE(AL67) -> 1.037037 | AR67: =AVERAGE(AM67,AO67) -> 1.0384615 | AS67: {=_xlfn.IFS(AF67>'“主要目标”数据分表'!$C$2,1,AF67='“主要目标”数据分表'!$C$2,0,AF67<'“主要目标”数据分表'!$C$2,-1)} -> 0 | AT67: {=_xlfn.IFS(AG67>'“主要目标”数据分表'!$D$2,1,AG67='“主要目标”数据分表'!$D$2,0,AG67<'“主要目标”数据分表'!$D$2,-1)} -> 1 | AU67: {=_xlfn.IFS(AH67>'“主要目标”数据分表'!$E$2,1,AH67='“主要目标”数据分表'!$E$2,0,AH67<'“主要目标”数据分表'!$E$2,-1)} -> 0 | AV67: {=_xlfn.IFS(AI67>'“主要目标”数据分表'!$F$2,1,AI67='“主要目标”数据分表'!$F$2,0,AI67<'“主要目标”数据分表'!$F$2,-1)} -> 0 | AW67: {=_xlfn.IFS(AJ67>'“主要目标”数据分表'!$G$2,1,AJ67='“主要目标”数据分表'!$G$2,0,AJ67<'“主要目标”数据分表'!$G$2,-1)} -> 1
A68: 9 | B68: 上海 | C68: 2020 | D68: 11099.59 | E68: 19311.359 | F68: 38700.58 | G68: 0.28680681 | H68: =(G68-G67)/G67 -> -0.064363396 | I68: 0.29025094 | J68: =(I68-I67)/I67 -> 0.094223469 | K68: 0.49899404 | L68: =(K68-K67)/K67 -> -0.031942008 | M68: 0 | N68: 0 | O68: 1 | P68: 0.82522388 | Q68: 0.48093842 | R68: 0.60962854 | S68: 2.7 | T68: 0.51 | U68: 0.35084746 | V68: 0.23809524 | W68: 0.36413043 | X68: 0.27900418 | Y68: 0.34562698 | Z68: 0.43717743 | AA68: 0.77142857 | AB68: 0.29651163 | AC68: 0.28358153 | AD68: 0.2545366 | AE68: 0.42481884 | AF68: 0.2 | AG68: 0.14 | AH68: 0.18 | AI68: 0.25 | AJ68: 0.7 | AK68: 1 | AL68: 1.037037 | AM68: 1 | AN68: 1 | AO68: 1.0769231 | AP68: =AVERAGE(AK68,AN68) -> 1 | AQ68: =AVERAGE(AL68) -> 1.037037 | AR68: =AVERAGE(AM68,AO68) -> 1.0384615 | AS68: {=_xlfn.IFS(AF68>'“主要目标”数据分表'!$C$2,1,AF68='“主要目标”数据分表'!$C$2,0,AF68<'“主要目标”数据分表'!$C$2,-1)} -> 0 | AT68: {=_xlfn.IFS(AG68>'“主要目标”数据分表'!$D$2,1,AG68='“主要目标”数据分表'!$D$2,0,AG68<'“主要目标”数据分表'!$D$2,-1)} -> 1 | AU68: {=_xlfn.IFS(AH68>'“主要目标”数据分表'!$E$2,1,AH68='“主要目标”数据分表'!$E$2,0,AH68<'“主要目标”数据分表'!$E$2,-1)} -> 0 | AV68: {=_xlfn.IFS(AI68>'“主要目标”数据分表'!$F$2,1,AI68='“主要目标”数据分表'!$F$2,0,AI68<'“主要目标”数据分表'!$F$2,-1)} -> 0 | AW68: {=_xlfn.IFS(AJ68>'“主要目标”数据分表'!$G$2,1,AJ68='“主要目标”数据分表'!$G$2,0,AJ68<'“主要目标”数据分表'!$G$2,-1)} -> 1
A69: 9 | B69: 上海 | C69: 2021 | D69: 11683.02 | E69: 20270.967 | F69: 43214.85 | G69: 0.27034735 | H69: =(G69-G68)/G68 -> -0.057388689 | I69: 0.30770891 | J69: =(I69-I68)/I68 -> 0.060147875 | K69: 0.4690741 | L69: =(K69-K68)/K68 -> -0.059960519 | M69: 0 | N69: 0 | O69: 1 | P69: 0.82522388 | Q69: 0.48093842 | R69: 0.60962854 | S69: 2.7 | T69: 0.51 | U69: 0.35084746 | V69: 0.23809524 | W69: 0.36413043 | X69: 0.27900418 | Y69: 0.34562698 | Z69: 0.43717743 | AA69: 0.77142857 | AB69: 0.29651163 | AC69: 0.28358153 | AD69: 0.2545366 | AE69: 0.42481884 | AF69: 0.2 | AG69: 0.14 | AH69: 0.18 | AI69: 0.25 | AJ69: 0.7 | AK69: 1 | AL69: 1.037037 | AM69: 1 | AN69: 1 | AO69: 1.0769231 | AP69: =AVERAGE(AK69,AN69) -> 1 | AQ69: =AVERAGE(AL69) -> 1.037037 | AR69: =AVERAGE(AM69,AO69) -> 1.0384615 | AS69: {=_xlfn.IFS(AF69>'“主要目标”数据分表'!$C$2,1,AF69='“主要目标”数据分表'!$C$2,0,AF69<'“主要目标”数据分表'!$C$2,-1)} -> 0 | AT69: {=_xlfn.IFS(AG69>'“主要目标”数据分表'!$D$2,1,AG69='“主要目标”数据分表'!$D$2,0,AG69<'“主要目标”数据分表'!$D$2,-1)} -> 1 | AU69: {=_xlfn.IFS(AH69>'“主要目标”数据分表'!$E$2,1,AH69='“主要目标”数据分表'!$E$2,0,AH69<'“主要目标”数据分表'!$E$2,-1)} -> 0 | AV69: {=_xlfn.IFS(AI69>'“主要目标”数据分表'!$F$2,1,AI69='“主要目标”数据分表'!$F$2,0,AI69<'“主要目标”数据分表'!$F$2,-1)} -> 0 | AW69: {=_xlfn.IFS(AJ69>'“主要目标”数据分表'!$G$2,1,AJ69='“主要目标”数据分表'!$G$2,0,AJ69<'“主要目标”数据分表'!$G$2,-1)} -> 1
A70: 9 | B70: 上海 | C70: 2022 | D70: 10951.01 | E70: 19610.124 | F70: 44652.8 | G70: 0.245248 | H70: =(G70-G69)/G69 -> -0.092841095 | I70: 0.33139146 | J70: =(I70-I69)/I69 -> 0.07696411 | K70: 0.43916898 | L70: =(K70-K69)/K69 -> -0.063753515 | M70: 1 | N70: 0 | O70: 1 | P70: 0.82522388 | Q70: 0.48093842 | R70: 0.60962854 | S70: 2.7 | T70: 0.51 | U70: 0.35084746 | V70: 0.23809524 | W70: 0.36413043 | X70: 0.27900418 | Y70: 0.34562698 | Z70: 0.43717743 | AA70: 0.77142857 | AB70: 0.29651163 | AC70: 0.28358153 | AD70: 0.2545366 | AE70: 0.42481884 | AF70: 0.2 | AG70: 0.14 | AH70: 0.18 | AI70: 0.25 | AJ70: 0.7 | AK70: 1 | AL70: 1.037037 | AM70: 1 | AN70: 1 | AO70: 1.0769231 | AP70: =AVERAGE(AK70,AN70) -> 1 | AQ70: =AVERAGE(AL70) -> 1.037037 | AR70: =AVERAGE(AM70,AO70) -> 1.0384615 | AS70: {=_xlfn.IFS(AF70>'“主要目标”数据分表'!$C$2,1,AF70='“主要目标”数据分表'!$C$2,0,AF70<'“主要目标”数据分表'!$C$2,-1)} -> 0 | AT70: {=_xlfn.IFS(AG70>'“主要目标”数据分表'!$D$2,1,AG70='“主要目标”数据分表'!$D$2,0,AG70<'“主要目标”数据分表'!$D$2,-1)} -> 1 | AU70: {=_xlfn.IFS(AH70>'“主要目标”数据分表'!$E$2,1,AH70='“主要目标”数据分表'!$E$2,0,AH70<'“主要目标”数据分表'!$E$2,-1)} -> 0 | AV70: {=_xlfn.IFS(AI70>'“主要目标”数据分表'!$F$2,1,AI70='“主要目标”数据分表'!$F$2,0,AI70<'“主要目标”数据分表'!$F$2,-1)} -> 0 | AW70: {=_xlfn.IFS(AJ70>'“主要目标”数据分表'!$G$2,1,AJ70='“主要目标”数据分表'!$G$2,0,AJ70<'“主要目标”数据分表'!$G$2,-1)} -> 1
A71: 9 | B71: 上海 | C71: 2023 | D71: 11793.23 | E71: 20527.074 | F71: 47218.66 | G71: =D71/F71 -> 0.24975783 | H71: =(G71-G70)/G70 -> 0.018388841 | K71: 0.43472378 | L71: =(K71-K70)/K70 -> -0.01012184 | M71: 1 | N71: 1 | O71: 1 | P71: 0.82522388 | Q71: 0.48093842 | R71: 0.60962854 | S71: 2.7 | T71: 0.51 | U71: 0.35084746 | V71: 0.23809524 | W71: 0.36413043 | X71: 0.27900418 | Y71: 0.34562698 | Z71: 0.43717743 | AA71: 0.77142857 | AB71: 0.29651163 | AC71: 0.28358153 | AD71: 0.2545366 | AE71: 0.42481884 | AF71: 0.2 | AG71: 0.14 | AH71: 0.18 | AI71: 0.25 | AJ71: 0.7 | AK71: 1 | AL71: 1.037037 | AM71: 1 | AN71: 1 | AO71: 1.0769231 | AP71: =AVERAGE(AK71,AN71) -> 1 | AQ71: =AVERAGE(AL71) -> 1.037037 | AR71: =AVERAGE(AM71,AO71) -> 1.0384615 | AS71: {=_xlfn.IFS(AF71>'“主要目标”数据分表'!$C$2,1,AF71='“主要目标”数据分表'!$C$2,0,AF71<'“主要目标”数据分表'!$C$2,-1)} -> 0 | AT71: {=_xlfn.IFS(AG71>'“主要目标”数据分表'!$D$2,1,AG71='“主要目标”数据分表'!$D$2,0,AG71<'“主要目标”数据分表'!$D$2,-1)} -> 1 | AU71: {=_xlfn.IFS(AH71>'“主要目标”数据分表'!$E$2,1,AH71='“主要目标”数据分表'!$E$2,0,AH71<'“主要目标”数据分表'!$E$2,-1)} -> 0 | AV71: {=_xlfn.IFS(AI71>'“主要目标”数据分表'!$F$2,1,AI71='“主要目标”数据分表'!$F$2,0,AI71<'“主要目标”数据分表'!$F$2,-1)} -> 0 | AW71: {=_xlfn.IFS(AJ71>'“主要目标”数据分表'!$G$2,1,AJ71='“主要目标”数据分表'!$G$2,0,AJ71<'“主要目标”数据分表'!$G$2,-1)} -> 1
A72: 10 | B72: 江苏 | C72: 2016 | D72: 31210 | E72: 83068.98 | F72: 77388.28 | G72: 0.40329104 | I72: 0.40424065 | K72: 1.0734052 | M72: 0 | N72: 0 | O72: 1 | P72: 0.79737596 | Q72: 0.68768328 | R72: 0.646556 | S72: 0.2 | T72: 0.08 | U72: 0.48442907 | V72: 0.34943182 | W72: 0.022222222 | X72: 0.16412442 | Y72: 0.49420443 | Z72: 0.46365888 | AA72: 0.057142857 | AB72: 0.046511628 | AC72: 0.39155232 | AD72: 0.37356138 | AE72: 0.025925926 | AF72: 0.18 | AG72: 0.14 | AH72: 0.18 | AI72: 0.25 | AJ72: 0.65 | AK72: 0.9 | AL72: 1.037037 | AM72: 1 | AN72: 1 | AO72: 1 | AP72: =AVERAGE(AK72,AN72) -> 0.95 | AQ72: =AVERAGE(AL72) -> 1.037037 | AR72: =AVERAGE(AM72,AO72) -> 1 | AS72: {=_xlfn.IFS(AF72>'“主要目标”数据分表'!$C$2,1,AF72='“主要目标”数据分表'!$C$2,0,AF72<'“主要目标”数据分表'!$C$2,-1)} -> -1 | AT72: {=_xlfn.IFS(AG72>'“主要目标”数据分表'!$D$2,1,AG72='“主要目标”数据分表'!$D$2,0,AG72<'“主要目标”数据分表'!$D$2,-1)} -> 1 | AU72: {=_xlfn.IFS(AH72>'“主要目标”数据分表'!$E$2,1,AH72='“主要目标”数据分表'!$E$2,0,AH72<'“主要目标”数据分表'!$E$2,-1)} -> 0 | AV72: {=_xlfn.IFS(AI72>'“主要目标”数据分表'!$F$2,1,AI72='“主要目标”数据分表'!$F$2,0,AI72<'“主要目标”数据分表'!$F$2,-1)} -> 0 | AW72: {=_xlfn.IFS(AJ72>'“主要目标”数据分表'!$G$2,1,AJ72='“主要目标”数据分表'!$G$2,0,AJ72<'“主要目标”数据分表'!$G$2,-1)} -> 0
A73: 10 | B73: 江苏 | C73: 2017 | D73: 31602 | E73: 84851.16 | F73: 85869.76 | G73: 0.36802246 | H73: =(G73-G72)/G72 -> -0.087451942 | I73: 0.42396247 | J73: =(I73-I72)/I72 -> 0.048787305 | K73: 0.98813785 | L73: =(K73-K72)/K72 -> -0.079436284 | M73: 0 | N73: 0 | O73: 1 | P73: 0.79737596 | Q73: 0.68768328 | R73: 0.646556 | S73: 0.2 | T73: 0.08 | U73: 0.48442907 | V73: 0.34943182 | W73: 0.022222222 | X73: 0.16412442 | Y73: 0.49420443 | Z73: 0.46365888 | AA73: 0.057142857 | AB73: 0.046511628 | AC73: 0.39155232 | AD73: 0.37356138 | AE73: 0.025925926 | AF73: 0.18 | AG73: 0.14 | AH73: 0.18 | AI73: 0.25 | AJ73: 0.65 | AK73: 0.9 | AL73: 1.037037 | AM73: 1 | AN73: 1 | AO73: 1 | AP73: =AVERAGE(AK73,AN73) -> 0.95 | AQ73: =AVERAGE(AL73) -> 1.037037 | AR73: =AVERAGE(AM73,AO73) -> 1 | AS73: {=_xlfn.IFS(AF73>'“主要目标”数据分表'!$C$2,1,AF73='“主要目标”数据分表'!$C$2,0,AF73<'“主要目标”数据分表'!$C$2,-1)} -> -1 | AT73: {=_xlfn.IFS(AG73>'“主要目标”数据分表'!$D$2,1,AG73='“主要目标”数据分表'!$D$2,0,AG73<'“主要目标”数据分表'!$D$2,-1)} -> 1 | AU73: {=_xlfn.IFS(AH73>'“主要目标”数据分表'!$E$2,1,AH73='“主要目标”数据分表'!$E$2,0,AH73<'“主要目标”数据分表'!$E$2,-1)} -> 0 | AV73: {=_xlfn.IFS(AI73>'“主要目标”数据分表'!$F$2,1,AI73='“主要目标”数据分表'!$F$2,0,AI73<'“主要目标”数据分表'!$F$2,-1)} -> 0 | AW73: {=_xlfn.IFS(AJ73>'“主要目标”数据分表'!$G$2,1,AJ73='“主要目标”数据分表'!$G$2,0,AJ73<'“主要目标”数据分表'!$G$2,-1)} -> 0
A74: 10 | B74: 江苏 | C74: 2018 | D74: 31635 | E74: 88421.552 | F74: 92595.4 | G74: 0.34164764 | H74: =(G74-G73)/G73 -> -0.07166632 | I74: 0.43842734 | J74: =(I74-I73)/I73 -> 0.034118289 | K74: 0.95492381 | L74: =(K74-K73)/K73 -> -0.033612761 | M74: 0 | N74: 0 | O74: 1 | P74: 0.79737596 | Q74: 0.68768328 | R74: 0.646556 | S74: 0.2 | T74: 0.08 | U74: 0.48442907 | V74: 0.34943182 | W74: 0.022222222 | X74: 0.16412442 | Y74: 0.49420443 | Z74: 0.46365888 | AA74: 0.057142857 | AB74: 0.046511628 | AC74: 0.39155232 | AD74: 0.37356138 | AE74: 0.025925926 | AF74: 0.18 | AG74: 0.14 | AH74: 0.18 | AI74: 0.25 | AJ74: 0.65 | AK74: 0.9 | AL74: 1.037037 | AM74: 1 | AN74: 1 | AO74: 1 | AP74: =AVERAGE(AK74,AN74) -> 0.95 | AQ74: =AVERAGE(AL74) -> 1.037037 | AR74: =AVERAGE(AM74,AO74) -> 1 | AS74: {=_xlfn.IFS(AF74>'“主要目标”数据分表'!$C$2,1,AF74='“主要目标”数据分表'!$C$2,0,AF74<'“主要目标”数据分表'!$C$2,-1)} -> -1 | AT74: {=_xlfn.IFS(AG74>'“主要目标”数据分表'!$D$2,1,AG74='“主要目标”数据分表'!$D$2,0,AG74<'“主要目标”数据分表'!$D$2,-1)} -> 1 | AU74: {=_xlfn.IFS(AH74>'“主要目标”数据分表'!$E$2,1,AH74='“主要目标”数据分表'!$E$2,0,AH74<'“主要目标”数据分表'!$E$2,-1)} -> 0 | AV74: {=_xlfn.IFS(AI74>'“主要目标”数据分表'!$F$2,1,AI74='“主要目标”数据分表'!$F$2,0,AI74<'“主要目标”数据分表'!$F$2,-1)} -> 0 | AW74: {=_xlfn.IFS(AJ74>'“主要目标”数据分表'!$G$2,1,AJ74='“主要目标”数据分表'!$G$2,0,AJ74<'“主要目标”数据分表'!$G$2,-1)} -> 0
A75: 10 | B75: 江苏 | C75: 2019 | D75: 32526 | E75: 90386.891 | F75: 99631.52 | G75: 0.32646295 | H75: =(G75-G74)/G74 -> -0.044445472 | I75: 0.42680062 | J75: =(I75-I74)/I74 -> -0.026519153 | K75: 0.9072118 | L75: =(K75-K74)/K74 -> -0.049964208 | M75: 0 | N75: 0 | O75: 1 | P75: 0.79737596 | Q75: 0.68768328 | R75: 0.646556 | S75: 0.2 | T75: 0.08 | U75: 0.48442907 | V75: 0.34943182 | W75: 0.022222222 | X75: 0.16412442 | Y75: 0.49420443 | Z75: 0.46365888 | AA75: 0.057142857 | AB75: 0.046511628 | AC75: 0.39155232 | AD75: 0.37356138 | AE75: 0.025925926 | AF75: 0.18 | AG75: 0.14 | AH75: 0.18 | AI75: 0.25 | AJ75: 0.65 | AK75: 0.9 | AL75: 1.037037 | AM75: 1 | AN75: 1 | AO75: 1 | AP75: =AVERAGE(AK75,AN75) -> 0.95 | AQ75: =AVERAGE(AL75) -> 1.037037 | AR75: =AVERAGE(AM75,AO75) -> 1 | AS75: {=_xlfn.IFS(AF75>'“主要目标”数据分表'!$C$2,1,AF75='“主要目标”数据分表'!$C$2,0,AF75<'“主要目标”数据分表'!$C$2,-1)} -> -1 | AT75: {=_xlfn.IFS(AG75>'“主要目标”数据分表'!$D$2,1,AG75='“主要目标”数据分表'!$D$2,0,AG75<'“主要目标”数据分表'!$D$2,-1)} -> 1 | AU75: {=_xlfn.IFS(AH75>'“主要目标”数据分表'!$E$2,1,AH75='“主要目标”数据分表'!$E$2,0,AH75<'“主要目标”数据分表'!$E$2,-1)} -> 0 | AV75: {=_xlfn.IFS(AI75>'“主要目标”数据分表'!$F$2,1,AI75='“主要目标”数据分表'!$F$2,0,AI75<'“主要目标”数据分表'!$F$2,-1)} -> 0 | AW75: {=_xlfn.IFS(AJ75>'“主要目标”数据分表'!$G$2,1,AJ75='“主要目标”数据分表'!$G$2,0,AJ75<'“主要目标”数据分表'!$G$2,-1)} -> 0
A76: 10 | B76: 江苏 | C76: 2020 | D76: 32672.49 | E76: 89496.326 | F76: 102718.98 | G76: 0.31807646 | H76: =(G76-G75)/G75 -> -0.025688937 | I76: 0.43433057 | J76: =(I76-I75)/I75 -> 0.017642781 | K76: 0.87127351 | L76: =(K76-K75)/K75 -> -0.039614002 | M76: 0 | N76: 0 | O76: 1 | P76: 0.79737596 | Q76: 0.68768328 | R76: 0.646556 | S76: 0.2 | T76: 0.08 | U76: 0.48442907 | V76: 0.34943182 | W76: 0.022222222 | X76: 0.16412442 | Y76: 0.49420443 | Z76: 0.46365888 | AA76: 0.057142857 | AB76: 0.046511628 | AC76: 0.39155232 | AD76: 0.37356138 | AE76: 0.025925926 | AF76: 0.18 | AG76: 0.14 | AH76: 0.18 | AI76: 0.25 | AJ76: 0.65 | AK76: 0.9 | AL76: 1.037037 | AM76: 1 | AN76: 1 | AO76: 1 | AP76: =AVERAGE(AK76,AN76) -> 0.95 | AQ76: =AVERAGE(AL76) -> 1.037037 | AR76: =AVERAGE(AM76,AO76) -> 1 | AS76: {=_xlfn.IFS(AF76>'“主要目标”数据分表'!$C$2,1,AF76='“主要目标”数据分表'!$C$2,0,AF76<'“主要目标”数据分表'!$C$2,-1)} -> -1 | AT76: {=_xlfn.IFS(AG76>'“主要目标”数据分表'!$D$2,1,AG76='“主要目标”数据分表'!$D$2,0,AG76<'“主要目标”数据分表'!$D$2,-1)} -> 1 | AU76: {=_xlfn.IFS(AH76>'“主要目标”数据分表'!$E$2,1,AH76='“主要目标”数据分表'!$E$2,0,AH76<'“主要目标”数据分表'!$E$2,-1)} -> 0 | AV76: {=_xlfn.IFS(AI76>'“主要目标”数据分表'!$F$2,1,AI76='“主要目标”数据分表'!$F$2,0,AI76<'“主要目标”数据分表'!$F$2,-1)} -> 0 | AW76: {=_xlfn.IFS(AJ76>'“主要目标”数据分表'!$G$2,1,AJ76='“主要目标”数据分表'!$G$2,0,AJ76<'“主要目标”数据分表'!$G$2,-1)} -> 0
A77: 10 | B77: 江苏 | C77: 2021 | D77: 34679.94 | E77: 93636.788 | F77: 116364.2 | G77: 0.29802929 | H77: =(G77-G76)/G76 -> -0.063026272 | I77: 0.45690354 | J77: =(I77-I76)/I76 -> 0.051971862 | K77: 0.80468725 | L77: =(K77-K76)/K76 -> -0.076424064 | M77: 0 | N77: 0 | O77: 1 | P77: 0.79737596 | Q77: 0.68768328 | R77: 0.646556 | S77: 0.2 | T77: 0.08 | U77: 0.48442907 | V77: 0.34943182 | W77: 0.022222222 | X77: 0.16412442 | Y77: 0.49420443 | Z77: 0.46365888 | AA77: 0.057142857 | AB77: 0.046511628 | AC77: 0.39155232 | AD77: 0.37356138 | AE77: 0.025925926 | AF77: 0.18 | AG77: 0.14 | AH77: 0.18 | AI77: 0.25 | AJ77: 0.65 | AK77: 0.9 | AL77: 1.037037 | AM77: 1 | AN77: 1 | AO77: 1 | AP77: =AVERAGE(AK77,AN77) -> 0.95 | AQ77: =AVERAGE(AL77) -> 1.037037 | AR77: =AVERAGE(AM77,AO77) -> 1 | AS77: {=_xlfn.IFS(AF77>'“主要目标”数据分表'!$C$2,1,AF77='“主要目标”数据分表'!$C$2,0,AF77<'“主要目标”数据分表'!$C$2,-1)} -> -1 | AT77: {=_xlfn.IFS(AG77>'“主要目标”数据分表'!$D$2,1,AG77='“主要目标”数据分表'!$D$2,0,AG77<'“主要目标”数据分表'!$D$2,-1)} -> 1 | AU77: {=_xlfn.IFS(AH77>'“主要目标”数据分表'!$E$2,1,AH77='“主要目标”数据分表'!$E$2,0,AH77<'“主要目标”数据分表'!$E$2,-1)} -> 0 | AV77: {=_xlfn.IFS(AI77>'“主要目标”数据分表'!$F$2,1,AI77='“主要目标”数据分表'!$F$2,0,AI77<'“主要目标”数据分表'!$F$2,-1)} -> 0 | AW77: {=_xlfn.IFS(AJ77>'“主要目标”数据分表'!$G$2,1,AJ77='“主要目标”数据分表'!$G$2,0,AJ77<'“主要目标”数据分表'!$G$2,-1)} -> 0
A78: 10 | B78: 江苏 | C78: 2022 | D78: 35823.95 | E78: 91914.978 | F78: 122875.6 | G78: 0.29154649 | H78: =(G78-G77)/G77 -> -0.021752224 | I78: 0.46599507 | J78: =(I78-I77)/I77 -> 0.019898152 | K78: 0.74803279 | L78: =(K78-K77)/K77 -> -0.070405558 | M78: 1 | N78: 0 | O78: 1 | P78: 0.79737596 | Q78: 0.68768328 | R78: 0.646556 | S78: 0.2 | T78: 0.08 | U78: 0.48442907 | V78: 0.34943182 | W78: 0.022222222 | X78: 0.16412442 | Y78: 0.49420443 | Z78: 0.46365888 | AA78: 0.057142857 | AB78: 0.046511628 | AC78: 0.39155232 | AD78: 0.37356138 | AE78: 0.025925926 | AF78: 0.18 | AG78: 0.14 | AH78: 0.18 | AI78: 0.25 | AJ78: 0.65 | AK78: 0.9 | AL78: 1.037037 | AM78: 1 | AN78: 1 | AO78: 1 | AP78: =AVERAGE(AK78,AN78) -> 0.95 | AQ78: =AVERAGE(AL78) -> 1.037037 | AR78: =AVERAGE(AM78,AO78) -> 1 | AS78: {=_xlfn.IFS(AF78>'“主要目标”数据分表'!$C$2,1,AF78='“主要目标”数据分表'!$C$2,0,AF78<'“主要目标”数据分表'!$C$2,-1)} -> -1 | AT78: {=_xlfn.IFS(AG78>'“主要目标”数据分表'!$D$2,1,AG78='“主要目标”数据分表'!$D$2,0,AG78<'“主要目标”数据分表'!$D$2,-1)} -> 1 | AU78: {=_xlfn.IFS(AH78>'“主要目标”数据分表'!$E$2,1,AH78='“主要目标”数据分表'!$E$2,0,AH78<'“主要目标”数据分表'!$E$2,-1)} -> 0 | AV78: {=_xlfn.IFS(AI78>'“主要目标”数据分表'!$F$2,1,AI78='“主要目标”数据分表'!$F$2,0,AI78<'“主要目标”数据分表'!$F$2,-1)} -> 0 | AW78: {=_xlfn.IFS(AJ78>'“主要目标”数据分表'!$G$2,1,AJ78='“主要目标”数据分表'!$G$2,0,AJ78<'“主要目标”数据分表'!$G$2,-1)} -> 0
A79: 11 | B79: 浙江 | C79: 2016 | D79: 20276 | E79: 38867.234 | F79: 47251.36 | G79: 0.42910934 | I79: 0.4698028 | K79: 0.82256328 | M79: 0 | N79: 0 | O79: 0 | P79: 1 | Q79: 0 | R79: 0 | S79: 0 | T79: 0 | U79: 0 | V79: 0 | W79: 0 | X79: 1 | Y79: 0 | Z79: 0 | AA79: 0 | AB79: 0 | AC79: 0 | AD79: 0 | AE79: 0 | AF79: 0.2 | AG79: 0.135 | AH79: 0.18 | AI79: 0.25 | AJ79: 0.65 | AK79: 1 | AL79: 1 | AM79: 1 | AN79: 1 | AO79: 1 | AP79: =AVERAGE(AK79,AN79) -> 1 | AQ79: =AVERAGE(AL79) -> 1 | AR79: =AVERAGE(AM79,AO79) -> 1 | AS79: {=_xlfn.IFS(AF79>'“主要目标”数据分表'!$C$2,1,AF79='“主要目标”数据分表'!$C$2,0,AF79<'“主要目标”数据分表'!$C$2,-1)} -> 0 | AT79: {=_xlfn.IFS(AG79>'“主要目标”数据分表'!$D$2,1,AG79='“主要目标”数据分表'!$D$2,0,AG79<'“主要目标”数据分表'!$D$2,-1)} -> 0 | AU79: {=_xlfn.IFS(AH79>'“主要目标”数据分表'!$E$2,1,AH79='“主要目标”数据分表'!$E$2,0,AH79<'“主要目标”数据分表'!$E$2,-1)} -> 0 | AV79: {=_xlfn.IFS(AI79>'“主要目标”数据分表'!$F$2,1,AI79='“主要目标”数据分表'!$F$2,0,AI79<'“主要目标”数据分表'!$F$2,-1)} -> 0 | AW79: {=_xlfn.IFS(AJ79>'“主要目标”数据分表'!$G$2,1,AJ79='“主要目标”数据分表'!$G$2,0,AJ79<'“主要目标”数据分表'!$G$2,-1)} -> 0
A80: 11 | B80: 浙江 | C80: 2017 | D80: 21030 | E80: 39259.971 | F80: 51768.26 | G80: 0.40623347 | H80: =(G80-G79)/G79 -> -0.053310119 | I80: 0.49649228 | J80: =(I80-I79)/I79 -> 0.056809968 | K80: 0.75837918 | L80: =(K80-K79)/K79 -> -0.078029377 | M80: 0 | N80: 0 | O80: 0 | P80: 1 | Q80: 0 | R80: 0 | S80: 0 | T80: 0 | U80: 0 | V80: 0 | W80: 0 | X80: 1 | Y80: 0 | Z80: 0 | AA80: 0 | AB80: 0 | AC80: 0 | AD80: 0 | AE80: 0 | AF80: 0.2 | AG80: 0.135 | AH80: 0.18 | AI80: 0.25 | AJ80: 0.65 | AK80: 1 | AL80: 1 | AM80: 1 | AN80: 1 | AO80: 1 | AP80: =AVERAGE(AK80,AN80) -> 1 | AQ80: =AVERAGE(AL80) -> 1 | AR80: =AVERAGE(AM80,AO80) -> 1 | AS80: {=_xlfn.IFS(AF80>'“主要目标”数据分表'!$C$2,1,AF80='“主要目标”数据分表'!$C$2,0,AF80<'“主要目标”数据分表'!$C$2,-1)} -> 0 | AT80: {=_xlfn.IFS(AG80>'“主要目标”数据分表'!$D$2,1,AG80='“主要目标”数据分表'!$D$2,0,AG80<'“主要目标”数据分表'!$D$2,-1)} -> 0 | AU80: {=_xlfn.IFS(AH80>'“主要目标”数据分表'!$E$2,1,AH80='“主要目标”数据分表'!$E$2,0,AH80<'“主要目标”数据分表'!$E$2,-1)} -> 0 | AV80: {=_xlfn.IFS(AI80>'“主要目标”数据分表'!$F$2,1,AI80='“主要目标”数据分表'!$F$2,0,AI80<'“主要目标”数据分表'!$F$2,-1)} -> 0 | AW80: {=_xlfn.IFS(AJ80>'“主要目标”数据分表'!$G$2,1,AJ80='“主要目标”数据分表'!$G$2,0,AJ80<'“主要目标”数据分表'!$G$2,-1)} -> 0
A81: 11 | B81: 浙江 | C81: 2018 | D81: 21675 | E81: 40391.462 | F81: 56197.15 | G81: 0.38569572 | H81: =(G81-G80)/G80 -> -0.050556533 | I81: 0.52633808 | J81: =(I81-I80)/I80 -> 0.060113315 | K81: 0.71874573 | L81: =(K81-K80)/K80 -> -0.052260727 | M81: 0 | N81: 0 | O81: 0 | P81: 1 | Q81: 0 | R81: 0 | S81: 0 | T81: 0 | U81: 0 | V81: 0 | W81: 0 | X81: 1 | Y81: 0 | Z81: 0 | AA81: 0 | AB81: 0 | AC81: 0 | AD81: 0 | AE81: 0 | AF81: 0.2 | AG81: 0.135 | AH81: 0.18 | AI81: 0.25 | AJ81: 0.65 | AK81: 1 | AL81: 1 | AM81: 1 | AN81: 1 | AO81: 1 | AP81: =AVERAGE(AK81,AN81) -> 1 | AQ81: =AVERAGE(AL81) -> 1 | AR81: =AVERAGE(AM81,AO81) -> 1 | AS81: {=_xlfn.IFS(AF81>'“主要目标”数据分表'!$C$2,1,AF81='“主要目标”数据分表'!$C$2,0,AF81<'“主要目标”数据分表'!$C$2,-1)} -> 0 | AT81: {=_xlfn.IFS(AG81>'“主要目标”数据分表'!$D$2,1,AG81='“主要目标”数据分表'!$D$2,0,AG81<'“主要目标”数据分表'!$D$2,-1)} -> 0 | AU81: {=_xlfn.IFS(AH81>'“主要目标”数据分表'!$E$2,1,AH81='“主要目标”数据分表'!$E$2,0,AH81<'“主要目标”数据分表'!$E$2,-1)} -> 0 | AV81: {=_xlfn.IFS(AI81>'“主要目标”数据分表'!$F$2,1,AI81='“主要目标”数据分表'!$F$2,0,AI81<'“主要目标”数据分表'!$F$2,-1)} -> 0 | AW81: {=_xlfn.IFS(AJ81>'“主要目标”数据分表'!$G$2,1,AJ81='“主要目标”数据分表'!$G$2,0,AJ81<'“主要目标”数据分表'!$G$2,-1)} -> 0
A82: 11 | B82: 浙江 | C82: 2019 | D82: 22393 | E82: 40407.992 | F82: 62351.74 | G82: 0.35913994 | H82: =(G82-G81)/G81 -> -0.068851629 | I82: 0.53464441 | J82: =(I82-I81)/I81 -> 0.015781363 | K82: 0.64806519 | L82: =(K82-K81)/K81 -> -0.098338731 | M82: 0 | N82: 0 | O82: 0 | P82: 1 | Q82: 0 | R82: 0 | S82: 0 | T82: 0 | U82: 0 | V82: 0 | W82: 0 | X82: 1 | Y82: 0 | Z82: 0 | AA82: 0 | AB82: 0 | AC82: 0 | AD82: 0 | AE82: 0 | AF82: 0.2 | AG82: 0.135 | AH82: 0.18 | AI82: 0.25 | AJ82: 0.65 | AK82: 1 | AL82: 1 | AM82: 1 | AN82: 1 | AO82: 1 | AP82: =AVERAGE(AK82,AN82) -> 1 | AQ82: =AVERAGE(AL82) -> 1 | AR82: =AVERAGE(AM82,AO82) -> 1 | AS82: {=_xlfn.IFS(AF82>'“主要目标”数据分表'!$C$2,1,AF82='“主要目标”数据分表'!$C$2,0,AF82<'“主要目标”数据分表'!$C$2,-1)} -> 0 | AT82: {=_xlfn.IFS(AG82>'“主要目标”数据分表'!$D$2,1,AG82='“主要目标”数据分表'!$D$2,0,AG82<'“主要目标”数据分表'!$D$2,-1)} -> 0 | AU82: {=_xlfn.IFS(AH82>'“主要目标”数据分表'!$E$2,1,AH82='“主要目标”数据分表'!$E$2,0,AH82<'“主要目标”数据分表'!$E$2,-1)} -> 0 | AV82: {=_xlfn.IFS(AI82>'“主要目标”数据分表'!$F$2,1,AI82='“主要目标”数据分表'!$F$2,0,AI82<'“主要目标”数据分表'!$F$2,-1)} -> 0 | AW82: {=_xlfn.IFS(AJ82>'“主要目标”数据分表'!$G$2,1,AJ82='“主要目标”数据分表'!$G$2,0,AJ82<'“主要目标”数据分表'!$G$2,-1)} -> 0
A83: 11 | B83: 浙江 | C83: 2020 | D83: 24660 | E83: 40702.234 | F83: 64613.34 | G83: 0.38165493 | H83: =(G83-G82)/G82 -> 0.06269143 | I83: 0.4836412 | J83: =(I83-I82)/I82 -> -0.095396509 | K83: 0.62993545 | L83: =(K83-K82)/K82 -> -0.027975177 | M83: 0 | N83: 0 | O83: 0 | P83: 1 | Q83: 0 | R83: 0 | S83: 0 | T83: 0 | U83: 0 | V83: 0 | W83: 0 | X83: 1 | Y83: 0 | Z83: 0 | AA83: 0 | AB83: 0 | AC83: 0 | AD83: 0 | AE83: 0 | AF83: 0.2 | AG83: 0.135 | AH83: 0.18 | AI83: 0.25 | AJ83: 0.65 | AK83: 1 | AL83: 1 | AM83: 1 | AN83: 1 | AO83: 1 | AP83: =AVERAGE(AK83,AN83) -> 1 | AQ83: =AVERAGE(AL83) -> 1 | AR83: =AVERAGE(AM83,AO83) -> 1 | AS83: {=_xlfn.IFS(AF83>'“主要目标”数据分表'!$C$2,1,AF83='“主要目标”数据分表'!$C$2,0,AF83<'“主要目标”数据分表'!$C$2,-1)} -> 0 | AT83: {=_xlfn.IFS(AG83>'“主要目标”数据分表'!$D$2,1,AG83='“主要目标”数据分表'!$D$2,0,AG83<'“主要目标”数据分表'!$D$2,-1)} -> 0 | AU83: {=_xlfn.IFS(AH83>'“主要目标”数据分表'!$E$2,1,AH83='“主要目标”数据分表'!$E$2,0,AH83<'“主要目标”数据分表'!$E$2,-1)} -> 0 | AV83: {=_xlfn.IFS(AI83>'“主要目标”数据分表'!$F$2,1,AI83='“主要目标”数据分表'!$F$2,0,AI83<'“主要目标”数据分表'!$F$2,-1)} -> 0 | AW83: {=_xlfn.IFS(AJ83>'“主要目标”数据分表'!$G$2,1,AJ83='“主要目标”数据分表'!$G$2,0,AJ83<'“主要目标”数据分表'!$G$2,-1)} -> 0
A84: 11 | B84: 浙江 | C84: 2021 | D84: 26623.7 | E84: 42584.715 | F84: 73515.758 | G84: 0.36214957 | H84: =(G84-G83)/G83 -> -0.051107329 | I84: 0.51196254 | J84: =(I84-I83)/I83 -> 0.058558582 | K84: 0.57925969 | L84: =(K84-K83)/K83 -> -0.08044596 | M84: 0 | N84: 0 | O84: 0 | P84: 1 | Q84: 0 | R84: 0 | S84: 0 | T84: 0 | U84: 0 | V84: 0 | W84: 0 | X84: 1 | Y84: 0 | Z84: 0 | AA84: 0 | AB84: 0 | AC84: 0 | AD84: 0 | AE84: 0 | AF84: 0.2 | AG84: 0.135 | AH84: 0.18 | AI84: 0.25 | AJ84: 0.65 | AK84: 1 | AL84: 1 | AM84: 1 | AN84: 1 | AO84: 1 | AP84: =AVERAGE(AK84,AN84) -> 1 | AQ84: =AVERAGE(AL84) -> 1 | AR84: =AVERAGE(AM84,AO84) -> 1 | AS84: {=_xlfn.IFS(AF84>'“主要目标”数据分表'!$C$2,1,AF84='“主要目标”数据分表'!$C$2,0,AF84<'“主要目标”数据分表'!$C$2,-1)} -> 0 | AT84: {=_xlfn.IFS(AG84>'“主要目标”数据分表'!$D$2,1,AG84='“主要目标”数据分表'!$D$2,0,AG84<'“主要目标”数据分表'!$D$2,-1)} -> 0 | AU84: {=_xlfn.IFS(AH84>'“主要目标”数据分表'!$E$2,1,AH84='“主要目标”数据分表'!$E$2,0,AH84<'“主要目标”数据分表'!$E$2,-1)} -> 0 | AV84: {=_xlfn.IFS(AI84>'“主要目标”数据分表'!$F$2,1,AI84='“主要目标”数据分表'!$F$2,0,AI84<'“主要目标”数据分表'!$F$2,-1)} -> 0 | AW84: {=_xlfn.IFS(AJ84>'“主要目标”数据分表'!$G$2,1,AJ84='“主要目标”数据分表'!$G$2,0,AJ84<'“主要目标”数据分表'!$G$2,-1)} -> 0
A85: 11 | B85: 浙江 | C85: 2022 | D85: 29112.3 | E85: 41497.249 | F85: 77715.4 | G85: 0.37460143 | H85: =(G85-G84)/G84 -> 0.034383199 | I85: 0.26993342 | J85: =(I85-I84)/I84 -> -0.47274772 | K85: 0.53396429 | L85: =(K85-K84)/K84 -> -0.078195323 | M85: 1 | N85: 0 | O85: 0 | P85: 1 | Q85: 0 | R85: 0 | S85: 0 | T85: 0 | U85: 0 | V85: 0 | W85: 0 | X85: 1 | Y85: 0 | Z85: 0 | AA85: 0 | AB85: 0 | AC85: 0 | AD85: 0 | AE85: 0 | AF85: 0.2 | AG85: 0.135 | AH85: 0.18 | AI85: 0.25 | AJ85: 0.65 | AK85: 1 | AL85: 1 | AM85: 1 | AN85: 1 | AO85: 1 | AP85: =AVERAGE(AK85,AN85) -> 1 | AQ85: =AVERAGE(AL85) -> 1 | AR85: =AVERAGE(AM85,AO85) -> 1 | AS85: {=_xlfn.IFS(AF85>'“主要目标”数据分表'!$C$2,1,AF85='“主要目标”数据分表'!$C$2,0,AF85<'“主要目标”数据分表'!$C$2,-1)} -> 0 | AT85: {=_xlfn.IFS(AG85>'“主要目标”数据分表'!$D$2,1,AG85='“主要目标”数据分表'!$D$2,0,AG85<'“主要目标”数据分表'!$D$2,-1)} -> 0 | AU85: {=_xlfn.IFS(AH85>'“主要目标”数据分表'!$E$2,1,AH85='“主要目标”数据分表'!$E$2,0,AH85<'“主要目标”数据分表'!$E$2,-1)} -> 0 | AV85: {=_xlfn.IFS(AI85>'“主要目标”数据分表'!$F$2,1,AI85='“主要目标”数据分表'!$F$2,0,AI85<'“主要目标”数据分表'!$F$2,-1)} -> 0 | AW85: {=_xlfn.IFS(AJ85>'“主要目标”数据分表'!$G$2,1,AJ85='“主要目标”数据分表'!$G$2,0,AJ85<'“主要目标”数据分表'!$G$2,-1)} -> 0
A86: 12 | B86: 安徽 | C86: 2016 | D86: 12663 | E86: 44756.213 | F86: 24407.62 | G86: 0.51881339 | I86: 0.25142082 | K86: 1.8336984 | M86: 0 | N86: 0 | O86: 1 | P86: 0.82532823 | Q86: -0.021994135 | R86: -0.19511881 | S86: 1.1 | T86: -0.19 | U86: -0.042622951 | V86: -0.22906404 | W86: -0.11363636 | X86: 0.27943466 | Y86: -0.015806112 | Z86: -0.1399238 | AA86: 0.31428571 | AB86: -0.11046512 | AC86: -0.034451102 | AD86: -0.24488176 | AE86: -0.13257576 | AF86: 0.155 | AG86: 0.14 | AH86: 0.18 | AI86: 0.22 | AJ86: 0.65 | AK86: 0.775 | AL86: 1.037037 | AM86: 1 | AN86: 0.88 | AO86: 1 | AP86: =AVERAGE(AK86,AN86) -> 0.8275 | AQ86: =AVERAGE(AL86) -> 1.037037 | AR86: =AVERAGE(AM86,AO86) -> 1 | AS86: {=_xlfn.IFS(AF86>'“主要目标”数据分表'!$C$2,1,AF86='“主要目标”数据分表'!$C$2,0,AF86<'“主要目标”数据分表'!$C$2,-1)} -> -1 | AT86: {=_xlfn.IFS(AG86>'“主要目标”数据分表'!$D$2,1,AG86='“主要目标”数据分表'!$D$2,0,AG86<'“主要目标”数据分表'!$D$2,-1)} -> 1 | AU86: {=_xlfn.IFS(AH86>'“主要目标”数据分表'!$E$2,1,AH86='“主要目标”数据分表'!$E$2,0,AH86<'“主要目标”数据分表'!$E$2,-1)} -> 0 | AV86: {=_xlfn.IFS(AI86>'“主要目标”数据分表'!$F$2,1,AI86='“主要目标”数据分表'!$F$2,0,AI86<'“主要目标”数据分表'!$F$2,-1)} -> -1 | AW86: {=_xlfn.IFS(AJ86>'“主要目标”数据分表'!$G$2,1,AJ86='“主要目标”数据分表'!$G$2,0,AJ86<'“主要目标”数据分表'!$G$2,-1)} -> 0
A87: 12 | B87: 安徽 | C87: 2017 | D87: 13019 | E87: 45381.297 | F87: 27018 | G87: 0.48186394 | H87: =(G87-G86)/G86 -> -0.071219142 | I87: 0.26613755 | J87: =(I87-I86)/I86 -> 0.058534236 | K87: 1.679669 | L87: =(K87-K86)/K86 -> -0.083999292 | M87: 0 | N87: 0 | O87: 1 | P87: 0.82532823 | Q87: -0.021994135 | R87: -0.19511881 | S87: 1.1 | T87: -0.19 | U87: -0.042622951 | V87: -0.22906404 | W87: -0.11363636 | X87: 0.27943466 | Y87: -0.015806112 | Z87: -0.1399238 | AA87: 0.31428571 | AB87: -0.11046512 | AC87: -0.034451102 | AD87: -0.24488176 | AE87: -0.13257576 | AF87: 0.155 | AG87: 0.14 | AH87: 0.18 | AI87: 0.22 | AJ87: 0.65 | AK87: 0.775 | AL87: 1.037037 | AM87: 1 | AN87: 0.88 | AO87: 1 | AP87: =AVERAGE(AK87,AN87) -> 0.8275 | AQ87: =AVERAGE(AL87) -> 1.037037 | AR87: =AVERAGE(AM87,AO87) -> 1 | AS87: {=_xlfn.IFS(AF87>'“主要目标”数据分表'!$C$2,1,AF87='“主要目标”数据分表'!$C$2,0,AF87<'“主要目标”数据分表'!$C$2,-1)} -> -1 | AT87: {=_xlfn.IFS(AG87>'“主要目标”数据分表'!$D$2,1,AG87='“主要目标”数据分表'!$D$2,0,AG87<'“主要目标”数据分表'!$D$2,-1)} -> 1 | AU87: {=_xlfn.IFS(AH87>'“主要目标”数据分表'!$E$2,1,AH87='“主要目标”数据分表'!$E$2,0,AH87<'“主要目标”数据分表'!$E$2,-1)} -> 0 | AV87: {=_xlfn.IFS(AI87>'“主要目标”数据分表'!$F$2,1,AI87='“主要目标”数据分表'!$F$2,0,AI87<'“主要目标”数据分表'!$F$2,-1)} -> -1 | AW87: {=_xlfn.IFS(AJ87>'“主要目标”数据分表'!$G$2,1,AJ87='“主要目标”数据分表'!$G$2,0,AJ87<'“主要目标”数据分表'!$G$2,-1)} -> 0
A88: 12 | B88: 安徽 | C88: 2018 | D88: 13295 | E88: 49219.24 | F88: 30006.82 | G88: 0.44306594 | H88: =(G88-G87)/G87 -> -0.080516503 | I88: 0.29855706 | J88: =(I88-I87)/I87 -> 0.1218149 | K88: 1.6402684 | L88: =(K88-K87)/K87 -> -0.023457331 | M88: 0 | N88: 0 | O88: 1 | P88: 0.82532823 | Q88: -0.021994135 | R88: -0.19511881 | S88: 1.1 | T88: -0.19 | U88: -0.042622951 | V88: -0.22906404 | W88: -0.11363636 | X88: 0.27943466 | Y88: -0.015806112 | Z88: -0.1399238 | AA88: 0.31428571 | AB88: -0.11046512 | AC88: -0.034451102 | AD88: -0.24488176 | AE88: -0.13257576 | AF88: 0.155 | AG88: 0.14 | AH88: 0.18 | AI88: 0.22 | AJ88: 0.65 | AK88: 0.775 | AL88: 1.037037 | AM88: 1 | AN88: 0.88 | AO88: 1 | AP88: =AVERAGE(AK88,AN88) -> 0.8275 | AQ88: =AVERAGE(AL88) -> 1.037037 | AR88: =AVERAGE(AM88,AO88) -> 1 | AS88: {=_xlfn.IFS(AF88>'“主要目标”数据分表'!$C$2,1,AF88='“主要目标”数据分表'!$C$2,0,AF88<'“主要目标”数据分表'!$C$2,-1)} -> -1 | AT88: {=_xlfn.IFS(AG88>'“主要目标”数据分表'!$D$2,1,AG88='“主要目标”数据分表'!$D$2,0,AG88<'“主要目标”数据分表'!$D$2,-1)} -> 1 | AU88: {=_xlfn.IFS(AH88>'“主要目标”数据分表'!$E$2,1,AH88='“主要目标”数据分表'!$E$2,0,AH88<'“主要目标”数据分表'!$E$2,-1)} -> 0 | AV88: {=_xlfn.IFS(AI88>'“主要目标”数据分表'!$F$2,1,AI88='“主要目标”数据分表'!$F$2,0,AI88<'“主要目标”数据分表'!$F$2,-1)} -> -1 | AW88: {=_xlfn.IFS(AJ88>'“主要目标”数据分表'!$G$2,1,AJ88='“主要目标”数据分表'!$G$2,0,AJ88<'“主要目标”数据分表'!$G$2,-1)} -> 0
A89: 12 | B89: 安徽 | C89: 2019 | D89: 13870 | E89: 49311.357 | F89: 37113.98 | G89: 0.37371362 | H89: =(G89-G88)/G88 -> -0.15652821 | I89: 0.30629165 | J89: =(I89-I88)/I88 -> 0.02590656 | K89: 1.3286464 | L89: =(K89-K88)/K88 -> -0.18998232 | M89: 0 | N89: 0 | O89: 1 | P89: 0.82532823 | Q89: -0.021994135 | R89: -0.19511881 | S89: 1.1 | T89: -0.19 | U89: -0.042622951 | V89: -0.22906404 | W89: -0.11363636 | X89: 0.27943466 | Y89: -0.015806112 | Z89: -0.1399238 | AA89: 0.31428571 | AB89: -0.11046512 | AC89: -0.034451102 | AD89: -0.24488176 | AE89: -0.13257576 | AF89: 0.155 | AG89: 0.14 | AH89: 0.18 | AI89: 0.22 | AJ89: 0.65 | AK89: 0.775 | AL89: 1.037037 | AM89: 1 | AN89: 0.88 | AO89: 1 | AP89: =AVERAGE(AK89,AN89) -> 0.8275 | AQ89: =AVERAGE(AL89) -> 1.037037 | AR89: =AVERAGE(AM89,AO89) -> 1 | AS89: {=_xlfn.IFS(AF89>'“主要目标”数据分表'!$C$2,1,AF89='“主要目标”数据分表'!$C$2,0,AF89<'“主要目标”数据分表'!$C$2,-1)} -> -1 | AT89: {=_xlfn.IFS(AG89>'“主要目标”数据分表'!$D$2,1,AG89='“主要目标”数据分表'!$D$2,0,AG89<'“主要目标”数据分表'!$D$2,-1)} -> 1 | AU89: {=_xlfn.IFS(AH89>'“主要目标”数据分表'!$E$2,1,AH89='“主要目标”数据分表'!$E$2,0,AH89<'“主要目标”数据分表'!$E$2,-1)} -> 0 | AV89: {=_xlfn.IFS(AI89>'“主要目标”数据分表'!$F$2,1,AI89='“主要目标”数据分表'!$F$2,0,AI89<'“主要目标”数据分表'!$F$2,-1)} -> -1 | AW89: {=_xlfn.IFS(AJ89>'“主要目标”数据分表'!$G$2,1,AJ89='“主要目标”数据分表'!$G$2,0,AJ89<'“主要目标”数据分表'!$G$2,-1)} -> 0
A90: 12 | B90: 安徽 | C90: 2020 | D90: 14697.9 | E90: 49192.137 | F90: 38680.63 | G90: 0.37998088 | H90: =(G90-G89)/G89 -> 0.01677022 | I90: 0.31147149 | J90: =(I90-I89)/I89 -> 0.016911476 | K90: 1.2717512 | L90: =(K90-K89)/K89 -> -0.042821978 | M90: 0 | N90: 0 | O90: 1 | P90: 0.82532823 | Q90: -0.021994135 | R90: -0.19511881 | S90: 1.1 | T90: -0.19 | U90: -0.042622951 | V90: -0.22906404 | W90: -0.11363636 | X90: 0.27943466 | Y90: -0.015806112 | Z90: -0.1399238 | AA90: 0.31428571 | AB90: -0.11046512 | AC90: -0.034451102 | AD90: -0.24488176 | AE90: -0.13257576 | AF90: 0.155 | AG90: 0.14 | AH90: 0.18 | AI90: 0.22 | AJ90: 0.65 | AK90: 0.775 | AL90: 1.037037 | AM90: 1 | AN90: 0.88 | AO90: 1 | AP90: =AVERAGE(AK90,AN90) -> 0.8275 | AQ90: =AVERAGE(AL90) -> 1.037037 | AR90: =AVERAGE(AM90,AO90) -> 1 | AS90: {=_xlfn.IFS(AF90>'“主要目标”数据分表'!$C$2,1,AF90='“主要目标”数据分表'!$C$2,0,AF90<'“主要目标”数据分表'!$C$2,-1)} -> -1 | AT90: {=_xlfn.IFS(AG90>'“主要目标”数据分表'!$D$2,1,AG90='“主要目标”数据分表'!$D$2,0,AG90<'“主要目标”数据分表'!$D$2,-1)} -> 1 | AU90: {=_xlfn.IFS(AH90>'“主要目标”数据分表'!$E$2,1,AH90='“主要目标”数据分表'!$E$2,0,AH90<'“主要目标”数据分表'!$E$2,-1)} -> 0 | AV90: {=_xlfn.IFS(AI90>'“主要目标”数据分表'!$F$2,1,AI90='“主要目标”数据分表'!$F$2,0,AI90<'“主要目标”数据分表'!$F$2,-1)} -> -1 | AW90: {=_xlfn.IFS(AJ90>'“主要目标”数据分表'!$G$2,1,AJ90='“主要目标”数据分表'!$G$2,0,AJ90<'“主要目标”数据分表'!$G$2,-1)} -> 0
A91: 12 | B91: 安徽 | C91: 2021 | D91: 15342.63 | E91: 51795.175 | F91: 42959.175 | G91: 0.35714443 | H91: =(G91-G90)/G90 -> -0.060098967 | I91: 0.33921889 | J91: =(I91-I90)/I90 -> 0.089084868 | K91: 1.2056837 | L91: =(K91-K90)/K90 -> -0.051950035 | M91: 0 | N91: 0 | O91: 1 | P91: 0.82532823 | Q91: -0.021994135 | R91: -0.19511881 | S91: 1.1 | T91: -0.19 | U91: -0.042622951 | V91: -0.22906404 | W91: -0.11363636 | X91: 0.27943466 | Y91: -0.015806112 | Z91: -0.1399238 | AA91: 0.31428571 | AB91: -0.11046512 | AC91: -0.034451102 | AD91: -0.24488176 | AE91: -0.13257576 | AF91: 0.155 | AG91: 0.14 | AH91: 0.18 | AI91: 0.22 | AJ91: 0.65 | AK91: 0.775 | AL91: 1.037037 | AM91: 1 | AN91: 0.88 | AO91: 1 | AP91: =AVERAGE(AK91,AN91) -> 0.8275 | AQ91: =AVERAGE(AL91) -> 1.037037 | AR91: =AVERAGE(AM91,AO91) -> 1 | AS91: {=_xlfn.IFS(AF91>'“主要目标”数据分表'!$C$2,1,AF91='“主要目标”数据分表'!$C$2,0,AF91<'“主要目标”数据分表'!$C$2,-1)} -> -1 | AT91: {=_xlfn.IFS(AG91>'“主要目标”数据分表'!$D$2,1,AG91='“主要目标”数据分表'!$D$2,0,AG91<'“主要目标”数据分表'!$D$2,-1)} -> 1 | AU91: {=_xlfn.IFS(AH91>'“主要目标”数据分表'!$E$2,1,AH91='“主要目标”数据分表'!$E$2,0,AH91<'“主要目标”数据分表'!$E$2,-1)} -> 0 | AV91: {=_xlfn.IFS(AI91>'“主要目标”数据分表'!$F$2,1,AI91='“主要目标”数据分表'!$F$2,0,AI91<'“主要目标”数据分表'!$F$2,-1)} -> -1 | AW91: {=_xlfn.IFS(AJ91>'“主要目标”数据分表'!$G$2,1,AJ91='“主要目标”数据分表'!$G$2,0,AJ91<'“主要目标”数据分表'!$G$2,-1)} -> 0
A92: 12 | B92: 安徽 | C92: 2022 | D92: 15882.66 | E92: 52091.233 | F92: 45045 | G92: 0.3525954 | H92: =(G92-G91)/G91 -> -0.012737204 | I92: 0.36818314 | J92: =(I92-I91)/I91 -> 0.085385121 | K92: 1.1564265 | L92: =(K92-K91)/K91 -> -0.040854102 | M92: 1 | N92: 0 | O92: 1 | P92: 0.82532823 | Q92: -0.021994135 | R92: -0.19511881 | S92: 1.1 | T92: -0.19 | U92: -0.042622951 | V92: -0.22906404 | W92: -0.11363636 | X92: 0.27943466 | Y92: -0.015806112 | Z92: -0.1399238 | AA92: 0.31428571 | AB92: -0.11046512 | AC92: -0.034451102 | AD92: -0.24488176 | AE92: -0.13257576 | AF92: 0.155 | AG92: 0.14 | AH92: 0.18 | AI92: 0.22 | AJ92: 0.65 | AK92: 0.775 | AL92: 1.037037 | AM92: 1 | AN92: 0.88 | AO92: 1 | AP92: =AVERAGE(AK92,AN92) -> 0.8275 | AQ92: =AVERAGE(AL92) -> 1.037037 | AR92: =AVERAGE(AM92,AO92) -> 1 | AS92: {=_xlfn.IFS(AF92>'“主要目标”数据分表'!$C$2,1,AF92='“主要目标”数据分表'!$C$2,0,AF92<'“主要目标”数据分表'!$C$2,-1)} -> -1 | AT92: {=_xlfn.IFS(AG92>'“主要目标”数据分表'!$D$2,1,AG92='“主要目标”数据分表'!$D$2,0,AG92<'“主要目标”数据分表'!$D$2,-1)} -> 1 | AU92: {=_xlfn.IFS(AH92>'“主要目标”数据分表'!$E$2,1,AH92='“主要目标”数据分表'!$E$2,0,AH92<'“主要目标”数据分表'!$E$2,-1)} -> 0 | AV92: {=_xlfn.IFS(AI92>'“主要目标”数据分表'!$F$2,1,AI92='“主要目标”数据分表'!$F$2,0,AI92<'“主要目标”数据分表'!$F$2,-1)} -> -1 | AW92: {=_xlfn.IFS(AJ92>'“主要目标”数据分表'!$G$2,1,AJ92='“主要目标”数据分表'!$G$2,0,AJ92<'“主要目标”数据分表'!$G$2,-1)} -> 0
A93: 13 | B93: 福建 | C93: 2016 | D93: 12036 | E93: 22842.695 | F93: 28810.58 | G93: 0.4177632 | I93: 0.32953471 | K93: 0.79285785 | M93: 0 | N93: 0 | O93: 0 | P93: 1 | Q93: 0 | R93: 0 | S93: 0 | T93: 0 | U93: 0 | V93: 0 | W93: 0 | X93: 1 | Y93: 0 | Z93: 0 | AA93: 0 | AB93: 0 | AC93: 0 | AD93: 0 | AE93: 0 | AF93: 0.2 | AG93: 0.135 | AH93: 0.18 | AI93: 0.25 | AJ93: 0.65 | AK93: 1 | AL93: 1 | AM93: 1 | AN93: 1 | AO93: 1 | AP93: =AVERAGE(AK93,AN93) -> 1 | AQ93: =AVERAGE(AL93) -> 1 | AR93: =AVERAGE(AM93,AO93) -> 1 | AS93: {=_xlfn.IFS(AF93>'“主要目标”数据分表'!$C$2,1,AF93='“主要目标”数据分表'!$C$2,0,AF93<'“主要目标”数据分表'!$C$2,-1)} -> 0 | AT93: {=_xlfn.IFS(AG93>'“主要目标”数据分表'!$D$2,1,AG93='“主要目标”数据分表'!$D$2,0,AG93<'“主要目标”数据分表'!$D$2,-1)} -> 0 | AU93: {=_xlfn.IFS(AH93>'“主要目标”数据分表'!$E$2,1,AH93='“主要目标”数据分表'!$E$2,0,AH93<'“主要目标”数据分表'!$E$2,-1)} -> 0 | AV93: {=_xlfn.IFS(AI93>'“主要目标”数据分表'!$F$2,1,AI93='“主要目标”数据分表'!$F$2,0,AI93<'“主要目标”数据分表'!$F$2,-1)} -> 0 | AW93: {=_xlfn.IFS(AJ93>'“主要目标”数据分表'!$G$2,1,AJ93='“主要目标”数据分表'!$G$2,0,AJ93<'“主要目标”数据分表'!$G$2,-1)} -> 0
A94: 13 | B94: 福建 | C94: 2017 | D94: 12555 | E94: 23628.176 | F94: 32182.09 | G94: 0.39012382 | H94: =(G94-G93)/G93 -> -0.066160383 | I94: 0.34138178 | J94: =(I94-I93)/I93 -> 0.035950906 | K94: 0.73420264 | L94: =(K94-K93)/K93 -> -0.073979477 | M94: 0 | N94: 0 | O94: 0 | P94: 1 | Q94: 0 | R94: 0 | S94: 0 | T94: 0 | U94: 0 | V94: 0 | W94: 0 | X94: 1 | Y94: 0 | Z94: 0 | AA94: 0 | AB94: 0 | AC94: 0 | AD94: 0 | AE94: 0 | AF94: 0.2 | AG94: 0.135 | AH94: 0.18 | AI94: 0.25 | AJ94: 0.65 | AK94: 1 | AL94: 1 | AM94: 1 | AN94: 1 | AO94: 1 | AP94: =AVERAGE(AK94,AN94) -> 1 | AQ94: =AVERAGE(AL94) -> 1 | AR94: =AVERAGE(AM94,AO94) -> 1 | AS94: {=_xlfn.IFS(AF94>'“主要目标”数据分表'!$C$2,1,AF94='“主要目标”数据分表'!$C$2,0,AF94<'“主要目标”数据分表'!$C$2,-1)} -> 0 | AT94: {=_xlfn.IFS(AG94>'“主要目标”数据分表'!$D$2,1,AG94='“主要目标”数据分表'!$D$2,0,AG94<'“主要目标”数据分表'!$D$2,-1)} -> 0 | AU94: {=_xlfn.IFS(AH94>'“主要目标”数据分表'!$E$2,1,AH94='“主要目标”数据分表'!$E$2,0,AH94<'“主要目标”数据分表'!$E$2,-1)} -> 0 | AV94: {=_xlfn.IFS(AI94>'“主要目标”数据分表'!$F$2,1,AI94='“主要目标”数据分表'!$F$2,0,AI94<'“主要目标”数据分表'!$F$2,-1)} -> 0 | AW94: {=_xlfn.IFS(AJ94>'“主要目标”数据分表'!$G$2,1,AJ94='“主要目标”数据分表'!$G$2,0,AJ94<'“主要目标”数据分表'!$G$2,-1)} -> 0
A95: 13 | B95: 福建 | C95: 2018 | D95: 13131 | E95: 24794.87 | F95: 35804.04 | G95: 0.36674632 | H95: =(G95-G94)/G94 -> -0.059923285 | I95: 0.36580327 | J95: =(I95-I94)/I94 -> 0.071537184 | K95: 0.69251599 | L95: =(K95-K94)/K94 -> -0.056778128 | M95: 0 | N95: 0 | O95: 0 | P95: 1 | Q95: 0 | R95: 0 | S95: 0 | T95: 0 | U95: 0 | V95: 0 | W95: 0 | X95: 1 | Y95: 0 | Z95: 0 | AA95: 0 | AB95: 0 | AC95: 0 | AD95: 0 | AE95: 0 | AF95: 0.2 | AG95: 0.135 | AH95: 0.18 | AI95: 0.25 | AJ95: 0.65 | AK95: 1 | AL95: 1 | AM95: 1 | AN95: 1 | AO95: 1 | AP95: =AVERAGE(AK95,AN95) -> 1 | AQ95: =AVERAGE(AL95) -> 1 | AR95: =AVERAGE(AM95,AO95) -> 1 | AS95: {=_xlfn.IFS(AF95>'“主要目标”数据分表'!$C$2,1,AF95='“主要目标”数据分表'!$C$2,0,AF95<'“主要目标”数据分表'!$C$2,-1)} -> 0 | AT95: {=_xlfn.IFS(AG95>'“主要目标”数据分表'!$D$2,1,AG95='“主要目标”数据分表'!$D$2,0,AG95<'“主要目标”数据分表'!$D$2,-1)} -> 0 | AU95: {=_xlfn.IFS(AH95>'“主要目标”数据分表'!$E$2,1,AH95='“主要目标”数据分表'!$E$2,0,AH95<'“主要目标”数据分表'!$E$2,-1)} -> 0 | AV95: {=_xlfn.IFS(AI95>'“主要目标”数据分表'!$F$2,1,AI95='“主要目标”数据分表'!$F$2,0,AI95<'“主要目标”数据分表'!$F$2,-1)} -> 0 | AW95: {=_xlfn.IFS(AJ95>'“主要目标”数据分表'!$G$2,1,AJ95='“主要目标”数据分表'!$G$2,0,AJ95<'“主要目标”数据分表'!$G$2,-1)} -> 0
A96: 13 | B96: 福建 | C96: 2019 | D96: 13718 | E96: 25168.374 | F96: 42395 | G96: 0.32357589 | H96: =(G96-G95)/G95 -> -0.11771196 | I96: 0.3685608 | J96: =(I96-I95)/I95 -> 0.0075382735 | K96: 0.59366374 | L96: =(K96-K95)/K95 -> -0.14274364 | M96: 0 | N96: 0 | O96: 0 | P96: 1 | Q96: 0 | R96: 0 | S96: 0 | T96: 0 | U96: 0 | V96: 0 | W96: 0 | X96: 1 | Y96: 0 | Z96: 0 | AA96: 0 | AB96: 0 | AC96: 0 | AD96: 0 | AE96: 0 | AF96: 0.2 | AG96: 0.135 | AH96: 0.18 | AI96: 0.25 | AJ96: 0.65 | AK96: 1 | AL96: 1 | AM96: 1 | AN96: 1 | AO96: 1 | AP96: =AVERAGE(AK96,AN96) -> 1 | AQ96: =AVERAGE(AL96) -> 1 | AR96: =AVERAGE(AM96,AO96) -> 1 | AS96: {=_xlfn.IFS(AF96>'“主要目标”数据分表'!$C$2,1,AF96='“主要目标”数据分表'!$C$2,0,AF96<'“主要目标”数据分表'!$C$2,-1)} -> 0 | AT96: {=_xlfn.IFS(AG96>'“主要目标”数据分表'!$D$2,1,AG96='“主要目标”数据分表'!$D$2,0,AG96<'“主要目标”数据分表'!$D$2,-1)} -> 0 | AU96: {=_xlfn.IFS(AH96>'“主要目标”数据分表'!$E$2,1,AH96='“主要目标”数据分表'!$E$2,0,AH96<'“主要目标”数据分表'!$E$2,-1)} -> 0 | AV96: {=_xlfn.IFS(AI96>'“主要目标”数据分表'!$F$2,1,AI96='“主要目标”数据分表'!$F$2,0,AI96<'“主要目标”数据分表'!$F$2,-1)} -> 0 | AW96: {=_xlfn.IFS(AJ96>'“主要目标”数据分表'!$G$2,1,AJ96='“主要目标”数据分表'!$G$2,0,AJ96<'“主要目标”数据分表'!$G$2,-1)} -> 0
A97: 13 | B97: 福建 | C97: 2020 | D97: 13905.19 | E97: 25159.652 | F97: 43903.89 | G97: 0.31671886 | H97: =(G97-G96)/G96 -> -0.021191422 | I97: 0.39578518 | J97: =(I97-I96)/I96 -> 0.073866725 | K97: 0.57306203 | L97: =(K97-K96)/K96 -> -0.034702647 | M97: 0 | N97: 0 | O97: 0 | P97: 1 | Q97: 0 | R97: 0 | S97: 0 | T97: 0 | U97: 0 | V97: 0 | W97: 0 | X97: 1 | Y97: 0 | Z97: 0 | AA97: 0 | AB97: 0 | AC97: 0 | AD97: 0 | AE97: 0 | AF97: 0.2 | AG97: 0.135 | AH97: 0.18 | AI97: 0.25 | AJ97: 0.65 | AK97: 1 | AL97: 1 | AM97: 1 | AN97: 1 | AO97: 1 | AP97: =AVERAGE(AK97,AN97) -> 1 | AQ97: =AVERAGE(AL97) -> 1 | AR97: =AVERAGE(AM97,AO97) -> 1 | AS97: {=_xlfn.IFS(AF97>'“主要目标”数据分表'!$C$2,1,AF97='“主要目标”数据分表'!$C$2,0,AF97<'“主要目标”数据分表'!$C$2,-1)} -> 0 | AT97: {=_xlfn.IFS(AG97>'“主要目标”数据分表'!$D$2,1,AG97='“主要目标”数据分表'!$D$2,0,AG97<'“主要目标”数据分表'!$D$2,-1)} -> 0 | AU97: {=_xlfn.IFS(AH97>'“主要目标”数据分表'!$E$2,1,AH97='“主要目标”数据分表'!$E$2,0,AH97<'“主要目标”数据分表'!$E$2,-1)} -> 0 | AV97: {=_xlfn.IFS(AI97>'“主要目标”数据分表'!$F$2,1,AI97='“主要目标”数据分表'!$F$2,0,AI97<'“主要目标”数据分表'!$F$2,-1)} -> 0 | AW97: {=_xlfn.IFS(AJ97>'“主要目标”数据分表'!$G$2,1,AJ97='“主要目标”数据分表'!$G$2,0,AJ97<'“主要目标”数据分表'!$G$2,-1)} -> 0
A98: 13 | B98: 福建 | C98: 2021 | D98: 15157.51 | E98: 26933.203 | F98: 48810.356 | G98: 0.31053881 | H98: =(G98-G97)/G97 -> -0.019512719 | I98: 0.42719988 | J98: =(I98-I97)/I97 -> 0.079373121 | K98: 0.5517928 | L98: =(K98-K97)/K97 -> -0.037115053 | M98: 0 | N98: 0 | O98: 0 | P98: 1 | Q98: 0 | R98: 0 | S98: 0 | T98: 0 | U98: 0 | V98: 0 | W98: 0 | X98: 1 | Y98: 0 | Z98: 0 | AA98: 0 | AB98: 0 | AC98: 0 | AD98: 0 | AE98: 0 | AF98: 0.2 | AG98: 0.135 | AH98: 0.18 | AI98: 0.25 | AJ98: 0.65 | AK98: 1 | AL98: 1 | AM98: 1 | AN98: 1 | AO98: 1 | AP98: =AVERAGE(AK98,AN98) -> 1 | AQ98: =AVERAGE(AL98) -> 1 | AR98: =AVERAGE(AM98,AO98) -> 1 | AS98: {=_xlfn.IFS(AF98>'“主要目标”数据分表'!$C$2,1,AF98='“主要目标”数据分表'!$C$2,0,AF98<'“主要目标”数据分表'!$C$2,-1)} -> 0 | AT98: {=_xlfn.IFS(AG98>'“主要目标”数据分表'!$D$2,1,AG98='“主要目标”数据分表'!$D$2,0,AG98<'“主要目标”数据分表'!$D$2,-1)} -> 0 | AU98: {=_xlfn.IFS(AH98>'“主要目标”数据分表'!$E$2,1,AH98='“主要目标”数据分表'!$E$2,0,AH98<'“主要目标”数据分表'!$E$2,-1)} -> 0 | AV98: {=_xlfn.IFS(AI98>'“主要目标”数据分表'!$F$2,1,AI98='“主要目标”数据分表'!$F$2,0,AI98<'“主要目标”数据分表'!$F$2,-1)} -> 0 | AW98: {=_xlfn.IFS(AJ98>'“主要目标”数据分表'!$G$2,1,AJ98='“主要目标”数据分表'!$G$2,0,AJ98<'“主要目标”数据分表'!$G$2,-1)} -> 0
A99: 14 | B99: 江西 | C99: 2016 | D99: 8730 | E99: 21492.806 | F99: 18499 | G99: 0.4719174 | I99: 0.2382779 | K99: 1.1618361 | M99: 0 | N99: 0 | O99: 1 | P99: 0.8371256 | Q99: 0.36950147 | R99: 0.36063166 | S99: -1.2 | T99: -0.41 | U99: 0.28501629 | V99: 0.13738739 | W99: -0.15238095 | X99: 0.32810177 | Y99: 0.26554268 | Z99: 0.25861654 | AA99: -0.34285714 | AB99: -0.23837209 | AC99: 0.23037178 | AD99: 0.1468745 | AE99: -0.17777778 | AF99: 0.183 | AG99: 0.135 | AH99: 0.18 | AI99: 0.25 | AJ99: 0.65 | AK99: 0.915 | AL99: 1 | AM99: 1 | AN99: 1 | AO99: 1 | AP99: =AVERAGE(AK99,AN99) -> 0.9575 | AQ99: =AVERAGE(AL99) -> 1 | AR99: =AVERAGE(AM99,AO99) -> 1 | AS99: {=_xlfn.IFS(AF99>'“主要目标”数据分表'!$C$2,1,AF99='“主要目标”数据分表'!$C$2,0,AF99<'“主要目标”数据分表'!$C$2,-1)} -> -1 | AT99: {=_xlfn.IFS(AG99>'“主要目标”数据分表'!$D$2,1,AG99='“主要目标”数据分表'!$D$2,0,AG99<'“主要目标”数据分表'!$D$2,-1)} -> 0 | AU99: {=_xlfn.IFS(AH99>'“主要目标”数据分表'!$E$2,1,AH99='“主要目标”数据分表'!$E$2,0,AH99<'“主要目标”数据分表'!$E$2,-1)} -> 0 | AV99: {=_xlfn.IFS(AI99>'“主要目标”数据分表'!$F$2,1,AI99='“主要目标”数据分表'!$F$2,0,AI99<'“主要目标”数据分表'!$F$2,-1)} -> 0 | AW99: {=_xlfn.IFS(AJ99>'“主要目标”数据分表'!$G$2,1,AJ99='“主要目标”数据分表'!$G$2,0,AJ99<'“主要目标”数据分表'!$G$2,-1)} -> 0
A100: 14 | B100: 江西 | C100: 2017 | D100: 8972 | E100: 21565.693 | F100: 20006.31 | G100: 0.44845851 | H100: =(G100-G99)/G99 -> -0.049709736 | I100: 0.24881542 | J100: =(I100-I99)/I99 -> 0.044223662 | K100: 1.0779445 | L100: =(K100-K99)/K99 -> -0.072206011 | M100: 0 | N100: 0 | O100: 1 | P100: 0.8371256 | Q100: 0.36950147 | R100: 0.36063166 | S100: -1.2 | T100: -0.41 | U100: 0.28501629 | V100: 0.13738739 | W100: -0.15238095 | X100: 0.32810177 | Y100: 0.26554268 | Z100: 0.25861654 | AA100: -0.34285714 | AB100: -0.23837209 | AC100: 0.23037178 | AD100: 0.1468745 | AE100: -0.17777778 | AF100: 0.183 | AG100: 0.135 | AH100: 0.18 | AI100: 0.25 | AJ100: 0.65 | AK100: 0.915 | AL100: 1 | AM100: 1 | AN100: 1 | AO100: 1 | AP100: =AVERAGE(AK100,AN100) -> 0.9575 | AQ100: =AVERAGE(AL100) -> 1 | AR100: =AVERAGE(AM100,AO100) -> 1 | AS100: {=_xlfn.IFS(AF100>'“主要目标”数据分表'!$C$2,1,AF100='“主要目标”数据分表'!$C$2,0,AF100<'“主要目标”数据分表'!$C$2,-1)} -> -1 | AT100: {=_xlfn.IFS(AG100>'“主要目标”数据分表'!$D$2,1,AG100='“主要目标”数据分表'!$D$2,0,AG100<'“主要目标”数据分表'!$D$2,-1)} -> 0 | AU100: {=_xlfn.IFS(AH100>'“主要目标”数据分表'!$E$2,1,AH100='“主要目标”数据分表'!$E$2,0,AH100<'“主要目标”数据分表'!$E$2,-1)} -> 0 | AV100: {=_xlfn.IFS(AI100>'“主要目标”数据分表'!$F$2,1,AI100='“主要目标”数据分表'!$F$2,0,AI100<'“主要目标”数据分表'!$F$2,-1)} -> 0 | AW100: {=_xlfn.IFS(AJ100>'“主要目标”数据分表'!$G$2,1,AJ100='“主要目标”数据分表'!$G$2,0,AJ100<'“主要目标”数据分表'!$G$2,-1)} -> 0
...

Sheet “主要目标”数据分表
A1: id | B1: 地 | C1: 非化石能源 | D1: 能耗强度 | E1: 碳排强度 | F1: 非化石能源_155 | G1: 碳排强度_155 | H1: 非化石能源（比中央） | I1: 能耗强度（比中央） | J1: 碳排强度（比中央） | K1: 非化石能源_155（比中央） | L1: 碳排强度_155（比中央）
A2: 0 | B2: 中央 | C2: 0.2 | D2: 0.135 | E2: 0.18 | F2: 0.25 | G2: 0.65 | H2: =C2/C$2 -> 1 | I2: =D2/D$2 -> 1 | J2: =E2/E$2 -> 1 | K2: =F2/F$2 -> 1 | L2: =G2/G$2 -> 1
A3: 1 | B3: 北京 | C3: 0.144 | D3: 0.14 | E3: 0.18 | F3: 0.25 | G3: 0.65 | H3: =C3/C$2 -> 0.72 | I3: =D3/D$2 -> 1.037037 | J3: =E3/E$2 -> 1 | K3: =F3/F$2 -> 1 | L3: =G3/G$2 -> 1
A4: 2 | B4: 天津 | C4: 0.117 | D4: 0.135 | E4: 0.18 | F4: 0.16 | G4: 0.65 | H4: =C4/C$2 -> 0.585 | I4: =D4/D$2 -> 1 | J4: =E4/E$2 -> 1 | K4: =F4/F$2 -> 0.64 | L4: =G4/G$2 -> 1
A5: 3 | B5: 河北 | C5: 0.13 | D5: 0.135 | E5: 0.18 | F5: 0.19 | G5: 0.65 | H5: =C5/C$2 -> 0.65 | I5: =D5/D$2 -> 1 | J5: =E5/E$2 -> 1 | K5: =F5/F$2 -> 0.76 | L5: =G5/G$2 -> 1
A6: 4 | B6: 山西 | C6: 0.12 | D6: 0.135 | E6: 0.18 | F6: 0.18 | G6: 0.65 | H6: =C6/C$2 -> 0.6 | I6: =D6/D$2 -> 1 | J6: =E6/E$2 -> 1 | K6: =F6/F$2 -> 0.72 | L6: =G6/G$2 -> 1
A7: 5 | B7: 内蒙古 | C7: 0.18 | D7: 0.135 | E7: 0.18 | F7: 0.25 | G7: 0.65 | H7: =C7/C$2 -> 0.9 | I7: =D7/D$2 -> 1 | J7: =E7/E$2 -> 1 | K7: =F7/F$2 -> 1 | L7: =G7/G$2 -> 1
A8: 6 | B8: 辽宁 | C8: 0.137 | D8: 0.145 | E8: 0.18 | F8: 0.2 | G8: 0.65 | H8: =C8/C$2 -> 0.685 | I8: =D8/D$2 -> 1.0740741 | J8: =E8/E$2 -> 1 | K8: =F8/F$2 -> 0.8 | L8: =G8/G$2 -> 1
A9: 7 | B9: 吉林 | C9: 0.177 | D9: 0.135 | E9: 0.18 | F9: 0.2 | G9: 0.65 | H9: =C9/C$2 -> 0.885 | I9: =D9/D$2 -> 1 | J9: =E9/E$2 -> 1 | K9: =F9/F$2 -> 0.8 | L9: =G9/G$2 -> 1
A10: 8 | B10: 黑龙江 | C10: 0.2 | D10: 0.135 | E10: 0.18 | F10: 0.25 | G10: 0.65 | H10: =C10/C$2 -> 1 | I10: =D10/D$2 -> 1 | J10: =E10/E$2 -> 1 | K10: =F10/F$2 -> 1 | L10: =G10/G$2 -> 1
A11: 9 | B11: 上海 | C11: 0.2 | D11: 0.14 | E11: 0.18 | F11: 0.25 | G11: 0.7 | H11: =C11/C$2 -> 1 | I11: =D11/D$2 -> 1.037037 | J11: =E11/E$2 -> 1 | K11: =F11/F$2 -> 1 | L11: =G11/G$2 -> 1.0769231
A12: 10 | B12: 江苏 | C12: 0.18 | D12: 0.14 | E12: 0.18 | F12: 0.25 | G12: 0.65 | H12: =C12/C$2 -> 0.9 | I12: =D12/D$2 -> 1.037037 | J12: =E12/E$2 -> 1 | K12: =F12/F$2 -> 1 | L12: =G12/G$2 -> 1
A13: 11 | B13: 浙江 | C13: 0.2 | D13: 0.135 | E13: 0.18 | F13: 0.25 | G13: 0.65 | H13: =C13/C$2 -> 1 | I13: =D13/D$2 -> 1 | J13: =E13/E$2 -> 1 | K13: =F13/F$2 -> 1 | L13: =G13/G$2 -> 1
... A32: 30 | B32: 新疆 | C32: 0.2 | D32: 0.135 | E32: 0.18 | F32: 0.25 | G32: 0.65 | H32: =C32/C$2 -> 1 | I32: =D32/D$2 -> 1 | J32: =E32/E$2 -> 1 | K32: =F32/F$2 -> 1 | L32: =G32/G$2 -> 1

Sheet 部分解释变量分表
B1: file | C1: avg_direct_sim | D1: avg_direct_degree | E1: avg_hidden_degree | F1: 主要目标 | G1: 主要目标_hid | H1: 70相似度 | I1: 80相似度 | J1: 90相似度 | K1: std_sim | L1: std_deg | M1: std_hid_deg | N1: std_主要目标 | O1: std_hid_主要目标 | P1: std_70 | Q1: std_80 | R1: std_90
A2: 0 | B2: 2030年前碳达峰行动方案.docx | C2: 1 | D2: 0 | E2: 0 | F2: 0 | G2: 0 | H2: 0 | I2: 0 | J2: 0 | K2: =(C2-MIN(C:C))/(MAX(C:C)-MIN(C:C)) -> 1 | L2: {=D2/MAX(ABS(D$2:D$26))} -> 0 | M2: {=E2/MAX(ABS(E$2:E$26))} -> 0 | N2: {=F2/MAX(ABS(F$2:F$26))} -> 0 | O2: {=G2/MAX(ABS(G$2:G$26))} -> 0 | P2: {=H2/MAX(ABS(H$2:H$26))} -> 0 | Q2: {=I2/MAX(ABS(I$2:I$26))} -> 0 | R2: {=J2/MAX(ABS(J$2:J$26))} -> 0
A3: 1 | B3: 北京市碳达峰实施方案.docx | C3: 0.75759066 | D3: 0.49120235 | E3: 0.1919221 | F3: 1.1 | G3: -0.03 | H3: 0.51785714 | I3: 0.24380165 | J3: 0.85714286 | K3: =(C3-MIN(C:C))/(MAX(C:C)-MIN(C:C)) -> 0 | L3: {=D3/MAX(ABS(D$2:D$26))} -> 0.35300316 | M3: {=E3/MAX(ABS(E$2:E$26))} -> 0.13763137 | N3: {=F3/MAX(ABS(F$2:F$26))} -> 0.31428571 | O3: {=G3/MAX(ABS(G$2:G$26))} -> -0.01744186 | P3: {=H3/MAX(ABS(H$2:H$26))} -> 0.41857143 | Q3: {=I3/MAX(ABS(I$2:I$26))} -> 0.26063706 | R3: {=J3/MAX(ABS(J$2:J$26))} -> 1
A4: 2 | B4: 天津市碳达峰实施方案.docx | C4: 0.83038969 | D4: 1.3914956 | E4: 1.3944648 | F4: 2.5 | G4: 1.72 | H4: 1.2372014 | I4: 0.79904306 | J4: 0.33505155 | K4: =(C4-MIN(C:C))/(MAX(C:C)-MIN(C:C)) -> 0.30031447 | L4: {=D4/MAX(ABS(D$2:D$26))} -> 1 | M4: {=E4/MAX(ABS(E$2:E$26))} -> 1 | N4: {=F4/MAX(ABS(F$2:F$26))} -> 0.71428571 | O4: {=G4/MAX(ABS(G$2:G$26))} -> 1 | P4: {=H4/MAX(ABS(H$2:H$26))} -> 1 | Q4: {=I4/MAX(ABS(I$2:I$26))} -> 0.85421995 | R4: {=J4/MAX(ABS(J$2:J$26))} -> 0.39089347
A5: 3 | B5: 河北省碳达峰实施方案.docx | C5: 0.86522324 | D5: 0.032258065 | E5: -0.22026952 | F5: 1.3 | G5: -0.16 | H5: -0.03514377 | I5: -0.052 | J5: -0.1294964 | K5: =(C5-MIN(C:C))/(MAX(C:C)-MIN(C:C)) -> 0.44401167 | L5: {=D5/MAX(ABS(D$2:D$26))} -> 0.023182297 | M5: {=E5/MAX(ABS(E$2:E$26))} -> -0.1579599 | N5: {=F5/MAX(ABS(F$2:F$26))} -> 0.37142857 | O5: {=G5/MAX(ABS(G$2:G$26))} -> -0.093023256 | P5: {=H5/MAX(ABS(H$2:H$26))} -> -0.028405861 | Q5: {=I5/MAX(ABS(I$2:I$26))} -> -0.055590793 | R5: {=J5/MAX(ABS(J$2:J$26))} -> -0.15107914
A6: 4 | B6: 山西省碳达峰实施方案.docx | C6: 0.83606886 | D6: 0.81818182 | E6: 0.63020121 | F6: 2.9 | G6: 0.82 | H6: 0.47260274 | I6: 0.39013453 | J6: 0.091743119 | K6: =(C6-MIN(C:C))/(MAX(C:C)-MIN(C:C)) -> 0.32374247 | L6: {=D6/MAX(ABS(D$2:D$26))} -> 0.58798736 | M6: {=E6/MAX(ABS(E$2:E$26))} -> 0.45193052 | N6: {=F6/MAX(ABS(F$2:F$26))} -> 0.82857143 | O6: {=G6/MAX(ABS(G$2:G$26))} -> 0.47674419 | P6: {=H6/MAX(ABS(H$2:H$26))} -> 0.38199339 | Q6: {=I6/MAX(ABS(I$2:I$26))} -> 0.41707477 | R6: {=J6/MAX(ABS(J$2:J$26))} -> 0.10703364
A7: 5 | B7: 内蒙古自治区碳达峰实施方案.docx | C7: 0.82466688 | D7: -0.76539589 | E7: -0.99324524 | F7: 1.9 | G7: -0.6 | H7: -0.87123746 | I7: -0.9354067 | J7: -0.56914894 | K7: =(C7-MIN(C:C))/(MAX(C:C)-MIN(C:C)) -> 0.27670642 | L7: {=D7/MAX(ABS(D$2:D$26))} -> -0.55005269 | M7: {=E7/MAX(ABS(E$2:E$26))} -> -0.71227702 | N7: {=F7/MAX(ABS(F$2:F$26))} -> 0.54285714 | O7: {=G7/MAX(ABS(G$2:G$26))} -> -0.34883721 | P7: {=H7/MAX(ABS(H$2:H$26))} -> -0.70420021 | Q7: {=I7/MAX(ABS(I$2:I$26))} -> -1 | R7: {=J7/MAX(ABS(J$2:J$26))} -> -0.66400709
A8: 6 | B8: 辽宁省碳达峰实施方案.docx | C8: 0.8307605 | D8: 0.85190616 | E8: 0.85626891 | F8: 3.5 | G8: 1.5 | H8: 0.65066225 | I8: 0.41855204 | J8: 0.1741573 | K8: =(C8-MIN(C:C))/(MAX(C:C)-MIN(C:C)) -> 0.30184413 | L8: {=D8/MAX(ABS(D$2:D$26))} -> 0.61222339 | M8: {=E8/MAX(ABS(E$2:E$26))} -> 0.61404842 | N8: {=F8/MAX(ABS(F$2:F$26))} -> 1 | O8: {=G8/MAX(ABS(G$2:G$26))} -> 0.87209302 | P8: {=H8/MAX(ABS(H$2:H$26))} -> 0.52591459 | Q8: {=I8/MAX(ABS(I$2:I$26))} -> 0.44745461 | R8: {=J8/MAX(ABS(J$2:J$26))} -> 0.20318352
A9: 7 | B9: 吉林省碳达峰实施方案.docx | C9: 0.84762756 | D9: 0.13196481 | E9: 0.057812573 | F9: 0.4 | G9: -0.54 | H9: 0.044728435 | I9: -0.10307018 | J9: -0.112 | K9: =(C9-MIN(C:C))/(MAX(C:C)-MIN(C:C)) -> 0.37142503 | L9: {=D9/MAX(ABS(D$2:D$26))} -> 0.09483667 | M9: {=E9/MAX(ABS(E$2:E$26))} -> 0.04145861 | N9: {=F9/MAX(ABS(F$2:F$26))} -> 0.11428571 | O9: {=G9/MAX(ABS(G$2:G$26))} -> -0.31395349 | P9: {=H9/MAX(ABS(H$2:H$26))} -> 0.036152914 | Q9: {=I9/MAX(ABS(I$2:I$26))} -> -0.11018755 | R9: {=J9/MAX(ABS(J$2:J$26))} -> -0.13066667
A10: 9 | B10: 上海市碳达峰实施方案.docx | C10: 0.82522388 | D10: 0.48093842 | E10: 0.60962854 | F10: 2.7 | G10: 0.51 | H10: 0.35084746 | I10: 0.23809524 | J10: 0.36413043 | K10: =(C10-MIN(C:C))/(MAX(C:C)-MIN(C:C)) -> 0.27900418 | L10: {=D10/MAX(ABS(D$2:D$26))} -> 0.34562698 | M10: {=E10/MAX(ABS(E$2:E$26))} -> 0.43717743 | N10: {=F10/MAX(ABS(F$2:F$26))} -> 0.77142857 | O10: {=G10/MAX(ABS(G$2:G$26))} -> 0.29651163 | P10: {=H10/MAX(ABS(H$2:H$26))} -> 0.28358153 | Q10: {=I10/MAX(ABS(I$2:I$26))} -> 0.2545366 | R10: {=J10/MAX(ABS(J$2:J$26))} -> 0.42481884
A11: 10 | B11: 江苏省碳达峰实施方案.docx | C11: 0.79737596 | D11: 0.68768328 | E11: 0.646556 | F11: 0.2 | G11: 0.08 | H11: 0.48442907 | I11: 0.34943182 | J11: 0.022222222 | K11: =(C11-MIN(C:C))/(MAX(C:C)-MIN(C:C)) -> 0.16412442 | L11: {=D11/MAX(ABS(D$2:D$26))} -> 0.49420443 | M11: {=E11/MAX(ABS(E$2:E$26))} -> 0.46365888 | N11: {=F11/MAX(ABS(F$2:F$26))} -> 0.057142857 | O11: {=G11/MAX(ABS(G$2:G$26))} -> 0.046511628 | P11: {=H11/MAX(ABS(H$2:H$26))} -> 0.39155232 | Q11: {=I11/MAX(ABS(I$2:I$26))} -> 0.37356138 | R11: {=J11/MAX(ABS(J$2:J$26))} -> 0.025925926
A12: 12 | B12: 安徽省碳达峰实施方案.docx | C12: 0.82532823 | D12: -0.021994135 | E12: -0.19511881 | F12: 1.1 | G12: -0.19 | H12: -0.042622951 | I12: -0.22906404 | J12: -0.11363636 | K12: =(C12-MIN(C:C))/(MAX(C:C)-MIN(C:C)) -> 0.27943466 | L12: {=D12/MAX(ABS(D$2:D$26))} -> -0.015806112 | M12: {=E12/MAX(ABS(E$2:E$26))} -> -0.1399238 | N12: {=F12/MAX(ABS(F$2:F$26))} -> 0.31428571 | O12: {=G12/MAX(ABS(G$2:G$26))} -> -0.11046512 | P12: {=H12/MAX(ABS(H$2:H$26))} -> -0.034451102 | Q12: {=I12/MAX(ABS(I$2:I$26))} -> -0.24488176 | R12: {=J12/MAX(ABS(J$2:J$26))} -> -0.13257576
A13: 14 | B13: 江西省碳达峰实施方案.docx | C13: 0.8371256 | D13: 0.36950147 | E13: 0.36063166 | F13: -1.2 | G13: -0.41 | H13: 0.28501629 | I13: 0.13738739 | J13: -0.15238095 | K13: =(C13-MIN(C:C))/(MAX(C:C)-MIN(C:C)) -> 0.32810177 | L13: {=D13/MAX(ABS(D$2:D$26))} -> 0.26554268 | M13: {=E13/MAX(ABS(E$2:E$26))} -> 0.25861654 | N13: {=F13/MAX(ABS(F$2:F$26))} -> -0.34285714 | O13: {=G13/MAX(ABS(G$2:G$26))} -> -0.23837209 | P13: {=H13/MAX(ABS(H$2:H$26))} -> 0.23037178 | Q13: {=I13/MAX(ABS(I$2:I$26))} -> 0.1468745 | R13: {=J13/MAX(ABS(J$2:J$26))} -> -0.17777778
... A26: 29 | B26: 宁夏回族自治区碳达峰实施方案.docx | C26: 0.84429188 | D26: 0.54985337 | E26: 0.35931958 | F26: 0.4 | G26: 0.98 | H26: 0.34294872 | I26: 0.2360515 | J26: 0.080357143 | K26: =(C26-MIN(C:C))/(MAX(C:C)-MIN(C:C)) -> 0.35766453 | L26: {=D26/MAX(ABS(D$2:D$26))} -> 0.39515279 | M26: {=E26/MAX(ABS(E$2:E$26))} -> 0.25767562 | N26: {=F26/MAX(ABS(F$2:F$26))} -> 0.11428571 | O26: {=G26/MAX(ABS(G$2:G$26))} -> 0.56976744 | P26: {=H26/MAX(ABS(H$2:H$26))} -> 0.27719717 | Q26: {=I26/MAX(ABS(I$2:I$26))} -> 0.25235173 | R26: {=J26/MAX(ABS(J$2:J$26))} -> 0.09375

Sheet 变量说明
A1: 自变量 | B1: 解释
A2: post1 | B2: 中央是否在该年出台中央文件
A3: post2 | B3: 地方在该年是否出台地方文件
A4: treated | B4: 中央文件发布后地方是否有跟进发布地方文件
A5: avg_direct_sim | B5: 相似度
A6: avg_direct_degree | B6: 相对语调
A7: avg_hidden_degree | B7: 隐式相对语调（最相近十个句子的平均）
A8: target | B8: “主要目标”段落的相对语调
A9: target_hid | B9: “主要目标”段落的隐式相对语调
A10: deg70 | B10: 控制相似度阈值为70的相对语调
A11: deg80 | B11: 控制相似度阈值为80的相对语调
A12: deg90 | B12: 控制相似度阈值为90的相对语调
... A45: 单位GDP碳排放量增长率 | B45: -
