Workbook

Sheet sheet1
A1: id | B1: 地 | C1: year | D1: 能源消费总量(万吨标准煤) | E1: CO2排放总量(万吨) | F1: 生产总值（亿元） | G1: 单位GDP能耗 | H1: 单位GDP能耗增长率 | I1: 非化石能源占比 | J1: 非化石能源占比增长率 | K1: 单位GDP碳排放量 | L1: 单位GDP碳排放量增长率 | M1: post0 | N1: post1 | O1: post2 | P1: treated | Q1: avg_direct_sim | R1: avg_direct_degree | S1: avg_hidden_degree | T1: target | U1: target_hid | V1: deg70 | W1: deg80 | X1: deg90 | Y1: std_sim | Z1: std_deg | AA1: std_hid_deg | AB1: std_target | AC1: std_hid_target | AD1: std_70 | AE1: std_80 | AF1: std_90 | AG1: a145 | AH1: b145 | AI1: c145 | AJ1: a155 | AK1: c155 | AL1: std_a145 | AM1: std_b145 | AN1: std_c145 | AO1: std_a155 | AP1: std_c155 | AQ1: a | AR1: b | AS1: c | AT1: if_a | AU1: if_b | AV1: if_c | AW1: if_a_155 | AX1: if_c_155 | AY1: 工业结构 | AZ1: 城市化水平 | BA1: 人口密度 | BB1: 技术进步 | BC1: 财政自给率
A2: 1 | B2: 北京 | C2: 2016 | D2: 6917 | E2: 7413.4217 | F2: 25669.13 | G2: =D2/F2 -> 0.26946764 | I2: 0.35776976 | K2: =E2/F2 -> 0.28880689 | M2: 0 | N2: 0 | O2: 0 | P2: 1 | Q2: 0.75759066 | R2: 0.49120235 | S2: 0.1919221 | T2: 1.1 | U2: -0.03 | V2: 0.51785714 | W2: 0.24380165 | X2: 0.85714286 | Y2: 0 | Z2: 0.35300316 | AA2: 0.13763137 | AB2: 0.31428571 | AC2: -0.01744186 | AD2: 0.41857143 | AE2: 0.26063706 | AF2: 1 | AG2: 0.144 | AH2: 0.14 | AI2: 0.18 | AJ2: 0.25 | AK2: 0.65 | AL2: 0.72 | AM2: 1.037037 | AN2: 1 | AO2: 1 | AP2: 1 | AQ2: =AVERAGE(AL2,AO2) -> 0.86 | AR2: =AVERAGE(AM2) -> 1.037037 | AS2: =AVERAGE(AN2,AP2) -> 1 | AT2: {=_xlfn.IFS(AG2>sheet2!$C$2,1,AG2=sheet2!$C$2,0,AG2<sheet2!$C$2,-1)} -> -1 | AU2: {=_xlfn.IFS(AH2>sheet2!$D$2,1,AH2=sheet2!$D$2,0,AH2<sheet2!$D$2,-1)} -> 1 | AV2: {=_xlfn.IFS(AI2>sheet2!$E$2,1,AI2=sheet2!$E$2,0,AI2<sheet2!$E$2,-1)} -> 0 | AW2: {=_xlfn.IFS(AJ2>sheet2!$F$2,1,AJ2=sheet2!$F$2,0,AJ2<sheet2!$F$2,-1)} -> 0 | AX2: {=_xlfn.IFS(AK2>sheet2!$G$2,1,AK2=sheet2!$G$2,0,AK2<sheet2!$G$2,-1)} -> 0 | AY2: 0.18176697 | AZ2: 0.86742597 | BA2: 0.13379251 | BB2: 0.0099280069 | BC2: 0.79310792
A3: 1 | B3: 北京 | C3: 2017 | D3: 7088 | E3: 7623.383 | F3: 28014.94 | G3: =D3/F3 -> 0.25300786 | H3: =(G3-G2)/G2 -> -0.061082603 | I3: 0.36853608 | J3: =(I3-I2)/I2 -> 0.030092858 | K3: =E3/F3 -> 0.27211849 | L3: =(K3-K2)/K2 -> -0.057783963 | M3: 0 | N3: 0 | O3: 0 | P3: 1 | Q3: 0.75759066 | R3: 0.49120235 | S3: 0.1919221 | T3: 1.1 | U3: -0.03 | V3: 0.51785714 | W3: 0.24380165 | X3: 0.85714286 | Y3: 0 | Z3: 0.35300316 | AA3: 0.13763137 | AB3: 0.31428571 | AC3: -0.01744186 | AD3: 0.41857143 | AE3: 0.26063706 | AF3: 1 | AG3: 0.144 | AH3: 0.14 | AI3: 0.18 | AJ3: 0.25 | AK3: 0.65 | AL3: 0.72 | AM3: 1.037037 | AN3: 1 | AO3: 1 | AP3: 1 | AQ3: =AVERAGE(AL3,AO3) -> 0.86 | AR3: =AVERAGE(AM3) -> 1.037037 | AS3: =AVERAGE(AN3,AP3) -> 1 | AT3: {=_xlfn.IFS(AG3>sheet2!$C$2,1,AG3=sheet2!$C$2,0,AG3<sheet2!$C$2,-1)} -> -1 | AU3: {=_xlfn.IFS(AH3>sheet2!$D$2,1,AH3=sheet2!$D$2,0,AH3<sheet2!$D$2,-1)} -> 1 | AV3: {=_xlfn.IFS(AI3>sheet2!$E$2,1,AI3=sheet2!$E$2,0,AI3<sheet2!$E$2,-1)} -> 0 | AW3: {=_xlfn.IFS(AJ3>sheet2!$F$2,1,AJ3=sheet2!$F$2,0,AJ3<sheet2!$F$2,-1)} -> 0 | AX3: {=_xlfn.IFS(AK3>sheet2!$G$2,1,AK3=sheet2!$G$2,0,AK3<sheet2!$G$2,-1)} -> 0 | AY3: 0.18023954 | AZ3: 0.8691887 | BA3: 0.13373156 | BB3: 0.0096050572 | BC3: 0.79577495
A4: 1 | B4: 北京 | C4: 2018 | D4: 7270 | E4: 7770.4187 | F4: 30319.98 | G4: =D4/F4 -> 0.23977588 | H4: =(G4-G3)/G3 -> -0.052298674 | I4: 0.3894371 | J4: =(I4-I3)/I3 -> 0.056713642 | K4: =E4/F4 -> 0.25628047 | L4: =(K4-K3)/K3 -> -0.058202652 | M4: 0 | N4: 0 | O4: 0 | P4: 1 | Q4: 0.75759066 | R4: 0.49120235 | S4: 0.1919221 | T4: 1.1 | U4: -0.03 | V4: 0.51785714 | W4: 0.24380165 | X4: 0.85714286 | Y4: 0 | Z4: 0.35300316 | AA4: 0.13763137 | AB4: 0.31428571 | AC4: -0.01744186 | AD4: 0.41857143 | AE4: 0.26063706 | AF4: 1 | AG4: 0.144 | AH4: 0.14 | AI4: 0.18 | AJ4: 0.25 | AK4: 0.65 | AL4: 0.72 | AM4: 1.037037 | AN4: 1 | AO4: 1 | AP4: 1 | AQ4: =AVERAGE(AL4,AO4) -> 0.86 | AR4: =AVERAGE(AM4) -> 1.037037 | AS4: =AVERAGE(AN4,AP4) -> 1 | AT4: {=_xlfn.IFS(AG4>sheet2!$C$2,1,AG4=sheet2!$C$2,0,AG4<sheet2!$C$2,-1)} -> -1 | AU4: {=_xlfn.IFS(AH4>sheet2!$D$2,1,AH4=sheet2!$D$2,0,AH4<sheet2!$D$2,-1)} -> 1 | AV4: {=_xlfn.IFS(AI4>sheet2!$E$2,1,AI4=sheet2!$E$2,0,AI4<sheet2!$E$2,-1)} -> 0 | AW4: {=_xlfn.IFS(AJ4>sheet2!$F$2,1,AJ4=sheet2!$F$2,0,AJ4<sheet2!$F$2,-1)} -> 0 | AX4: {=_xlfn.IFS(AK4>sheet2!$G$2,1,AK4=sheet2!$G$2,0,AK4<sheet2!$G$2,-1)} -> 0 | AY4: 0.18065315 | AZ4: 0.87089416 | BA4: 0.13360966 | BB4: 0.009037285 | BC4: 0.77440597
A5: 1 | B5: 北京 | C5: 2019 | D5: 7360 | E5: 7804.4413 | F5: 35371.28 | G5: =D5/F5 -> 0.20807842 | H5: =(G5-G4)/G4 -> -0.13219622 | I5: 0.39378508 | J5: =(I5-I4)/I4 -> 0.011164767 | K5: =E5/F5 -> 0.22064345 | L5: =(K5-K4)/K4 -> -0.13905475 | M5: 0 | N5: 0 | O5: 0 | P5: 1 | Q5: 0.75759066 | R5: 0.49120235 | S5: 0.1919221 | T5: 1.1 | U5: -0.03 | V5: 0.51785714 | W5: 0.24380165 | X5: 0.85714286 | Y5: 0 | Z5: 0.35300316 | AA5: 0.13763137 | AB5: 0.31428571 | AC5: -0.01744186 | AD5: 0.41857143 | AE5: 0.26063706 | AF5: 1 | AG5: 0.144 | AH5: 0.14 | AI5: 0.18 | AJ5: 0.25 | AK5: 0.65 | AL5: 0.72 | AM5: 1.037037 | AN5: 1 | AO5: 1 | AP5: 1 | AQ5: =AVERAGE(AL5,AO5) -> 0.86 | AR5: =AVERAGE(AM5) -> 1.037037 | AS5: =AVERAGE(AN5,AP5) -> 1 | AT5: {=_xlfn.IFS(AG5>sheet2!$C$2,1,AG5=sheet2!$C$2,0,AG5<sheet2!$C$2,-1)} -> -1 | AU5: {=_xlfn.IFS(AH5>sheet2!$D$2,1,AH5=sheet2!$D$2,0,AH5<sheet2!$D$2,-1)} -> 1 | AV5: {=_xlfn.IFS(AI5>sheet2!$E$2,1,AI5=sheet2!$E$2,0,AI5<sheet2!$E$2,-1)} -> 0 | AW5: {=_xlfn.IFS(AJ5>sheet2!$F$2,1,AJ5=sheet2!$F$2,0,AJ5<sheet2!$F$2,-1)} -> 0 | AX5: {=_xlfn.IFS(AK5>sheet2!$G$2,1,AK5=sheet2!$G$2,0,AK5<sheet2!$G$2,-1)} -> 0 | AY5: 0.16433954 | AZ5: 0.87351598 | BA5: 0.13348775 | BB5: 0.0080626401 | BC5: 0.78522554
A6: 1 | B6: 北京 | C6: 2020 | D6: 6762.1 | E6: 7763.0137 | F6: 36102.55 | G6: =D6/F6 -> 0.18730256 | H6: =(G6-G5)/G5 -> -0.099846297 | I6: 0.45559969 | J6: =(I6-I5)/I5 -> 0.15697552 | K6: =E6/F6 -> 0.21502674 | L6: =(K6-K5)/K5 -> -0.025456044 | M6: 0 | N6: 0 | O6: 0 | P6: 1 | Q6: 0.75759066 | R6: 0.49120235 | S6: 0.1919221 | T6: 1.1 | U6: -0.03 | V6: 0.51785714 | W6: 0.24380165 | X6: 0.85714286 | Y6: 0 | Z6: 0.35300316 | AA6: 0.13763137 | AB6: 0.31428571 | AC6: -0.01744186 | AD6: 0.41857143 | AE6: 0.26063706 | AF6: 1 | AG6: 0.144 | AH6: 0.14 | AI6: 0.18 | AJ6: 0.25 | AK6: 0.65 | AL6: 0.72 | AM6: 1.037037 | AN6: 1 | AO6: 1 | AP6: 1 | AQ6: =AVERAGE(AL6,AO6) -> 0.86 | AR6: =AVERAGE(AM6) -> 1.037037 | AS6: =AVERAGE(AN6,AP6) -> 1 | AT6: {=_xlfn.IFS(AG6>sheet2!$C$2,1,AG6=sheet2!$C$2,0,AG6<sheet2!$C$2,-1)} -> -1 | AU6: {=_xlfn.IFS(AH6>sheet2!$D$2,1,AH6=sheet2!$D$2,0,AH6<sheet2!$D$2,-1)} -> 1 | AV6: {=_xlfn.IFS(AI6>sheet2!$E$2,1,AI6=sheet2!$E$2,0,AI6<sheet2!$E$2,-1)} -> 0 | AW6: {=_xlfn.IFS(AJ6>sheet2!$F$2,1,AJ6=sheet2!$F$2,0,AJ6<sheet2!$F$2,-1)} -> 0 | AX6: {=_xlfn.IFS(AK6>sheet2!$G$2,1,AK6=sheet2!$G$2,0,AK6<sheet2!$G$2,-1)} -> 0 | AY6: 0.16341782 | AZ6: 0.87528552 | BA6: 0.1334268 | BB6: 0.0082380801 | BC6: 0.77062272
A7: 1 | B7: 北京 | C7: 2021 | D7: 7103.62 | E7: 8010.2176 | F7: 40269.55 | G7: =D7/F7 -> 0.17640177 | H7: =(G7-G6)/G6 -> -0.058198812 | I7: 0.44803091 | J7: =(I7-I6)/I6 -> -0.016612797 | K7: =E7/F7 -> 0.198915 | L7: =(K7-K6)/K6 -> -0.074929003 | M7: 0 | N7: 0 | O7: 0 | P7: 1 | Q7: 0.75759066 | R7: 0.49120235 | S7: 0.1919221 | T7: 1.1 | U7: -0.03 | V7: 0.51785714 | W7: 0.24380165 | X7: 0.85714286 | Y7: 0 | Z7: 0.35300316 | AA7: 0.13763137 | AB7: 0.31428571 | AC7: -0.01744186 | AD7: 0.41857143 | AE7: 0.26063706 | AF7: 1 | AG7: 0.144 | AH7: 0.14 | AI7: 0.18 | AJ7: 0.25 | AK7: 0.65 | AL7: 0.72 | AM7: 1.037037 | AN7: 1 | AO7: 1 | AP7: 1 | AQ7: =AVERAGE(AL7,AO7) -> 0.86 | AR7: =AVERAGE(AM7) -> 1.037037 | AS7: =AVERAGE(AN7,AP7) -> 1 | AT7: {=_xlfn.IFS(AG7>sheet2!$C$2,1,AG7=sheet2!$C$2,0,AG7<sheet2!$C$2,-1)} -> -1 | AU7: {=_xlfn.IFS(AH7>sheet2!$D$2,1,AH7=sheet2!$D$2,0,AH7<sheet2!$D$2,-1)} -> 1 | AV7: {=_xlfn.IFS(AI7>sheet2!$E$2,1,AI7=sheet2!$E$2,0,AI7<sheet2!$E$2,-1)} -> 0 | AW7: {=_xlfn.IFS(AJ7>sheet2!$F$2,1,AJ7=sheet2!$F$2,0,AJ7<sheet2!$F$2,-1)} -> 0 | AX7: {=_xlfn.IFS(AK7>sheet2!$G$2,1,AK7=sheet2!$G$2,0,AK7<sheet2!$G$2,-1)} -> 0 | AY7: 0.19201109 | AZ7: 0.87528552 | BA7: 0.1334268 | BB7: 0.0077853962 | BC7: 0.82334645
A8: 1 | B8: 北京 | C8: 2022 | D8: 6896.89 | E8: 7715.7245 | F8: 41610.9 | G8: =D8/F8 -> 0.1657472 | H8: =(G8-G7)/G7 -> -0.060399487 | I8: 0.49718448 | J8: =(I8-I7)/I7 -> 0.10971023 | K8: =E8/F8 -> 0.18542556 | L8: =(K8-K7)/K7 -> -0.0678151 | M8: 1 | N8: 1 | O8: 0 | P8: 1 | Q8: 0.75759066 | R8: 0.49120235 | S8: 0.1919221 | T8: 1.1 | U8: -0.03 | V8: 0.51785714 | W8: 0.24380165 | X8: 0.85714286 | Y8: 0 | Z8: 0.35300316 | AA8: 0.13763137 | AB8: 0.31428571 | AC8: -0.01744186 | AD8: 0.41857143 | AE8: 0.26063706 | AF8: 1 | AG8: 0.144 | AH8: 0.14 | AI8: 0.18 | AJ8: 0.25 | AK8: 0.65 | AL8: 0.72 | AM8: 1.037037 | AN8: 1 | AO8: 1 | AP8: 1 | AQ8: =AVERAGE(AL8,AO8) -> 0.86 | AR8: =AVERAGE(AM8) -> 1.037037 | AS8: =AVERAGE(AN8,AP8) -> 1 | AT8: {=_xlfn.IFS(AG8>sheet2!$C$2,1,AG8=sheet2!$C$2,0,AG8<sheet2!$C$2,-1)} -> -1 | AU8: {=_xlfn.IFS(AH8>sheet2!$D$2,1,AH8=sheet2!$D$2,0,AH8<sheet2!$D$2,-1)} -> 1 | AV8: {=_xlfn.IFS(AI8>sheet2!$E$2,1,AI8=sheet2!$E$2,0,AI8<sheet2!$E$2,-1)} -> 0 | AW8: {=_xlfn.IFS(AJ8>sheet2!$F$2,1,AJ8=sheet2!$F$2,0,AJ8<sheet2!$F$2,-1)} -> 0 | AX8: {=_xlfn.IFS(AK8>sheet2!$G$2,1,AK8=sheet2!$G$2,0,AK8<sheet2!$G$2,-1)} -> 0 | AY8: 0.16727348 | AZ8: 0.87591575 | BA8: 0.13312203 | BB8: 0.0083871606 | BC8: 0.76506162
A9: 1 | B9: 北京 | C9: 2023 | D9: 7571.35 | E9: 8227.266 | F9: 43760.7 | G9: =D9/F9 -> 0.17301711 | H9: =(G9-G8)/G8 -> 0.043861481 | K9: =E9/F9 -> 0.18800581 | L9: =(K9-K8)/K8 -> 0.013915294 | M9: 1 | N9: 1 | O9: 1 | P9: 1 | Q9: 0.75759066 | R9: 0.49120235 | S9: 0.1919221 | T9: 1.1 | U9: -0.03 | V9: 0.51785714 | W9: 0.24380165 | X9: 0.85714286 | Y9: 0 | Z9: 0.35300316 | AA9: 0.13763137 | AB9: 0.31428571 | AC9: -0.01744186 | AD9: 0.41857143 | AE9: 0.26063706 | AF9: 1 | AG9: 0.144 | AH9: 0.14 | AI9: 0.18 | AJ9: 0.25 | AK9: 0.65 | AL9: 0.72 | AM9: 1.037037 | AN9: 1 | AO9: 1 | AP9: 1 | AQ9: =AVERAGE(AL9,AO9) -> 0.86 | AR9: =AVERAGE(AM9) -> 1.037037 | AS9: =AVERAGE(AN9,AP9) -> 1 | AT9: {=_xlfn.IFS(AG9>sheet2!$C$2,1,AG9=sheet2!$C$2,0,AG9<sheet2!$C$2,-1)} -> -1 | AU9: {=_xlfn.IFS(AH9>sheet2!$D$2,1,AH9=sheet2!$D$2,0,AH9<sheet2!$D$2,-1)} -> 1 | AV9: {=_xlfn.IFS(AI9>sheet2!$E$2,1,AI9=sheet2!$E$2,0,AI9<sheet2!$E$2,-1)} -> 0 | AW9: {=_xlfn.IFS(AJ9>sheet2!$F$2,1,AJ9=sheet2!$F$2,0,AJ9<sheet2!$F$2,-1)} -> 0 | AX9: {=_xlfn.IFS(AK9>sheet2!$G$2,1,AK9=sheet2!$G$2,0,AK9<sheet2!$G$2,-1)} -> 0 | AY9: 0.15753404 | AZ9: 0.87831656 | BA9: 0.13324394 | BB9: 0.010077579 | BC9: 0.77542418
A10: 2 | B10: 天津 | C10: 2016 | D10: 8078 | E10: 12475.773 | F10: 17885.39 | G10: =D10/F10 -> 0.45165356 | I10: 0.31494388 | K10: =E10/F10 -> 0.69753988 | M10: 0 | N10: 0 | O10: 0 | P10: 1 | Q10: 0.83038969 | R10: 1.3914956 | S10: 1.3944648 | T10: 2.5 | U10: 1.72 | V10: 1.2372014 | W10: 0.79904306 | X10: 0.33505155 | Y10: =(Q10-MIN(Q:Q))/(MAX(Q:Q)-MIN(Q:Q)) -> 0.30031447 | Z10: {=R10/MAX(ABS(R$2:R$26))} -> 1 | AA10: {=S10/MAX(ABS(S$2:S$26))} -> 1 | AB10: {=T10/MAX(ABS(T$2:T$26))} -> 0.86206897 | AC10: {=U10/MAX(ABS(U$2:U$26))} -> 1 | AD10: {=V10/MAX(ABS(V$2:V$26))} -> 1 | AE10: {=W10/MAX(ABS(W$2:W$26))} -> 1 | AF10: {=X10/MAX(ABS(X$2:X$26))} -> 0.39089347 | AG10: 0.117 | AH10: 0.135 | AI10: 0.18 | AJ10: 0.16 | AK10: 0.65 | AL10: 0.585 | AM10: 1 | AN10: 1 | AO10: 0.64 | AP10: 1 | AQ10: =AVERAGE(AL10,AO10) -> 0.6125 | AR10: =AVERAGE(AM10) -> 1 | AS10: =AVERAGE(AN10,AP10) -> 1 | AT10: {=_xlfn.IFS(AG10>sheet2!$C$2,1,AG10=sheet2!$C$2,0,AG10<sheet2!$C$2,-1)} -> -1 | AU10: {=_xlfn.IFS(AH10>sheet2!$D$2,1,AH10=sheet2!$D$2,0,AH10<sheet2!$D$2,-1)} -> 0 | AV10: {=_xlfn.IFS(AI10>sheet2!$E$2,1,AI10=sheet2!$E$2,0,AI10<sheet2!$E$2,-1)} -> 0 | AW10: {=_xlfn.IFS(AJ10>sheet2!$F$2,1,AJ10=sheet2!$F$2,0,AJ10<sheet2!$F$2,-1)} -> -1 | AX10: {=_xlfn.IFS(AK10>sheet2!$G$2,1,AK10=sheet2!$G$2,0,AK10<sheet2!$G$2,-1)} -> 0 | AY10: 0.24422168 | AZ10: 0.83298683 | BA10: 0.12108752 | BB10: 0.019566534 | BC10: 0.73619449
A11: 2 | B11: 天津 | C11: 2017 | D11: 7832 | E11: 12589.065 | F11: 18549.19 | G11: =D11/F11 -> 0.42222868 | H11: =(G11-G10)/G10 -> -0.06514922 | I11: 0.33162627 | J11: =(I11-I10)/I10 -> 0.052969385 | K11: =E11/F11 -> 0.67868544 | L11: =(K11-K10)/K10 -> -0.027029909 | M11: 0 | N11: 0 | O11: 0 | P11: 1 | Q11: 0.83038969 | R11: 1.3914956 | S11: 1.3944648 | T11: 2.5 | U11: 1.72 | V11: 1.2372014 | W11: 0.79904306 | X11: 0.33505155 | Y11: =(Q11-MIN(Q:Q))/(MAX(Q:Q)-MIN(Q:Q)) -> 0.30031447 | Z11: {=R11/MAX(ABS(R$2:R$26))} -> 1 | AA11: {=S11/MAX(ABS(S$2:S$26))} -> 1 | AB11: {=T11/MAX(ABS(T$2:T$26))} -> 0.86206897 | AC11: {=U11/MAX(ABS(U$2:U$26))} -> 1 | AD11: {=V11/MAX(ABS(V$2:V$26))} -> 1 | AE11: {=W11/MAX(ABS(W$2:W$26))} -> 1 | AF11: {=X11/MAX(ABS(X$2:X$26))} -> 0.39089347 | AG11: 0.117 | AH11: 0.135 | AI11: 0.18 | AJ11: 0.16 | AK11: 0.65 | AL11: 0.585 | AM11: 1 | AN11: 1 | AO11: 0.64 | AP11: 1 | AQ11: =AVERAGE(AL11,AO11) -> 0.6125 | AR11: =AVERAGE(AM11) -> 1 | AS11: =AVERAGE(AN11,AP11) -> 1 | AT11: {=_xlfn.IFS(AG11>sheet2!$C$2,1,AG11=sheet2!$C$2,0,AG11<sheet2!$C$2,-1)} -> -1 | AU11: {=_xlfn.IFS(AH11>sheet2!$D$2,1,AH11=sheet2!$D$2,0,AH11<sheet2!$D$2,-1)} -> 0 | AV11: {=_xlfn.IFS(AI11>sheet2!$E$2,1,AI11=sheet2!$E$2,0,AI11<sheet2!$E$2,-1)} -> 0 | AW11: {=_xlfn.IFS(AJ11>sheet2!$F$2,1,AJ11=sheet2!$F$2,0,AJ11<sheet2!$F$2,-1)} -> -1 | AX11: {=_xlfn.IFS(AK11>sheet2!$G$2,1,AK11=sheet2!$G$2,0,AK11<sheet2!$G$2,-1)} -> 0 | AY11: 0.24605387 | AZ11: 0.83546099 | BA11: 0.11831837 | BB11: 0.013000126 | BC11: 0.70383301
A12: 2 | B12: 天津 | C12: 2018 | D12: 7973 | E12: 13632.001 | F12: 18809.64 | G12: =D12/F12 -> 0.42387839 | H12: =(G12-G11)/G11 -> 0.0039071594 | I12: 0.34692661 | J12: =(I12-I11)/I11 -> 0.046137301 | K12: =E12/F12 -> 0.7247348 | L12: =(K12-K11)/K11 -> 0.067850805 | M12: 0 | N12: 0 | O12: 0 | P12: 1 | Q12: 0.83038969 | R12: 1.3914956 | S12: 1.3944648 | T12: 2.5 | U12: 1.72 | V12: 1.2372014 | W12: 0.79904306 | X12: 0.33505155 | Y12: =(Q12-MIN(Q:Q))/(MAX(Q:Q)-MIN(Q:Q)) -> 0.30031447 | Z12: {=R12/MAX(ABS(R$2:R$26))} -> 1 | AA12: {=S12/MAX(ABS(S$2:S$26))} -> 1 | AB12: {=T12/MAX(ABS(T$2:T$26))} -> 0.86206897 | AC12: {=U12/MAX(ABS(U$2:U$26))} -> 1 | AD12: {=V12/MAX(ABS(V$2:V$26))} -> 1 | AE12: {=W12/MAX(ABS(W$2:W$26))} -> 1 | AF12: {=X12/MAX(ABS(X$2:X$26))} -> 0.39089347 | AG12: 0.117 | AH12: 0.135 | AI12: 0.18 | AJ12: 0.16 | AK12: 0.65 | AL12: 0.585 | AM12: 1 | AN12: 1 | AO12: 0.64 | AP12: 1 | AQ12: =AVERAGE(AL12,AO12) -> 0.6125 | AR12: =AVERAGE(AM12) -> 1 | AS12: =AVERAGE(AN12,AP12) -> 1 | AT12: {=_xlfn.IFS(AG12>sheet2!$C$2,1,AG12=sheet2!$C$2,0,AG12<sheet2!$C$2,-1)} -> -1 | AU12: {=_xlfn.IFS(AH12>sheet2!$D$2,1,AH12=sheet2!$D$2,0,AH12<sheet2!$D$2,-1)} -> 0 | AV12: {=_xlfn.IFS(AI12>sheet2!$E$2,1,AI12=sheet2!$E$2,0,AI12<sheet2!$E$2,-1)} -> 0 | AW12: {=_xlfn.IFS(AJ12>sheet2!$F$2,1,AJ12=sheet2!$F$2,0,AJ12<sheet2!$F$2,-1)} -> -1 | AX12: {=_xlfn.IFS(AK12>sheet2!$G$2,1,AK12=sheet2!$G$2,0,AK12<sheet2!$G$2,-1)} -> 0 | AY12: 0.25706499 | AZ12: 0.83947939 | BA12: 0.1160527 | BB12: 0.013443963 | BC12: 0.67874038
A13: 2 | B13: 天津 | C13: 2019 | D13: 8241 | E13: 14204.096 | F13: 14104.28 | G13: =D13/F13 -> 0.58429073 | H13: =(G13-G12)/G12 -> 0.37843951 | I13: 0.35395048 | J13: =(I13-I12)/I12 -> 0.020245993 | K13: =E13/F13 -> 1.007077 | L13: =(K13-K12)/K12 -> 0.38958007 | M13: 0 | N13: 0 | O13: 0 | P13: 1 | Q13: 0.83038969 | R13: 1.3914956 | S13: 1.3944648 | T13: 2.5 | U13: 1.72 | V13: 1.2372014 | W13: 0.79904306 | X13: 0.33505155 | Y13: =(Q13-MIN(Q:Q))/(MAX(Q:Q)-MIN(Q:Q)) -> 0.30031447 | Z13: {=R13/MAX(ABS(R$2:R$26))} -> 1 | AA13: {=S13/MAX(ABS(S$2:S$26))} -> 1 | AB13: {=T13/MAX(ABS(T$2:T$26))} -> 0.86206897 | AC13: {=U13/MAX(ABS(U$2:U$26))} -> 1 | AD13: {=V13/MAX(ABS(V$2:V$26))} -> 1 | AE13: {=W13/MAX(ABS(W$2:W$26))} -> 1 | AF13: {=X13/MAX(ABS(X$2:X$26))} -> 0.39089347 | AG13: 0.117 | AH13: 0.135 | AI13: 0.18 | AJ13: 0.16 | AK13: 0.65 | AL13: 0.585 | AM13: 1 | AN13: 1 | AO13: 0.64 | AP13: 1 | AQ13: =AVERAGE(AL13,AO13) -> 0.6125 | AR13: =AVERAGE(AM13) -> 1 | AS13: =AVERAGE(AN13,AP13) -> 1 | AT13: {=_xlfn.IFS(AG13>sheet2!$C$2,1,AG13=sheet2!$C$2,0,AG13<sheet2!$C$2,-1)} -> -1 | AU13: {=_xlfn.IFS(AH13>sheet2!$D$2,1,AH13=sheet2!$D$2,0,AH13<sheet2!$D$2,-1)} -> 0 | AV13: {=_xlfn.IFS(AI13>sheet2!$E$2,1,AI13=sheet2!$E$2,0,AI13<sheet2!$E$2,-1)} -> 0 | AW13: {=_xlfn.IFS(AJ13>sheet2!$F$2,1,AJ13=sheet2!$F$2,0,AJ13<sheet2!$F$2,-1)} -> -1 | AX13: {=_xlfn.IFS(AK13>sheet2!$G$2,1,AK13=sheet2!$G$2,0,AK13<sheet2!$G$2,-1)} -> 0 | AY13: 0.35570054 | AZ13: 0.8433213 | BA13: 0.11622053 | BB13: 0.015132428 | BC13: 0.67789837
A14: 2 | B14: 天津 | C14: 2020 | D14: 8104.6 | E14: 13993.579 | F14: 14083.73 | G14: =D14/F14 -> 0.57545835 | H14: =(G14-G13)/G13 -> -0.01511641 | I14: 0.36016632 | J14: =(I14-I13)/I13 -> 0.017561309 | K14: =E14/F14 -> 0.9935989 | L14: =(K14-K13)/K13 -> -0.013383414 | M14: 0 | N14: 0 | O14: 0 | P14: 1 | Q14: 0.83038969 | R14: 1.3914956 | S14: 1.3944648 | T14: 2.5 | U14: 1.72 | V14: 1.2372014 | W14: 0.79904306 | X14: 0.33505155 | Y14: =(Q14-MIN(Q:Q))/(MAX(Q:Q)-MIN(Q:Q)) -> 0.30031447 | Z14: {=R14/MAX(ABS(R$2:R$26))} -> 1 | AA14: {=S14/MAX(ABS(S$2:S$26))} -> 1 | AB14: {=T14/MAX(ABS(T$2:T$26))} -> 0.86206897 | AC14: {=U14/MAX(ABS(U$2:U$26))} -> 1 | AD14: {=V14/MAX(ABS(V$2:V$26))} -> 1 | AE14: {=W14/MAX(ABS(W$2:W$26))} -> 1 | AF14: {=X14/MAX(ABS(X$2:X$26))} -> 0.39089347 | AG14: 0.117 | AH14: 0.135 | AI14: 0.18 | AJ14: 0.16 | AK14: 0.65 | AL14: 0.585 | AM14: 1 | AN14: 1 | AO14: 0.64 | AP14: 1 | AQ14: =AVERAGE(AL14,AO14) -> 0.6125 | AR14: =AVERAGE(AM14) -> 1 | AS14: =AVERAGE(AN14,AP14) -> 1 | AT14: {=_xlfn.IFS(AG14>sheet2!$C$2,1,AG14=sheet2!$C$2,0,AG14<sheet2!$C$2,-1)} -> -1 | AU14: {=_xlfn.IFS(AH14>sheet2!$D$2,1,AH14=sheet2!$D$2,0,AH14<sheet2!$D$2,-1)} -> 0 | AV14: {=_xlfn.IFS(AI14>sheet2!$E$2,1,AI14=sheet2!$E$2,0,AI14<sheet2!$E$2,-1)} -> 0 | AW14: {=_xlfn.IFS(AJ14>sheet2!$F$2,1,AJ14=sheet2!$F$2,0,AJ14<sheet2!$F$2,-1)} -> -1 | AX14: {=_xlfn.IFS(AK14>sheet2!$G$2,1,AK14=sheet2!$G$2,0,AK14<sheet2!$G$2,-1)} -> 0 | AY14: 0.35264806 | AZ14: 0.84715213 | BA14: 0.11638835 | BB14: 0.016243687 | BC14: 0.61024958
A15: 2 | B15: 天津 | C15: 2021 | D15: 8205.69 | E15: 14483.594 | F15: 15695.046 | G15: =D15/F15 -> 0.52282039 | H15: =(G15-G14)/G14 -> -0.091471357 | I15: 0.35929797 | J15: =(I15-I14)/I14 -> -0.0024109645 | K15: =E15/F15 -> 0.92281311 | L15: =(K15-K14)/K14 -> -0.071241818 | M15: 0 | N15: 0 | O15: 0 | P15: 1 | Q15: 0.83038969 | R15: 1.3914956 | S15: 1.3944648 | T15: 2.5 | U15: 1.72 | V15: 1.2372014 | W15: 0.79904306 | X15: 0.33505155 | Y15: =(Q15-MIN(Q:Q))/(MAX(Q:Q)-MIN(Q:Q)) -> 0.30031447 | Z15: {=R15/MAX(ABS(R$2:R$26))} -> 1 | AA15: {=S15/MAX(ABS(S$2:S$26))} -> 1 | AB15: {=T15/MAX(ABS(T$2:T$26))} -> 0.86206897 | AC15: {=U15/MAX(ABS(U$2:U$26))} -> 1 | AD15: {=V15/MAX(ABS(V$2:V$26))} -> 1 | AE15: {=W15/MAX(ABS(W$2:W$26))} -> 1 | AF15: {=X15/MAX(ABS(X$2:X$26))} -> 0.39089347 | AG15: 0.117 | AH15: 0.135 | AI15: 0.18 | AJ15: 0.16 | AK15: 0.65 | AL15: 0.585 | AM15: 1 | AN15: 1 | AO15: 0.64 | AP15: 1 | AQ15: =AVERAGE(AL15,AO15) -> 0.6125 | AR15: =AVERAGE(AM15) -> 1 | AS15: =AVERAGE(AN15,AP15) -> 1 | AT15: {=_xlfn.IFS(AG15>sheet2!$C$2,1,AG15=sheet2!$C$2,0,AG15<sheet2!$C$2,-1)} -> -1 | AU15: {=_xlfn.IFS(AH15>sheet2!$D$2,1,AH15=sheet2!$D$2,0,AH15<sheet2!$D$2,-1)} -> 0 | AV15: {=_xlfn.IFS(AI15>sheet2!$E$2,1,AI15=sheet2!$E$2,0,AI15<sheet2!$E$2,-1)} -> 0 | AW15: {=_xlfn.IFS(AJ15>sheet2!$F$2,1,AJ15=sheet2!$F$2,0,AJ15<sheet2!$F$2,-1)} -> -1 | AX15: {=_xlfn.IFS(AK15>sheet2!$G$2,1,AK15=sheet2!$G$2,0,AK15<sheet2!$G$2,-1)} -> 0 | AY15: 0.36830093 | AZ15: 0.84850692 | BA15: 0.11521356 | BB15: 0.016009096 | BC15: 0.6791518
A16: 2 | B16: 天津 | C16: 2022 | D16: 8121.77 | E16: 14301.85 | F16: 16311.3 | G16: =D16/F16 -> 0.49792291 | H16: =(G16-G15)/G15 -> -0.047621478 | I16: 0.39162797 | J16: =(I16-I15)/I15 -> 0.089981019 | K16: =E16/F16 -> 0.87680625 | L16: =(K16-K15)/K15 -> -0.049855008 | M16: 1 | N16: 1 | O16: 0 | P16: 1 | Q16: 0.83038969 | R16: 1.3914956 | S16: 1.3944648 | T16: 2.5 | U16: 1.72 | V16: 1.2372014 | W16: 0.79904306 | X16: 0.33505155 | Y16: =(Q16-MIN(Q:Q))/(MAX(Q:Q)-MIN(Q:Q)) -> 0.30031447 | Z16: {=R16/MAX(ABS(R$2:R$26))} -> 1 | AA16: {=S16/MAX(ABS(S$2:S$26))} -> 1 | AB16: {=T16/MAX(ABS(T$2:T$26))} -> 0.86206897 | AC16: {=U16/MAX(ABS(U$2:U$26))} -> 1 | AD16: {=V16/MAX(ABS(V$2:V$26))} -> 1 | AE16: {=W16/MAX(ABS(W$2:W$26))} -> 1 | AF16: {=X16/MAX(ABS(X$2:X$26))} -> 0.39089347 | AG16: 0.117 | AH16: 0.135 | AI16: 0.18 | AJ16: 0.16 | AK16: 0.65 | AL16: 0.585 | AM16: 1 | AN16: 1 | AO16: 0.64 | AP16: 1 | AQ16: =AVERAGE(AL16,AO16) -> 0.6125 | AR16: =AVERAGE(AM16) -> 1 | AS16: =AVERAGE(AN16,AP16) -> 1 | AT16: {=_xlfn.IFS(AG16>sheet2!$C$2,1,AG16=sheet2!$C$2,0,AG16<sheet2!$C$2,-1)} -> -1 | AU16: {=_xlfn.IFS(AH16>sheet2!$D$2,1,AH16=sheet2!$D$2,0,AH16<sheet2!$D$2,-1)} -> 0 | AV16: {=_xlfn.IFS(AI16>sheet2!$E$2,1,AI16=sheet2!$E$2,0,AI16<sheet2!$E$2,-1)} -> 0 | AW16: {=_xlfn.IFS(AJ16>sheet2!$F$2,1,AJ16=sheet2!$F$2,0,AJ16<sheet2!$F$2,-1)} -> -1 | AX16: {=_xlfn.IFS(AK16>sheet2!$G$2,1,AK16=sheet2!$G$2,0,AK16<sheet2!$G$2,-1)} -> 0 | AY16: 0.37352633 | AZ16: 0.85106383 | BA16: 0.11437442 | BB16: 0.017446249 | BC16: 0.67648535
A17: 2 | B17: 天津 | C17: 2023 | D17: 8493.12 | E17: 15167.833 | F17: 16737.3 | G17: =D17/F17 -> 0.50743668 | H17: =(G17-G16)/G16 -> 0.019106915 | K17: =E17/F17 -> 0.90622935 | L17: =(K17-K16)/K16 -> 0.033557127 | M17: 1 | N17: 1 | O17: 1 | P17: 1 | Q17: 0.83038969 | R17: 1.3914956 | S17: 1.3944648 | T17: 2.5 | U17: 1.72 | V17: 1.2372014 | W17: 0.79904306 | X17: 0.33505155 | Y17: =(Q17-MIN(Q:Q))/(MAX(Q:Q)-MIN(Q:Q)) -> 0.30031447 | Z17: {=R17/MAX(ABS(R$2:R$26))} -> 1 | AA17: {=S17/MAX(ABS(S$2:S$26))} -> 1 | AB17: {=T17/MAX(ABS(T$2:T$26))} -> 0.86206897 | AC17: {=U17/MAX(ABS(U$2:U$26))} -> 1 | AD17: {=V17/MAX(ABS(V$2:V$26))} -> 1 | AE17: {=W17/MAX(ABS(W$2:W$26))} -> 1 | AF17: {=X17/MAX(ABS(X$2:X$26))} -> 0.39089347 | AG17: 0.117 | AH17: 0.135 | AI17: 0.18 | AJ17: 0.16 | AK17: 0.65 | AL17: 0.585 | AM17: 1 | AN17: 1 | AO17: 0.64 | AP17: 1 | AQ17: =AVERAGE(AL17,AO17) -> 0.6125 | AR17: =AVERAGE(AM17) -> 1 | AS17: =AVERAGE(AN17,AP17) -> 1 | AT17: {=_xlfn.IFS(AG17>sheet2!$C$2,1,AG17=sheet2!$C$2,0,AG17<sheet2!$C$2,-1)} -> -1 | AU17: {=_xlfn.IFS(AH17>sheet2!$D$2,1,AH17=sheet2!$D$2,0,AH17<sheet2!$D$2,-1)} -> 0 | AV17: {=_xlfn.IFS(AI17>sheet2!$E$2,1,AI17=sheet2!$E$2,0,AI17<sheet2!$E$2,-1)} -> 0 | AW17: {=_xlfn.IFS(AJ17>sheet2!$F$2,1,AJ17=sheet2!$F$2,0,AJ17<sheet2!$F$2,-1)} -> -1 | AX17: {=_xlfn.IFS(AK17>sheet2!$G$2,1,AK17=sheet2!$G$2,0,AK17<sheet2!$G$2,-1)} -> 0 | AY17: 0.36329635 | AZ17: 0.85483871 | BA17: 0.11445834 | BB17: 0.017684728 | BC17: 0.61806415
A18: 3 | B18: 河北 | C18: 2016 | D18: 31458 | E18: 74877.961 | F18: 32070.45 | G18: =D18/F18 -> 0.98090298 | I18: 0.22307135 | K18: =E18/F18 -> 2.3347961 | M18: 0 | N18: 0 | O18: 0 | P18: 1 | Q18: 0.86522324 | R18: 0.032258065 | S18: -0.22026952 | T18: 1.3 | U18: -0.16 | V18: -0.03514377 | W18: -0.052 | X18: -0.1294964 | Y18: 0.44401167 | Z18: 0.023182297 | AA18: -0.1579599 | AB18: 0.37142857 | AC18: -0.093023256 | AD18: -0.028405861 | AE18: -0.055590793 | AF18: -0.15107914 | AG18: 0.13 | AH18: 0.135 | AI18: 0.18 | AJ18: 0.19 | AK18: 0.65 | AL18: 0.65 | AM18: 1 | AN18: 1 | AO18: 0.76 | AP18: 1 | AQ18: =AVERAGE(AL18,AO18) -> 0.705 | AR18: =AVERAGE(AM18) -> 1 | AS18: =AVERAGE(AN18,AP18) -> 1 | AT18: {=_xlfn.IFS(AG18>sheet2!$C$2,1,AG18=sheet2!$C$2,0,AG18<sheet2!$C$2,-1)} -> -1 | AU18: {=_xlfn.IFS(AH18>sheet2!$D$2,1,AH18=sheet2!$D$2,0,AH18<sheet2!$D$2,-1)} -> 0 | AV18: {=_xlfn.IFS(AI18>sheet2!$E$2,1,AI18=sheet2!$E$2,0,AI18<sheet2!$E$2,-1)} -> 0 | AW18: {=_xlfn.IFS(AJ18>sheet2!$F$2,1,AJ18=sheet2!$F$2,0,AJ18<sheet2!$F$2,-1)} -> -1 | AX18: {=_xlfn.IFS(AK18>sheet2!$G$2,1,AK18=sheet2!$G$2,0,AK18<sheet2!$G$2,-1)} -> 0 | AY18: 0.38453779 | AZ18: 0.53871186 | BA18: 0.039115331 | BB18: 0.0096244611 | BC18: 0.47108949
A19: 3 | B19: 河北 | C19: 2017 | D19: 32083 | E19: 75443.372 | F19: 34016.32 | G19: =D19/F19 -> 0.94316493 | H19: =(G19-G18)/G18 -> -0.038472768 | I19: 0.24563241 | J19: =(I19-I18)/I18 -> 0.1011383 | K19: =E19/F19 -> 2.2178581 | L19: =(K19-K18)/K18 -> -0.050084873 | M19: 0 | N19: 0 | O19: 0 | P19: 1 | Q19: 0.86522324 | R19: 0.032258065 | S19: -0.22026952 | T19: 1.3 | U19: -0.16 | V19: -0.03514377 | W19: -0.052 | X19: -0.1294964 | Y19: 0.44401167 | Z19: 0.023182297 | AA19: -0.1579599 | AB19: 0.37142857 | AC19: -0.093023256 | AD19: -0.028405861 | AE19: -0.055590793 | AF19: -0.15107914 | AG19: 0.13 | AH19: 0.135 | AI19: 0.18 | AJ19: 0.19 | AK19: 0.65 | AL19: 0.65 | AM19: 1 | AN19: 1 | AO19: 0.76 | AP19: 1 | AQ19: =AVERAGE(AL19,AO19) -> 0.705 | AR19: =AVERAGE(AM19) -> 1 | AS19: =AVERAGE(AN19,AP19) -> 1 | AT19: {=_xlfn.IFS(AG19>sheet2!$C$2,1,AG19=sheet2!$C$2,0,AG19<sheet2!$C$2,-1)} -> -1 | AU19: {=_xlfn.IFS(AH19>sheet2!$D$2,1,AH19=sheet2!$D$2,0,AH19<sheet2!$D$2,-1)} -> 0 | AV19: {=_xlfn.IFS(AI19>sheet2!$E$2,1,AI19=sheet2!$E$2,0,AI19<sheet2!$E$2,-1)} -> 0 | AW19: {=_xlfn.IFS(AJ19>sheet2!$F$2,1,AJ19=sheet2!$F$2,0,AJ19<sheet2!$F$2,-1)} -> -1 | AX19: {=_xlfn.IFS(AK19>sheet2!$G$2,1,AK19=sheet2!$G$2,0,AK19<sheet2!$G$2,-1)} -> 0 | AY19: 0.37564322 | AZ19: 0.55743015 | BA19: 0.039295659 | BB19: 0.010317648 | BC19: 0.48708274
A20: 3 | B20: 河北 | C20: 2018 | D20: 32185 | E20: 79620.28 | F20: 36010.27 | G20: =D20/F20 -> 0.8937728 | H20: =(G20-G19)/G19 -> -0.052368491 | I20: 0.28301301 | J20: =(I20-I19)/I19 -> 0.15218106 | K20: =E20/F20 -> 2.2110437 | L20: =(K20-K19)/K19 -> -0.0030725317 | M20: 0 | N20: 0 | O20: 0 | P20: 1 | Q20: 0.86522324 | R20: 0.032258065 | S20: -0.22026952 | T20: 1.3 | U20: -0.16 | V20: -0.03514377 | W20: -0.052 | X20: -0.1294964 | Y20: 0.44401167 | Z20: 0.023182297 | AA20: -0.1579599 | AB20: 0.37142857 | AC20: -0.093023256 | AD20: -0.028405861 | AE20: -0.055590793 | AF20: -0.15107914 | AG20: 0.13 | AH20: 0.135 | AI20: 0.18 | AJ20: 0.19 | AK20: 0.65 | AL20: 0.65 | AM20: 1 | AN20: 1 | AO20: 0.76 | AP20: 1 | AQ20: =AVERAGE(AL20,AO20) -> 0.705 | AR20: =AVERAGE(AM20) -> 1 | AS20: =AVERAGE(AN20,AP20) -> 1 | AT20: {=_xlfn.IFS(AG20>sheet2!$C$2,1,AG20=sheet2!$C$2,0,AG20<sheet2!$C$2,-1)} -> -1 | AU20: {=_xlfn.IFS(AH20>sheet2!$D$2,1,AH20=sheet2!$D$2,0,AH20<sheet2!$D$2,-1)} -> 0 | AV20: {=_xlfn.IFS(AI20>sheet2!$E$2,1,AI20=sheet2!$E$2,0,AI20<sheet2!$E$2,-1)} -> 0 | AW20: {=_xlfn.IFS(AJ20>sheet2!$F$2,1,AJ20=sheet2!$F$2,0,AJ20<sheet2!$F$2,-1)} -> -1 | AX20: {=_xlfn.IFS(AK20>sheet2!$G$2,1,AK20=sheet2!$G$2,0,AK20<sheet2!$G$2,-1)} -> 0 | AY20: 0.35834499 | AZ20: 0.57325613 | BA20: 0.039385823 | BB20: 0.010607852 | BC20: 0.45479737
A21: 3 | B21: 河北 | C21: 2019 | D21: 32545 | E21: 82819.72 | F21: 35104.52 | G21: =D21/F21 -> 0.92708859 | H21: =(G21-G20)/G20 -> 0.037275454 | I21: 0.26492564 | J21: =(I21-I20)/I20 -> -0.063910033 | K21: =E21/F21 -> 2.3592324 | L21: =(K21-K20)/K20 -> 0.067022053 | M21: 0 | N21: 0 | O21: 0 | P21: 1 | Q21: 0.86522324 | R21: 0.032258065 | S21: -0.22026952 | T21: 1.3 | U21: -0.16 | V21: -0.03514377 | W21: -0.052 | X21: -0.1294964 | Y21: 0.44401167 | Z21: 0.023182297 | AA21: -0.1579599 | AB21: 0.37142857 | AC21: -0.093023256 | AD21: -0.028405861 | AE21: -0.055590793 | AF21: -0.15107914 | AG21: 0.13 | AH21: 0.135 | AI21: 0.18 | AJ21: 0.19 | AK21: 0.65 | AL21: 0.65 | AM21: 1 | AN21: 1 | AO21: 0.76 | AP21: 1 | AQ21: =AVERAGE(AL21,AO21) -> 0.705 | AR21: =AVERAGE(AM21) -> 1 | AS21: =AVERAGE(AN21,AP21) -> 1 | AT21: {=_xlfn.IFS(AG21>sheet2!$C$2,1,AG21=sheet2!$C$2,0,AG21<sheet2!$C$2,-1)} -> -1 | AU21: {=_xlfn.IFS(AH21>sheet2!$D$2,1,AH21=sheet2!$D$2,0,AH21<sheet2!$D$2,-1)} -> 0 | AV21: {=_xlfn.IFS(AI21>sheet2!$E$2,1,AI21=sheet2!$E$2,0,AI21<sheet2!$E$2,-1)} -> 0 | AW21: {=_xlfn.IFS(AJ21>sheet2!$F$2,1,AJ21=sheet2!$F$2,0,AJ21<sheet2!$F$2,-1)} -> -1 | AX21: {=_xlfn.IFS(AK21>sheet2!$G$2,1,AK21=sheet2!$G$2,0,AK21<sheet2!$G$2,-1)} -> 0 | AY21: 0.38744014 | AZ21: 0.58775346 | BA21: 0.039497202 | BB21: 0.012493622 | BC21: 0.44999061
A22: 3 | B22: 河北 | C22: 2020 | D22: 32782.76 | E22: 82674.329 | F22: 36206.89 | G22: =D22/F22 -> 0.90542877 | H22: =(G22-G21)/G21 -> -0.023363267 | I22: 0.27888529 | J22: =(I22-I21)/I21 -> 0.052692731 | K22: =E22/F22 -> 2.2833866 | L22: =(K22-K21)/K21 -> -0.03214848 | M22: 0 | N22: 0 | O22: 0 | P22: 1 | Q22: 0.86522324 | R22: 0.032258065 | S22: -0.22026952 | T22: 1.3 | U22: -0.16 | V22: -0.03514377 | W22: -0.052 | X22: -0.1294964 | Y22: 0.44401167 | Z22: 0.023182297 | AA22: -0.1579599 | AB22: 0.37142857 | AC22: -0.093023256 | AD22: -0.028405861 | AE22: -0.055590793 | AF22: -0.15107914 | AG22: 0.13 | AH22: 0.135 | AI22: 0.18 | AJ22: 0.19 | AK22: 0.65 | AL22: 0.65 | AM22: 1 | AN22: 1 | AO22: 0.76 | AP22: 1 | AQ22: =AVERAGE(AL22,AO22) -> 0.705 | AR22: =AVERAGE(AM22) -> 1 | AS22: =AVERAGE(AN22,AP22) -> 1 | AT22: {=_xlfn.IFS(AG22>sheet2!$C$2,1,AG22=sheet2!$C$2,0,AG22<sheet2!$C$2,-1)} -> -1 | AU22: {=_xlfn.IFS(AH22>sheet2!$D$2,1,AH22=sheet2!$D$2,0,AH22<sheet2!$D$2,-1)} -> 0 | AV22: {=_xlfn.IFS(AI22>sheet2!$E$2,1,AI22=sheet2!$E$2,0,AI22<sheet2!$E$2,-1)} -> 0 | AW22: {=_xlfn.IFS(AJ22>sheet2!$F$2,1,AJ22=sheet2!$F$2,0,AJ22<sheet2!$F$2,-1)} -> -1 | AX22: {=_xlfn.IFS(AK22>sheet2!$G$2,1,AK22=sheet2!$G$2,0,AK22<sheet2!$G$2,-1)} -> 0 | AY22: 0.38495436 | AZ22: 0.60075027 | BA22: 0.039587366 | BB22: 0.013407791 | BC22: 0.42408834
A23: 3 | B23: 河北 | C23: 2021 | D23: 33085.852 | E23: 82061.505 | F23: 40391.27 | G23: =D23/F23 -> 0.81913373 | H23: =(G23-G22)/G22 -> -0.095308486 | I23: 0.31943668 | J23: =(I23-I22)/I22 -> 0.14540525 | K23: =E23/F23 -> 2.0316644 | L23: =(K23-K22)/K22 -> -0.11024075 | M23: 0 | N23: 0 | O23: 0 | P23: 1 | Q23: 0.86522324 | R23: 0.032258065 | S23: -0.22026952 | T23: 1.3 | U23: -0.16 | V23: -0.03514377 | W23: -0.052 | X23: -0.1294964 | Y23: 0.44401167 | Z23: 0.023182297 | AA23: -0.1579599 | AB23: 0.37142857 | AC23: -0.093023256 | AD23: -0.028405861 | AE23: -0.055590793 | AF23: -0.15107914 | AG23: 0.13 | AH23: 0.135 | AI23: 0.18 | AJ23: 0.19 | AK23: 0.65 | AL23: 0.65 | AM23: 1 | AN23: 1 | AO23: 0.76 | AP23: 1 | AQ23: =AVERAGE(AL23,AO23) -> 0.705 | AR23: =AVERAGE(AM23) -> 1 | AS23: =AVERAGE(AN23,AP23) -> 1 | AT23: {=_xlfn.IFS(AG23>sheet2!$C$2,1,AG23=sheet2!$C$2,0,AG23<sheet2!$C$2,-1)} -> -1 | AU23: {=_xlfn.IFS(AH23>sheet2!$D$2,1,AH23=sheet2!$D$2,0,AH23<sheet2!$D$2,-1)} -> 0 | AV23: {=_xlfn.IFS(AI23>sheet2!$E$2,1,AI23=sheet2!$E$2,0,AI23<sheet2!$E$2,-1)} -> 0 | AW23: {=_xlfn.IFS(AJ23>sheet2!$F$2,1,AJ23=sheet2!$F$2,0,AJ23<sheet2!$F$2,-1)} -> -1 | AX23: {=_xlfn.IFS(AK23>sheet2!$G$2,1,AK23=sheet2!$G$2,0,AK23<sheet2!$G$2,-1)} -> 0 | AY23: 0.40728603 | AZ23: 0.61143931 | BA23: 0.039502506 | BB23: 0.014121675 | BC23: 0.47101278
A24: 3 | B24: 河北 | C24: 2022 | D24: 32538.48 | E24: 78668.402 | F24: 42370.4 | G24: =D24/F24 -> 0.7679531 | H24: =(G24-G23)/G23 -> -0.062481408 | I24: 0.32134809 | J24: =(I24-I23)/I23 -> 0.0059836922 | K24: =E24/F24 -> 1.856683 | L24: =(K24-K23)/K23 -> -0.086127107 | M24: 1 | N24: 1 | O24: 0 | P24: 1 | Q24: 0.86522324 | R24: 0.032258065 | S24: -0.22026952 | T24: 1.3 | U24: -0.16 | V24: -0.03514377 | W24: -0.052 | X24: -0.1294964 | Y24: 0.44401167 | Z24: 0.023182297 | AA24: -0.1579599 | AB24: 0.37142857 | AC24: -0.093023256 | AD24: -0.028405861 | AE24: -0.055590793 | AF24: -0.15107914 | AG24: 0.13 | AH24: 0.135 | AI24: 0.18 | AJ24: 0.19 | AK24: 0.65 | AL24: 0.65 | AM24: 1 | AN24: 1 | AO24: 0.76 | AP24: 1 | AQ24: =AVERAGE(AL24,AO24) -> 0.705 | AR24: =AVERAGE(AM24) -> 1 | AS24: =AVERAGE(AN24,AP24) -> 1 | AT24: {=_xlfn.IFS(AG24>sheet2!$C$2,1,AG24=sheet2!$C$2,0,AG24<sheet2!$C$2,-1)} -> -1 | AU24: {=_xlfn.IFS(AH24>sheet2!$D$2,1,AH24=sheet2!$D$2,0,AH24<sheet2!$D$2,-1)} -> 0 | AV24: {=_xlfn.IFS(AI24>sheet2!$E$2,1,AI24=sheet2!$E$2,0,AI24<sheet2!$E$2,-1)} -> 0 | AW24: {=_xlfn.IFS(AJ24>sheet2!$F$2,1,AJ24=sheet2!$F$2,0,AJ24<sheet2!$F$2,-1)} -> -1 | AX24: {=_xlfn.IFS(AK24>sheet2!$G$2,1,AK24=sheet2!$G$2,0,AK24<sheet2!$G$2,-1)} -> 0 | AY24: 0.3872208 | AZ24: 0.61657682 | BA24: 0.039354 | BB24: 0.015007352 | BC24: 0.43589694
A25: 3 | B25: 河北 | C25: 2023 | D25: 33615.32 | E25: 81030.319 | F25: 43944.1 | G25: =D25/F25 -> 0.76495639 | H25: =(G25-G24)/G24 -> -0.0039022065 | K25: =E25/F25 -> 1.8439408 | L25: =(K25-K24)/K24 -> -0.0068628902 | M25: 1 | N25: 1 | O25: 1 | P25: 1 | Q25: 0.86522324 | R25: 0.032258065 | S25: -0.22026952 | T25: 1.3 | U25: -0.16 | V25: -0.03514377 | W25: -0.052 | X25: -0.1294964 | Y25: 0.44401167 | Z25: 0.023182297 | AA25: -0.1579599 | AB25: 0.37142857 | AC25: -0.093023256 | AD25: -0.028405861 | AE25: -0.055590793 | AF25: -0.15107914 | AG25: 0.13 | AH25: 0.135 | AI25: 0.18 | AJ25: 0.19 | AK25: 0.65 | AL25: 0.65 | AM25: 1 | AN25: 1 | AO25: 0.76 | AP25: 1 | AQ25: =AVERAGE(AL25,AO25) -> 0.705 | AR25: =AVERAGE(AM25) -> 1 | AS25: =AVERAGE(AN25,AP25) -> 1 | AT25: {=_xlfn.IFS(AG25>sheet2!$C$2,1,AG25=sheet2!$C$2,0,AG25<sheet2!$C$2,-1)} -> -1 | AU25: {=_xlfn.IFS(AH25>sheet2!$D$2,1,AH25=sheet2!$D$2,0,AH25<sheet2!$D$2,-1)} -> 0 | AV25: {=_xlfn.IFS(AI25>sheet2!$E$2,1,AI25=sheet2!$E$2,0,AI25<sheet2!$E$2,-1)} -> 0 | AW25: {=_xlfn.IFS(AJ25>sheet2!$F$2,1,AJ25=sheet2!$F$2,0,AJ25<sheet2!$F$2,-1)} -> -1 | AX25: {=_xlfn.IFS(AK25>sheet2!$G$2,1,AK25=sheet2!$G$2,0,AK25<sheet2!$G$2,-1)} -> 0 | AY25: 0.38940836 | AZ25: 0.62775599 | BA25: 0.039210798 | BB25: 0.016009043 | BC25: 0.44623218
A26: 4 | B26: 山西 | C26: 2016 | D26: 18974 | E26: 50115.142 | F26: 13050.41 | G26: =D26/F26 -> 1.4539007 | I26: 0.24061153 | K26: =E26/F26 -> 3.8401201 | M26: 0 | N26: 0 | O26: 0 | P26: 1 | Q26: 0.83606886 | R26: 0.81818182 | S26: 0.63020121 | T26: 2.9 | U26: 0.82 | V26: 0.47260274 | W26: 0.39013453 | X26: 0.091743119 | Y26: 0.32374247 | Z26: 0.58798736 | AA26: 0.45193052 | AB26: 0.82857143 | AC26: 0.47674419 | AD26: 0.38199339 | AE26: 0.41707477 | AF26: 0.10703364 | AG26: 0.12 | AH26: 0.135 | AI26: 0.18 | AJ26: 0.18 | AK26: 0.65 | AL26: 0.6 | AM26: 1 | AN26: 1 | AO26: 0.72 | AP26: 1 | AQ26: =AVERAGE(AL26,AO26) -> 0.66 | AR26: =AVERAGE(AM26) -> 1 | AS26: =AVERAGE(AN26,AP26) -> 1 | AT26: {=_xlfn.IFS(AG26>sheet2!$C$2,1,AG26=sheet2!$C$2,0,AG26<sheet2!$C$2,-1)} -> -1 | AU26: {=_xlfn.IFS(AH26>sheet2!$D$2,1,AH26=sheet2!$D$2,0,AH26<sheet2!$D$2,-1)} -> 0 | AV26: {=_xlfn.IFS(AI26>sheet2!$E$2,1,AI26=sheet2!$E$2,0,AI26<sheet2!$E$2,-1)} -> 0 | AW26: {=_xlfn.IFS(AJ26>sheet2!$F$2,1,AJ26=sheet2!$F$2,0,AJ26<sheet2!$F$2,-1)} -> -1 | AX26: {=_xlfn.IFS(AK26>sheet2!$G$2,1,AK26=sheet2!$G$2,0,AK26<sheet2!$G$2,-1)} -> 0 | AY26: 0.39183443 | AZ26: 0.57256688 | BA26: 0.022425302 | BB26: 0.0074808608 | BC26: 0.45408678
A27: 4 | B27: 山西 | C27: 2017 | D27: 19581 | E27: 50653.639 | F27: 15528.42 | G27: =D27/F27 -> 1.2609783 | H27: =(G27-G26)/G26 -> -0.13269299 | I27: 0.26312939 | J27: =(I27-I26)/I26 -> 0.093585968 | K27: =E27/F27 -> 3.2619957 | L27: =(K27-K26)/K26 -> -0.15054853 | M27: 0 | N27: 0 | O27: 0 | P27: 1 | Q27: 0.83606886 | R27: 0.81818182 | S27: 0.63020121 | T27: 2.9 | U27: 0.82 | V27: 0.47260274 | W27: 0.39013453 | X27: 0.091743119 | Y27: 0.32374247 | Z27: 0.58798736 | AA27: 0.45193052 | AB27: 0.82857143 | AC27: 0.47674419 | AD27: 0.38199339 | AE27: 0.41707477 | AF27: 0.10703364 | AG27: 0.12 | AH27: 0.135 | AI27: 0.18 | AJ27: 0.18 | AK27: 0.65 | AL27: 0.6 | AM27: 1 | AN27: 1 | AO27: 0.72 | AP27: 1 | AQ27: =AVERAGE(AL27,AO27) -> 0.66 | AR27: =AVERAGE(AM27) -> 1 | AS27: =AVERAGE(AN27,AP27) -> 1 | AT27: {=_xlfn.IFS(AG27>sheet2!$C$2,1,AG27=sheet2!$C$2,0,AG27<sheet2!$C$2,-1)} -> -1 | AU27: {=_xlfn.IFS(AH27>sheet2!$D$2,1,AH27=sheet2!$D$2,0,AH27<sheet2!$D$2,-1)} -> 0 | AV27: {=_xlfn.IFS(AI27>sheet2!$E$2,1,AI27=sheet2!$E$2,0,AI27<sheet2!$E$2,-1)} -> 0 | AW27: {=_xlfn.IFS(AJ27>sheet2!$F$2,1,AJ27=sheet2!$F$2,0,AJ27<sheet2!$F$2,-1)} -> -1 | AX27: {=_xlfn.IFS(AK27>sheet2!$G$2,1,AK27=sheet2!$G$2,0,AK27<sheet2!$G$2,-1)} -> 0 | AY27: 0.4273004 | AZ27: 0.58603989 | BA27: 0.022399775 | BB27: 0.0072275415 | BC27: 0.49701578
A28: 4 | B28: 山西 | C28: 2018 | D28: 20199 | E28: 52257.304 | F28: 16818.11 | G28: =D28/F28 -> 1.2010268 | H28: =(G28-G27)/G27 -> -0.047543649 | I28: 0.29171652 | J28: =(I28-I27)/I27 -> 0.10864285 | K28: =E28/F28 -> 3.1072043 | L28: =(K28-K27)/K27 -> -0.047452958 | M28: 0 | N28: 0 | O28: 0 | P28: 1 | Q28: 0.83606886 | R28: 0.81818182 | S28: 0.63020121 | T28: 2.9 | U28: 0.82 | V28: 0.47260274 | W28: 0.39013453 | X28: 0.091743119 | Y28: 0.32374247 | Z28: 0.58798736 | AA28: 0.45193052 | AB28: 0.82857143 | AC28: 0.47674419 | AD28: 0.38199339 | AE28: 0.41707477 | AF28: 0.10703364 | AG28: 0.12 | AH28: 0.135 | AI28: 0.18 | AJ28: 0.18 | AK28: 0.65 | AL28: 0.6 | AM28: 1 | AN28: 1 | AO28: 0.72 | AP28: 1 | AQ28: =AVERAGE(AL28,AO28) -> 0.66 | AR28: =AVERAGE(AM28) -> 1 | AS28: =AVERAGE(AN28,AP28) -> 1 | AT28: {=_xlfn.IFS(AG28>sheet2!$C$2,1,AG28=sheet2!$C$2,0,AG28<sheet2!$C$2,-1)} -> -1 | AU28: {=_xlfn.IFS(AH28>sheet2!$D$2,1,AH28=sheet2!$D$2,0,AH28<sheet2!$D$2,-1)} -> 0 | AV28: {=_xlfn.IFS(AI28>sheet2!$E$2,1,AI28=sheet2!$E$2,0,AI28<sheet2!$E$2,-1)} -> 0 | AW28: {=_xlfn.IFS(AJ28>sheet2!$F$2,1,AJ28=sheet2!$F$2,0,AJ28<sheet2!$F$2,-1)} -> -1 | AX28: {=_xlfn.IFS(AK28>sheet2!$G$2,1,AK28=sheet2!$G$2,0,AK28<sheet2!$G$2,-1)} -> 0 | AY28: 0.42064774 | AZ28: 0.59851513 | BA28: 0.022348722 | BB28: 0.0078042717 | BC28: 0.53518865
A29: 4 | B29: 山西 | C29: 2019 | D29: 20859 | E29: 52940.152 | F29: 17026.68 | G29: =D29/F29 -> 1.2250773 | H29: =(G29-G28)/G28 -> 0.020025032 | I29: 0.29011884 | J29: =(I29-I28)/I28 -> -0.0054768283 | K29: =E29/F29 -> 3.1092469 | L29: =(K29-K28)/K28 -> 0.0006573652 | M29: 0 | N29: 0 | O29: 0 | P29: 1 | Q29: 0.83606886 | R29: 0.81818182 | S29: 0.63020121 | T29: 2.9 | U29: 0.82 | V29: 0.47260274 | W29: 0.39013453 | X29: 0.091743119 | Y29: 0.32374247 | Z29: 0.58798736 | AA29: 0.45193052 | AB29: 0.82857143 | AC29: 0.47674419 | AD29: 0.38199339 | AE29: 0.41707477 | AF29: 0.10703364 | AG29: 0.12 | AH29: 0.135 | AI29: 0.18 | AJ29: 0.18 | AK29: 0.65 | AL29: 0.6 | AM29: 1 | AN29: 1 | AO29: 0.72 | AP29: 1 | AQ29: =AVERAGE(AL29,AO29) -> 0.66 | AR29: =AVERAGE(AM29) -> 1 | AS29: =AVERAGE(AN29,AP29) -> 1 | AT29: {=_xlfn.IFS(AG29>sheet2!$C$2,1,AG29=sheet2!$C$2,0,AG29<sheet2!$C$2,-1)} -> -1 | AU29: {=_xlfn.IFS(AH29>sheet2!$D$2,1,AH29=sheet2!$D$2,0,AH29<sheet2!$D$2,-1)} -> 0 | AV29: {=_xlfn.IFS(AI29>sheet2!$E$2,1,AI29=sheet2!$E$2,0,AI29<sheet2!$E$2,-1)} -> 0 | AW29: {=_xlfn.IFS(AJ29>sheet2!$F$2,1,AJ29=sheet2!$F$2,0,AJ29<sheet2!$F$2,-1)} -> -1 | AX29: {=_xlfn.IFS(AK29>sheet2!$G$2,1,AK29=sheet2!$G$2,0,AK29<sheet2!$G$2,-1)} -> 0 | AY29: 0.43478235 | AZ29: 0.61281098 | BA29: 0.022316813 | BB29: 0.008109702 | BC29: 0.4983803
A30: 4 | B30: 山西 | C30: 2020 | D30: 20980.55 | E30: 53023.822 | F30: 17651.93 | G30: =D30/F30 -> 1.1885697 | H30: =(G30-G29)/G29 -> -0.029800241 | I30: 0.30115491 | J30: =(I30-I29)/I29 -> 0.038039843 | K30: =E30/F30 -> 3.0038541 | L30: =(K30-K29)/K29 -> -0.033896568 | M30: 0 | N30: 0 | O30: 0 | P30: 1 | Q30: 0.83606886 | R30: 0.81818182 | S30: 0.63020121 | T30: 2.9 | U30: 0.82 | V30: 0.47260274 | W30: 0.39013453 | X30: 0.091743119 | Y30: 0.32374247 | Z30: 0.58798736 | AA30: 0.45193052 | AB30: 0.82857143 | AC30: 0.47674419 | AD30: 0.38199339 | AE30: 0.41707477 | AF30: 0.10703364 | AG30: 0.12 | AH30: 0.135 | AI30: 0.18 | AJ30: 0.18 | AK30: 0.65 | AL30: 0.6 | AM30: 1 | AN30: 1 | AO30: 0.72 | AP30: 1 | AQ30: =AVERAGE(AL30,AO30) -> 0.66 | AR30: =AVERAGE(AM30) -> 1 | AS30: =AVERAGE(AN30,AP30) -> 1 | AT30: {=_xlfn.IFS(AG30>sheet2!$C$2,1,AG30=sheet2!$C$2,0,AG30<sheet2!$C$2,-1)} -> -1 | AU30: {=_xlfn.IFS(AH30>sheet2!$D$2,1,AH30=sheet2!$D$2,0,AH30<sheet2!$D$2,-1)} -> 0 | AV30: {=_xlfn.IFS(AI30>sheet2!$E$2,1,AI30=sheet2!$E$2,0,AI30<sheet2!$E$2,-1)} -> 0 | AW30: {=_xlfn.IFS(AJ30>sheet2!$F$2,1,AJ30=sheet2!$F$2,0,AJ30<sheet2!$F$2,-1)} -> -1 | AX30: {=_xlfn.IFS(AK30>sheet2!$G$2,1,AK30=sheet2!$G$2,0,AK30<sheet2!$G$2,-1)} -> 0 | AY30: 0.42149499 | AZ30: 0.6252149 | BA30: 0.022272141 | BB30: 0.0088477011 | BC30: 0.44935011
A31: 4 | B31: 山西 | C31: 2021 | D31: 21643.94 | E31: 57900.73 | F31: 22590.161 | G31: =D31/F31 -> 0.95811359 | H31: =(G31-G30)/G30 -> -0.19389368 | I31: 0.30944368 | J31: =(I31-I30)/I30 -> 0.027523269 | K31: =E31/F31 -> 2.5630951 | L31: =(K31-K30)/K30 -> -0.14673117 | M31: 0 | N31: 0 | O31: 0 | P31: 1 | Q31: 0.83606886 | R31: 0.81818182 | S31: 0.63020121 | T31: 2.9 | U31: 0.82 | V31: 0.47260274 | W31: 0.39013453 | X31: 0.091743119 | Y31: 0.32374247 | Z31: 0.58798736 | AA31: 0.45193052 | AB31: 0.82857143 | AC31: 0.47674419 | AD31: 0.38199339 | AE31: 0.41707477 | AF31: 0.10703364 | AG31: 0.12 | AH31: 0.135 | AI31: 0.18 | AJ31: 0.18 | AK31: 0.65 | AL31: 0.6 | AM31: 1 | AN31: 1 | AO31: 0.72 | AP31: 1 | AQ31: =AVERAGE(AL31,AO31) -> 0.66 | AR31: =AVERAGE(AM31) -> 1 | AS31: =AVERAGE(AN31,AP31) -> 1 | AT31: {=_xlfn.IFS(AG31>sheet2!$C$2,1,AG31=sheet2!$C$2,0,AG31<sheet2!$C$2,-1)} -> -1 | AU31: {=_xlfn.IFS(AH31>sheet2!$D$2,1,AH31=sheet2!$D$2,0,AH31<sheet2!$D$2,-1)} -> 0 | AV31: {=_xlfn.IFS(AI31>sheet2!$E$2,1,AI31=sheet2!$E$2,0,AI31<sheet2!$E$2,-1)} -> 0 | AW31: {=_xlfn.IFS(AJ31>sheet2!$F$2,1,AJ31=sheet2!$F$2,0,AJ31<sheet2!$F$2,-1)} -> -1 | AX31: {=_xlfn.IFS(AK31>sheet2!$G$2,1,AK31=sheet2!$G$2,0,AK31<sheet2!$G$2,-1)} -> 0 | AY31: 0.48217895 | AZ31: 0.6341954 | BA31: 0.022208324 | BB31: 0.0082445097 | BC31: 0.56165711
A32: 4 | B32: 山西 | C32: 2022 | D32: 21918.5 | E32: 58957.834 | F32: 25642.6 | G32: =D32/F32 -> 0.85476902 | H32: =(G32-G31)/G31 -> -0.10786255 | I32: 0.376648 | J32: =(I32-I31)/I31 -> 0.21717787 | K32: =E32/F32 -> 2.2992143 | L32: =(K32-K31)/K31 -> -0.10295393 | M32: 1 | N32: 1 | O32: 0 | P32: 1 | Q32: 0.83606886 | R32: 0.81818182 | S32: 0.63020121 | T32: 2.9 | U32: 0.82 | V32: 0.47260274 | W32: 0.39013453 | X32: 0.091743119 | Y32: 0.32374247 | Z32: 0.58798736 | AA32: 0.45193052 | AB32: 0.82857143 | AC32: 0.47674419 | AD32: 0.38199339 | AE32: 0.41707477 | AF32: 0.10703364 | AG32: 0.12 | AH32: 0.135 | AI32: 0.18 | AJ32: 0.18 | AK32: 0.65 | AL32: 0.6 | AM32: 1 | AN32: 1 | AO32: 0.72 | AP32: 1 | AQ32: =AVERAGE(AL32,AO32) -> 0.66 | AR32: =AVERAGE(AM32) -> 1 | AS32: =AVERAGE(AN32,AP32) -> 1 | AT32: {=_xlfn.IFS(AG32>sheet2!$C$2,1,AG32=sheet2!$C$2,0,AG32<sheet2!$C$2,-1)} -> -1 | AU32: {=_xlfn.IFS(AH32>sheet2!$D$2,1,AH32=sheet2!$D$2,0,AH32<sheet2!$D$2,-1)} -> 0 | AV32: {=_xlfn.IFS(AI32>sheet2!$E$2,1,AI32=sheet2!$E$2,0,AI32<sheet2!$E$2,-1)} -> 0 | AW32: {=_xlfn.IFS(AJ32>sheet2!$F$2,1,AJ32=sheet2!$F$2,0,AJ32<sheet2!$F$2,-1)} -> -1 | AX32: {=_xlfn.IFS(AK32>sheet2!$G$2,1,AK32=sheet2!$G$2,0,AK32<sheet2!$G$2,-1)} -> 0 | AY32: 0.49398657 | AZ32: 0.63947142 | BA32: 0.022214706 | BB32: 0.0078895393 | BC32: 0.58776312
A33: 4 | B33: 山西 | C33: 2023 | D33: 8426.28 | E33: 62909.476 | F33: 25698.184 | G33: =D33/F33 -> 0.32789398 | H33: =(G33-G32)/G32 -> -0.61639464 | K33: =E33/F33 -> 2.4480125 | L33: =(K33-K32)/K32 -> 0.064716948 | M33: 1 | N33: 1 | O33: 1 | P33: 1 | Q33: 0.83606886 | R33: 0.81818182 | S33: 0.63020121 | T33: 2.9 | U33: 0.82 | V33: 0.47260274 | W33: 0.39013453 | X33: 0.091743119 | Y33: 0.32374247 | Z33: 0.58798736 | AA33: 0.45193052 | AB33: 0.82857143 | AC33: 0.47674419 | AD33: 0.38199339 | AE33: 0.41707477 | AF33: 0.10703364 | AG33: 0.12 | AH33: 0.135 | AI33: 0.18 | AJ33: 0.18 | AK33: 0.65 | AL33: 0.6 | AM33: 1 | AN33: 1 | AO33: 0.72 | AP33: 1 | AQ33: =AVERAGE(AL33,AO33) -> 0.66 | AR33: =AVERAGE(AM33) -> 1 | AS33: =AVERAGE(AN33,AP33) -> 1 | AT33: {=_xlfn.IFS(AG33>sheet2!$C$2,1,AG33=sheet2!$C$2,0,AG33<sheet2!$C$2,-1)} -> -1 | AU33: {=_xlfn.IFS(AH33>sheet2!$D$2,1,AH33=sheet2!$D$2,0,AH33<sheet2!$D$2,-1)} -> 0 | AV33: {=_xlfn.IFS(AI33>sheet2!$E$2,1,AI33=sheet2!$E$2,0,AI33<sheet2!$E$2,-1)} -> 0 | AW33: {=_xlfn.IFS(AJ33>sheet2!$F$2,1,AJ33=sheet2!$F$2,0,AJ33<sheet2!$F$2,-1)} -> -1 | AX33: {=_xlfn.IFS(AK33>sheet2!$G$2,1,AK33=sheet2!$G$2,0,AK33<sheet2!$G$2,-1)} -> 0 | AY33: 0.46462815 | AZ33: 0.64974033 | BA33: 0.02211898 | BB33: 0.0084670767 | BC33: 0.54831135
A34: 5 | B34: 内蒙古 | C34: 2016 | D34: 19310 | E34: 54592.2 | F34: 18128.1 | G34: =D34/F34 -> 1.0651971 | I34: 0.32668048 | K34: =E34/F34 -> 3.0114684 | M34: 0 | N34: 0 | O34: 0 | P34: 1 | Q34: 0.82466688 | R34: -0.76539589 | S34: -0.99324524 | T34: 1.9 | U34: -0.6 | V34: -0.87123746 | W34: -0.9354067 | X34: -0.56914894 | Y34: 0.27670642 | Z34: -0.55005269 | AA34: -0.71227702 | AB34: 0.54285714 | AC34: -0.34883721 | AD34: -0.70420021 | AE34: -1 | AF34: -0.66400709 | AG34: 0.18 | AH34: 0.135 | AI34: 0.18 | AJ34: 0.25 | AK34: 0.65 | AL34: 0.9 | AM34: 1 | AN34: 1 | AO34: 1 | AP34: 1 | AQ34: =AVERAGE(AL34,AO34) -> 0.95 | AR34: =AVERAGE(AM34) -> 1 | AS34: =AVERAGE(AN34,AP34) -> 1 | AT34: {=_xlfn.IFS(AG34>sheet2!$C$2,1,AG34=sheet2!$C$2,0,AG34<sheet2!$C$2,-1)} -> -1 | AU34: {=_xlfn.IFS(AH34>sheet2!$D$2,1,AH34=sheet2!$D$2,0,AH34<sheet2!$D$2,-1)} -> 0 | AV34: {=_xlfn.IFS(AI34>sheet2!$E$2,1,AI34=sheet2!$E$2,0,AI34<sheet2!$E$2,-1)} -> 0 | AW34: {=_xlfn.IFS(AJ34>sheet2!$F$2,1,AJ34=sheet2!$F$2,0,AJ34<sheet2!$F$2,-1)} -> 0 | AX34: {=_xlfn.IFS(AK34>sheet2!$G$2,1,AK34=sheet2!$G$2,0,AK34<sheet2!$G$2,-1)} -> 0 | AY34: 0.30779839 | AZ34: 0.63382594 | BA34: 0.0021265841 | BB34: 0.0070600504 | BC34: 0.4468335
A35: 5 | B35: 内蒙古 | C35: 2017 | D35: 19763 | E35: 57761.393 | F35: 16096.21 | G35: =D35/F35 -> 1.2278046 | H35: =(G35-G34)/G34 -> 0.15265478 | I35: 0.35588349 | J35: =(I35-I34)/I34 -> 0.089393178 | K35: =E35/F35 -> 3.5885089 | L35: =(K35-K34)/K34 -> 0.19161433 | M35: 0 | N35: 0 | O35: 0 | P35: 1 | Q35: 0.82466688 | R35: -0.76539589 | S35: -0.99324524 | T35: 1.9 | U35: -0.6 | V35: -0.87123746 | W35: -0.9354067 | X35: -0.56914894 | Y35: 0.27670642 | Z35: -0.55005269 | AA35: -0.71227702 | AB35: 0.54285714 | AC35: -0.34883721 | AD35: -0.70420021 | AE35: -1 | AF35: -0.66400709 | AG35: 0.18 | AH35: 0.135 | AI35: 0.18 | AJ35: 0.25 | AK35: 0.65 | AL35: 0.9 | AM35: 1 | AN35: 1 | AO35: 1 | AP35: 1 | AQ35: =AVERAGE(AL35,AO35) -> 0.95 | AR35: =AVERAGE(AM35) -> 1 | AS35: =AVERAGE(AN35,AP35) -> 1 | AT35: {=_xlfn.IFS(AG35>sheet2!$C$2,1,AG35=sheet2!$C$2,0,AG35<sheet2!$C$2,-1)} -> -1 | AU35: {=_xlfn.IFS(AH35>sheet2!$D$2,1,AH35=sheet2!$D$2,0,AH35<sheet2!$D$2,-1)} -> 0 | AV35: {=_xlfn.IFS(AI35>sheet2!$E$2,1,AI35=sheet2!$E$2,0,AI35<sheet2!$E$2,-1)} -> 0 | AW35: {=_xlfn.IFS(AJ35>sheet2!$F$2,1,AJ35=sheet2!$F$2,0,AJ35<sheet2!$F$2,-1)} -> 0 | AX35: {=_xlfn.IFS(AK35>sheet2!$G$2,1,AK35=sheet2!$G$2,0,AK35<sheet2!$G$2,-1)} -> 0 | AY35: 0.36494305 | AZ35: 0.64611591 | BA35: 0.0021239652 | BB35: 0.0067260554 | BC35: 0.37599036
A36: 5 | B36: 内蒙古 | C36: 2018 | D36: 23068 | E36: 60493.935 | F36: 17289.22 | G36: =D36/F36 -> 1.3342418 | H36: =(G36-G35)/G35 -> 0.086689075 | I36: 0.35655925 | J36: =(I36-I35)/I35 -> 0.001898827 | K36: =E36/F36 -> 3.4989395 | L36: =(K36-K35)/K35 -> -0.024960061 | M36: 0 | N36: 0 | O36: 0 | P36: 1 | Q36: 0.82466688 | R36: -0.76539589 | S36: -0.99324524 | T36: 1.9 | U36: -0.6 | V36: -0.87123746 | W36: -0.9354067 | X36: -0.56914894 | Y36: 0.27670642 | Z36: -0.55005269 | AA36: -0.71227702 | AB36: 0.54285714 | AC36: -0.34883721 | AD36: -0.70420021 | AE36: -1 | AF36: -0.66400709 | AG36: 0.18 | AH36: 0.135 | AI36: 0.18 | AJ36: 0.25 | AK36: 0.65 | AL36: 0.9 | AM36: 1 | AN36: 1 | AO36: 1 | AP36: 1 | AQ36: =AVERAGE(AL36,AO36) -> 0.95 | AR36: =AVERAGE(AM36) -> 1 | AS36: =AVERAGE(AN36,AP36) -> 1 | AT36: {=_xlfn.IFS(AG36>sheet2!$C$2,1,AG36=sheet2!$C$2,0,AG36<sheet2!$C$2,-1)} -> -1 | AU36: {=_xlfn.IFS(AH36>sheet2!$D$2,1,AH36=sheet2!$D$2,0,AH36<sheet2!$D$2,-1)} -> 0 | AV36: {=_xlfn.IFS(AI36>sheet2!$E$2,1,AI36=sheet2!$E$2,0,AI36<sheet2!$E$2,-1)} -> 0 | AW36: {=_xlfn.IFS(AJ36>sheet2!$F$2,1,AJ36=sheet2!$F$2,0,AJ36<sheet2!$F$2,-1)} -> 0 | AX36: {=_xlfn.IFS(AK36>sheet2!$G$2,1,AK36=sheet2!$G$2,0,AK36<sheet2!$G$2,-1)} -> 0 | AY36: 0.36643643 | AZ36: 0.6552436 | BA36: 0.0021143624 | BB36: 0.005978257 | BC36: 0.3844904
A37: 5 | B37: 内蒙古 | C37: 2019 | D37: 25346 | E37: 63563.319 | F37: 17212.53 | G37: =D37/F37 -> 1.4725319 | H37: =(G37-G36)/G36 -> 0.10364698 | I37: 0.3589921 | J37: =(I37-I36)/I36 -> 0.0068231288 | K37: =E37/F37 -> 3.6928516 | L37: =(K37-K36)/K36 -> 0.055420261 | M37: 0 | N37: 0 | O37: 0 | P37: 1 | Q37: 0.82466688 | R37: -0.76539589 | S37: -0.99324524 | T37: 1.9 | U37: -0.6 | V37: -0.87123746 | W37: -0.9354067 | X37: -0.56914894 | Y37: 0.27670642 | Z37: -0.55005269 | AA37: -0.71227702 | AB37: 0.54285714 | AC37: -0.34883721 | AD37: -0.70420021 | AE37: -1 | AF37: -0.66400709 | AG37: 0.18 | AH37: 0.135 | AI37: 0.18 | AJ37: 0.25 | AK37: 0.65 | AL37: 0.9 | AM37: 1 | AN37: 1 | AO37: 1 | AP37: 1 | AQ37: =AVERAGE(AL37,AO37) -> 0.95 | AR37: =AVERAGE(AM37) -> 1 | AS37: =AVERAGE(AN37,AP37) -> 1 | AT37: {=_xlfn.IFS(AG37>sheet2!$C$2,1,AG37=sheet2!$C$2,0,AG37<sheet2!$C$2,-1)} -> -1 | AU37: {=_xlfn.IFS(AH37>sheet2!$D$2,1,AH37=sheet2!$D$2,0,AH37<sheet2!$D$2,-1)} -> 0 | AV37: {=_xlfn.IFS(AI37>sheet2!$E$2,1,AI37=sheet2!$E$2,0,AI37<sheet2!$E$2,-1)} -> 0 | AW37: {=_xlfn.IFS(AJ37>sheet2!$F$2,1,AJ37=sheet2!$F$2,0,AJ37<sheet2!$F$2,-1)} -> 0 | AX37: {=_xlfn.IFS(AK37>sheet2!$G$2,1,AK37=sheet2!$G$2,0,AK37<sheet2!$G$2,-1)} -> 0 | AY37: 0.39355051 | AZ37: 0.66459627 | BA37: 0.0021082515 | BB37: 0.0068765312 | BC37: 0.40378874
A38: 5 | B38: 内蒙古 | C38: 2020 | D38: 27133.65 | E38: 65228.307 | F38: 17359.82 | G38: =D38/F38 -> 1.5630145 | H38: =(G38-G37)/G37 -> 0.061446919 | I38: 0.3705434 | J38: =(I38-I37)/I37 -> 0.032177052 | K38: =E38/F38 -> 3.7574299 | L38: =(K38-K37)/K37 -> 0.017487369 | M38: 0 | N38: 0 | O38: 0 | P38: 1 | Q38: 0.82466688 | R38: -0.76539589 | S38: -0.99324524 | T38: 1.9 | U38: -0.6 | V38: -0.87123746 | W38: -0.9354067 | X38: -0.56914894 | Y38: 0.27670642 | Z38: -0.55005269 | AA38: -0.71227702 | AB38: 0.54285714 | AC38: -0.34883721 | AD38: -0.70420021 | AE38: -1 | AF38: -0.66400709 | AG38: 0.18 | AH38: 0.135 | AI38: 0.18 | AJ38: 0.25 | AK38: 0.65 | AL38: 0.9 | AM38: 1 | AN38: 1 | AO38: 1 | AP38: 1 | AQ38: =AVERAGE(AL38,AO38) -> 0.95 | AR38: =AVERAGE(AM38) -> 1 | AS38: =AVERAGE(AN38,AP38) -> 1 | AT38: {=_xlfn.IFS(AG38>sheet2!$C$2,1,AG38=sheet2!$C$2,0,AG38<sheet2!$C$2,-1)} -> -1 | AU38: {=_xlfn.IFS(AH38>sheet2!$D$2,1,AH38=sheet2!$D$2,0,AH38<sheet2!$D$2,-1)} -> 0 | AV38: {=_xlfn.IFS(AI38>sheet2!$E$2,1,AI38=sheet2!$E$2,0,AI38<sheet2!$E$2,-1)} -> 0 | AW38: {=_xlfn.IFS(AJ38>sheet2!$F$2,1,AJ38=sheet2!$F$2,0,AJ38<sheet2!$F$2,-1)} -> 0 | AX38: {=_xlfn.IFS(AK38>sheet2!$G$2,1,AK38=sheet2!$G$2,0,AK38<sheet2!$G$2,-1)} -> 0 | AY38: 0.39111581 | AZ38: 0.6749896 | BA38: 0.0020977757 | BB38: 0.0074523469 | BC38: 0.38921019
A39: 5 | B39: 内蒙古 | C39: 2021 | D39: 26900.46 | E39: 72847.094 | F39: 20514.195 | G39: =D39/F39 -> 1.3113096 | H39: =(G39-G38)/G38 -> -0.16103811 | I39: 0.40318423 | J39: =(I39-I38)/I38 -> 0.088089082 | K39: =E39/F39 -> 3.5510579 | L39: =(K39-K38)/K38 -> -0.0549237 | M39: 0 | N39: 0 | O39: 0 | P39: 1 | Q39: 0.82466688 | R39: -0.76539589 | S39: -0.99324524 | T39: 1.9 | U39: -0.6 | V39: -0.87123746 | W39: -0.9354067 | X39: -0.56914894 | Y39: 0.27670642 | Z39: -0.55005269 | AA39: -0.71227702 | AB39: 0.54285714 | AC39: -0.34883721 | AD39: -0.70420021 | AE39: -1 | AF39: -0.66400709 | AG39: 0.18 | AH39: 0.135 | AI39: 0.18 | AJ39: 0.25 | AK39: 0.65 | AL39: 0.9 | AM39: 1 | AN39: 1 | AO39: 1 | AP39: 1 | AQ39: =AVERAGE(AL39,AO39) -> 0.95 | AR39: =AVERAGE(AM39) -> 1 | AS39: =AVERAGE(AN39,AP39) -> 1 | AT39: {=_xlfn.IFS(AG39>sheet2!$C$2,1,AG39=sheet2!$C$2,0,AG39<sheet2!$C$2,-1)} -> -1 | AU39: {=_xlfn.IFS(AH39>sheet2!$D$2,1,AH39=sheet2!$D$2,0,AH39<sheet2!$D$2,-1)} -> 0 | AV39: {=_xlfn.IFS(AI39>sheet2!$E$2,1,AI39=sheet2!$E$2,0,AI39<sheet2!$E$2,-1)} -> 0 | AW39: {=_xlfn.IFS(AJ39>sheet2!$F$2,1,AJ39=sheet2!$F$2,0,AJ39<sheet2!$F$2,-1)} -> 0 | AX39: {=_xlfn.IFS(AK39>sheet2!$G$2,1,AK39=sheet2!$G$2,0,AK39<sheet2!$G$2,-1)} -> 0 | AY39: 0.47023537 | AZ39: 0.68208333 | BA39: 0.0020951568 | BB39: 0.0075447466 | BC39: 0.44850054
A40: 5 | B40: 内蒙古 | C40: 2022 | D40: 27980.98 | E40: 75702.872 | F40: 23158.6 | G40: =D40/F40 -> 1.2082328 | H40: =(G40-G39)/G39 -> -0.078605987 | I40: 0.41102771 | J40: =(I40-I39)/I39 -> 0.01945382 | K40: =E40/F40 -> 3.2688881 | L40: =(K40-K39)/K39 -> -0.079460777 | M40: 1 | N40: 1 | O40: 0 | P40: 1 | Q40: 0.82466688 | R40: -0.76539589 | S40: -0.99324524 | T40: 1.9 | U40: -0.6 | V40: -0.87123746 | W40: -0.9354067 | X40: -0.56914894 | Y40: 0.27670642 | Z40: -0.55005269 | AA40: -0.71227702 | AB40: 0.54285714 | AC40: -0.34883721 | AD40: -0.70420021 | AE40: -1 | AF40: -0.66400709 | AG40: 0.18 | AH40: 0.135 | AI40: 0.18 | AJ40: 0.25 | AK40: 0.65 | AL40: 0.9 | AM40: 1 | AN40: 1 | AO40: 1 | AP40: 1 | AQ40: =AVERAGE(AL40,AO40) -> 0.95 | AR40: =AVERAGE(AM40) -> 1 | AS40: =AVERAGE(AN40,AP40) -> 1 | AT40: {=_xlfn.IFS(AG40>sheet2!$C$2,1,AG40=sheet2!$C$2,0,AG40<sheet2!$C$2,-1)} -> -1 | AU40: {=_xlfn.IFS(AH40>sheet2!$D$2,1,AH40=sheet2!$D$2,0,AH40<sheet2!$D$2,-1)} -> 0 | AV40: {=_xlfn.IFS(AI40>sheet2!$E$2,1,AI40=sheet2!$E$2,0,AI40<sheet2!$E$2,-1)} -> 0 | AW40: {=_xlfn.IFS(AJ40>sheet2!$F$2,1,AJ40=sheet2!$F$2,0,AJ40<sheet2!$F$2,-1)} -> 0 | AX40: {=_xlfn.IFS(AK40>sheet2!$G$2,1,AK40=sheet2!$G$2,0,AK40<sheet2!$G$2,-1)} -> 0 | AY40: 0.47139292 | AZ40: 0.68596418 | BA40: 0.0020960298 | BB40: 0.007377566 | BC40: 0.47971024
A41: 5 | B41: 内蒙古 | C41: 2023 | D41: 28377.943 | E41: 83796.669 | F41: 24626.96 | G41: =D41/F41 -> 1.1523121 | H41: =(G41-G40)/G40 -> -0.046283081 | K41: =E41/F41 -> 3.4026396 | L41: =(K41-K40)/K40 -> 0.040916501 | M41: 1 | N41: 1 | O41: 1 | P41: 1 | Q41: 0.82466688 | R41: -0.76539589 | S41: -0.99324524 | T41: 1.9 | U41: -0.6 | V41: -0.87123746 | W41: -0.9354067 | X41: -0.56914894 | Y41: 0.27670642 | Z41: -0.55005269 | AA41: -0.71227702 | AB41: 0.54285714 | AC41: -0.34883721 | AD41: -0.70420021 | AE41: -1 | AF41: -0.66400709 | AG41: 0.18 | AH41: 0.135 | AI41: 0.18 | AJ41: 0.25 | AK41: 0.65 | AL41: 0.9 | AM41: 1 | AN41: 1 | AO41: 1 | AP41: 1 | AQ41: =AVERAGE(AL41,AO41) -> 0.95 | AR41: =AVERAGE(AM41) -> 1 | AS41: =AVERAGE(AN41,AP41) -> 1 | AT41: {=_xlfn.IFS(AG41>sheet2!$C$2,1,AG41=sheet2!$C$2,0,AG41<sheet2!$C$2,-1)} -> -1 | AU41: {=_xlfn.IFS(AH41>sheet2!$D$2,1,AH41=sheet2!$D$2,0,AH41<sheet2!$D$2,-1)} -> 0 | AV41: {=_xlfn.IFS(AI41>sheet2!$E$2,1,AI41=sheet2!$E$2,0,AI41<sheet2!$E$2,-1)} -> 0 | AW41: {=_xlfn.IFS(AJ41>sheet2!$F$2,1,AJ41=sheet2!$F$2,0,AJ41<sheet2!$F$2,-1)} -> 0 | AX41: {=_xlfn.IFS(AK41>sheet2!$G$2,1,AK41=sheet2!$G$2,0,AK41<sheet2!$G$2,-1)} -> 0 | AY41: 0.45195997 | AZ41: 0.6957429 | BA41: 0.0020916649 | BB41: 0.0077952943 | BC41: 0.45107252
A42: 6 | B42: 辽宁 | C42: 2016 | D42: 20847 | E42: 39857.295 | F42: 22246.9 | G42: =D42/F42 -> 0.93707438 | I42: 0.28841748 | K42: =E42/F42 -> 1.7915887 | M42: 0 | N42: 0 | O42: 0 | P42: 1 | Q42: 0.8307605 | R42: 0.85190616 | S42: 0.85626891 | T42: 3.5 | U42: 1.5 | V42: 0.65066225 | W42: 0.41855204 | X42: 0.1741573 | Y42: 0.30184413 | Z42: 0.61222339 | AA42: 0.61404842 | AB42: 1 | AC42: 0.87209302 | AD42: 0.52591459 | AE42: 0.44745461 | AF42: 0.20318352 | AG42: 0.137 | AH42: 0.145 | AI42: 0.18 | AJ42: 0.2 | AK42: 0.65 | AL42: 0.685 | AM42: 1.0740741 | AN42: 1 | AO42: 0.8 | AP42: 1 | AQ42: =AVERAGE(AL42,AO42) -> 0.7425 | AR42: =AVERAGE(AM42) -> 1.0740741 | AS42: =AVERAGE(AN42,AP42) -> 1 | AT42: {=_xlfn.IFS(AG42>sheet2!$C$2,1,AG42=sheet2!$C$2,0,AG42<sheet2!$C$2,-1)} -> -1 | AU42: {=_xlfn.IFS(AH42>sheet2!$D$2,1,AH42=sheet2!$D$2,0,AH42<sheet2!$D$2,-1)} -> 1 | AV42: {=_xlfn.IFS(AI42>sheet2!$E$2,1,AI42=sheet2!$E$2,0,AI42<sheet2!$E$2,-1)} -> 0 | AW42: {=_xlfn.IFS(AJ42>sheet2!$F$2,1,AJ42=sheet2!$F$2,0,AJ42<sheet2!$F$2,-1)} -> -1 | AX42: {=_xlfn.IFS(AK42>sheet2!$G$2,1,AK42=sheet2!$G$2,0,AK42<sheet2!$G$2,-1)} -> 0 | AY42: 0.35356387 | AZ42: 0.68869887 | BA42: 0.029161809 | BB42: 0.010880783 | BC42: 0.48072188
A43: 6 | B43: 辽宁 | C43: 2017 | D43: 21365 | E43: 41085.319 | F43: 23409.24 | G43: =D43/F43 -> 0.9126738 | H43: =(G43-G42)/G42 -> -0.026039107 | I43: 0.29456883 | J43: =(I43-I42)/I42 -> 0.021327934 | K43: =E43/F43 -> 1.7550898 | L43: =(K43-K42)/K42 -> -0.020372363 | M43: 0 | N43: 0 | O43: 0 | P43: 1 | Q43: 0.8307605 | R43: 0.85190616 | S43: 0.85626891 | T43: 3.5 | U43: 1.5 | V43: 0.65066225 | W43: 0.41855204 | X43: 0.1741573 | Y43: 0.30184413 | Z43: 0.61222339 | AA43: 0.61404842 | AB43: 1 | AC43: 0.87209302 | AD43: 0.52591459 | AE43: 0.44745461 | AF43: 0.20318352 | AG43: 0.137 | AH43: 0.145 | AI43: 0.18 | AJ43: 0.2 | AK43: 0.65 | AL43: 0.685 | AM43: 1.0740741 | AN43: 1 | AO43: 0.8 | AP43: 1 | AQ43: =AVERAGE(AL43,AO43) -> 0.7425 | AR43: =AVERAGE(AM43) -> 1.0740741 | AS43: =AVERAGE(AN43,AP43) -> 1 | AT43: {=_xlfn.IFS(AG43>sheet2!$C$2,1,AG43=sheet2!$C$2,0,AG43<sheet2!$C$2,-1)} -> -1 | AU43: {=_xlfn.IFS(AH43>sheet2!$D$2,1,AH43=sheet2!$D$2,0,AH43<sheet2!$D$2,-1)} -> 1 | AV43: {=_xlfn.IFS(AI43>sheet2!$E$2,1,AI43=sheet2!$E$2,0,AI43<sheet2!$E$2,-1)} -> 0 | AW43: {=_xlfn.IFS(AJ43>sheet2!$F$2,1,AJ43=sheet2!$F$2,0,AJ43<sheet2!$F$2,-1)} -> -1 | AX43: {=_xlfn.IFS(AK43>sheet2!$G$2,1,AK43=sheet2!$G$2,0,AK43<sheet2!$G$2,-1)} -> 0 | AY43: 0.3557954 | AZ43: 0.69480519 | BA43: 0.029060716 | BB43: 0.011745264 | BC43: 0.49038
A44: 6 | B44: 辽宁 | C44: 2018 | D44: 22321 | E44: 43458.295 | F44: 25315.35 | G44: =D44/F44 -> 0.88171801 | H44: =(G44-G43)/G43 -> -0.033917693 | I44: 0.31191126 | J44: =(I44-I43)/I43 -> 0.058873939 | K44: =E44/F44 -> 1.7166776 | L44: =(K44-K43)/K43 -> -0.021886167 | M44: 0 | N44: 0 | O44: 0 | P44: 1 | Q44: 0.8307605 | R44: 0.85190616 | S44: 0.85626891 | T44: 3.5 | U44: 1.5 | V44: 0.65066225 | W44: 0.41855204 | X44: 0.1741573 | Y44: 0.30184413 | Z44: 0.61222339 | AA44: 0.61404842 | AB44: 1 | AC44: 0.87209302 | AD44: 0.52591459 | AE44: 0.44745461 | AF44: 0.20318352 | AG44: 0.137 | AH44: 0.145 | AI44: 0.18 | AJ44: 0.2 | AK44: 0.65 | AL44: 0.685 | AM44: 1.0740741 | AN44: 1 | AO44: 0.8 | AP44: 1 | AQ44: =AVERAGE(AL44,AO44) -> 0.7425 | AR44: =AVERAGE(AM44) -> 1.0740741 | AS44: =AVERAGE(AN44,AP44) -> 1 | AT44: {=_xlfn.IFS(AG44>sheet2!$C$2,1,AG44=sheet2!$C$2,0,AG44<sheet2!$C$2,-1)} -> -1 | AU44: {=_xlfn.IFS(AH44>sheet2!$D$2,1,AH44=sheet2!$D$2,0,AH44<sheet2!$D$2,-1)} -> 1 | AV44: {=_xlfn.IFS(AI44>sheet2!$E$2,1,AI44=sheet2!$E$2,0,AI44<sheet2!$E$2,-1)} -> 0 | AW44: {=_xlfn.IFS(AJ44>sheet2!$F$2,1,AJ44=sheet2!$F$2,0,AJ44<sheet2!$F$2,-1)} -> -1 | AX44: {=_xlfn.IFS(AK44>sheet2!$G$2,1,AK44=sheet2!$G$2,0,AK44<sheet2!$G$2,-1)} -> 0 | AY44: 0.35745111 | AZ44: 0.70263342 | BA44: 0.028919187 | BB44: 0.011874274 | BC44: 0.49011188
A45: 6 | B45: 辽宁 | C45: 2019 | D45: 23749 | E45: 44569.195 | F45: 24909.45 | G45: =D45/F45 -> 0.95341326 | H45: =(G45-G44)/G44 -> 0.081313133 | I45: 0.31200788 | J45: =(I45-I44)/I44 -> 0.0003097847 | K45: =E45/F45 -> 1.7892485 | L45: =(K45-K44)/K44 -> 0.042274003 | M45: 0 | N45: 0 | O45: 0 | P45: 1 | Q45: 0.8307605 | R45: 0.85190616 | S45: 0.85626891 | T45: 3.5 | U45: 1.5 | V45: 0.65066225 | W45: 0.41855204 | X45: 0.1741573 | Y45: 0.30184413 | Z45: 0.61222339 | AA45: 0.61404842 | AB45: 1 | AC45: 0.87209302 | AD45: 0.52591459 | AE45: 0.44745461 | AF45: 0.20318352 | AG45: 0.137 | AH45: 0.145 | AI45: 0.18 | AJ45: 0.2 | AK45: 0.65 | AL45: 0.685 | AM45: 1.0740741 | AN45: 1 | AO45: 0.8 | AP45: 1 | AQ45: =AVERAGE(AL45,AO45) -> 0.7425 | AR45: =AVERAGE(AM45) -> 1.0740741 | AS45: =AVERAGE(AN45,AP45) -> 1 | AT45: {=_xlfn.IFS(AG45>sheet2!$C$2,1,AG45=sheet2!$C$2,0,AG45<sheet2!$C$2,-1)} -> -1 | AU45: {=_xlfn.IFS(AH45>sheet2!$D$2,1,AH45=sheet2!$D$2,0,AH45<sheet2!$D$2,-1)} -> 1 | AV45: {=_xlfn.IFS(AI45>sheet2!$E$2,1,AI45=sheet2!$E$2,0,AI45<sheet2!$E$2,-1)} -> 0 | AW45: {=_xlfn.IFS(AJ45>sheet2!$F$2,1,AJ45=sheet2!$F$2,0,AJ45<sheet2!$F$2,-1)} -> -1 | AX45: {=_xlfn.IFS(AK45>sheet2!$G$2,1,AK45=sheet2!$G$2,0,AK45<sheet2!$G$2,-1)} -> 0 | AY45: 0.38179486 | AZ45: 0.71218144 | BA45: 0.028824834 | BB45: 0.01245504 | BC45: 0.46168119
A46: 6 | B46: 辽宁 | C46: 2020 | D46: 24849.5 | E46: 44280.624 | F46: 25114.96 | G46: =D46/F46 -> 0.9894302 | H46: =(G46-G45)/G45 -> 0.037776841 | I46: 0.31899534 | J46: =(I46-I45)/I45 -> 0.022395139 | K46: =E46/F46 -> 1.7631175 | L46: =(K46-K45)/K45 -> -0.014604455 | M46: 0 | N46: 0 | O46: 0 | P46: 1 | Q46: 0.8307605 | R46: 0.85190616 | S46: 0.85626891 | T46: 3.5 | U46: 1.5 | V46: 0.65066225 | W46: 0.41855204 | X46: 0.1741573 | Y46: 0.30184413 | Z46: 0.61222339 | AA46: 0.61404842 | AB46: 1 | AC46: 0.87209302 | AD46: 0.52591459 | AE46: 0.44745461 | AF46: 0.20318352 | AG46: 0.137 | AH46: 0.145 | AI46: 0.18 | AJ46: 0.2 | AK46: 0.65 | AL46: 0.685 | AM46: 1.0740741 | AN46: 1 | AO46: 0.8 | AP46: 1 | AQ46: =AVERAGE(AL46,AO46) -> 0.7425 | AR46: =AVERAGE(AM46) -> 1.0740741 | AS46: =AVERAGE(AN46,AP46) -> 1 | AT46: {=_xlfn.IFS(AG46>sheet2!$C$2,1,AG46=sheet2!$C$2,0,AG46<sheet2!$C$2,-1)} -> -1 | AU46: {=_xlfn.IFS(AH46>sheet2!$D$2,1,AH46=sheet2!$D$2,0,AH46<sheet2!$D$2,-1)} -> 1 | AV46: {=_xlfn.IFS(AI46>sheet2!$E$2,1,AI46=sheet2!$E$2,0,AI46<sheet2!$E$2,-1)} -> 0 | AW46: {=_xlfn.IFS(AJ46>sheet2!$F$2,1,AJ46=sheet2!$F$2,0,AJ46<sheet2!$F$2,-1)} -> -1 | AX46: {=_xlfn.IFS(AK46>sheet2!$G$2,1,AK46=sheet2!$G$2,0,AK46<sheet2!$G$2,-1)} -> 0 | AY46: 0.37007027 | AZ46: 0.72150411 | BA46: 0.028676565 | BB46: 0.013351492 | BC46: 0.44158213
A47: 6 | B47: 辽宁 | C47: 2021 | D47: 24930.8 | E47: 46713.143 | F47: 27584.075 | G47: =D47/F47 -> 0.90381135 | H47: =(G47-G46)/G46 -> -0.086533498 | I47: 0.33859878 | J47: =(I47-I46)/I46 -> 0.06145366 | K47: =E47/F47 -> 1.6934823 | L47: =(K47-K46)/K46 -> -0.039495463 | M47: 0 | N47: 0 | O47: 0 | P47: 1 | Q47: 0.8307605 | R47: 0.85190616 | S47: 0.85626891 | T47: 3.5 | U47: 1.5 | V47: 0.65066225 | W47: 0.41855204 | X47: 0.1741573 | Y47: 0.30184413 | Z47: 0.61222339 | AA47: 0.61404842 | AB47: 1 | AC47: 0.87209302 | AD47: 0.52591459 | AE47: 0.44745461 | AF47: 0.20318352 | AG47: 0.137 | AH47: 0.145 | AI47: 0.18 | AJ47: 0.2 | AK47: 0.65 | AL47: 0.685 | AM47: 1.0740741 | AN47: 1 | AO47: 0.8 | AP47: 1 | AQ47: =AVERAGE(AL47,AO47) -> 0.7425 | AR47: =AVERAGE(AM47) -> 1.0740741 | AS47: =AVERAGE(AN47,AP47) -> 1 | AT47: {=_xlfn.IFS(AG47>sheet2!$C$2,1,AG47=sheet2!$C$2,0,AG47<sheet2!$C$2,-1)} -> -1 | AU47: {=_xlfn.IFS(AH47>sheet2!$D$2,1,AH47=sheet2!$D$2,0,AH47<sheet2!$D$2,-1)} -> 1 | AV47: {=_xlfn.IFS(AI47>sheet2!$E$2,1,AI47=sheet2!$E$2,0,AI47<sheet2!$E$2,-1)} -> 0 | AW47: {=_xlfn.IFS(AJ47>sheet2!$F$2,1,AJ47=sheet2!$F$2,0,AJ47<sheet2!$F$2,-1)} -> -1 | AX47: {=_xlfn.IFS(AK47>sheet2!$G$2,1,AK47=sheet2!$G$2,0,AK47<sheet2!$G$2,-1)} -> 0 | AY47: 0.3866325 | AZ47: 0.7280681 | BA47: 0.028501338 | BB47: 0.0133149 | BC47: 0.47040164
A48: 6 | B48: 辽宁 | C48: 2022 | D48: 24707.3 | E48: 45898.946 | F48: 28975.1 | G48: =D48/F48 -> 0.85270801 | H48: =(G48-G47)/G47 -> -0.056542035 | I48: 0.34558682 | J48: =(I48-I47)/I47 -> 0.020638127 | K48: =E48/F48 -> 1.5840824 | L48: =(K48-K47)/K47 -> -0.064600557 | M48: 1 | N48: 1 | O48: 0 | P48: 1 | Q48: 0.8307605 | R48: 0.85190616 | S48: 0.85626891 | T48: 3.5 | U48: 1.5 | V48: 0.65066225 | W48: 0.41855204 | X48: 0.1741573 | Y48: 0.30184413 | Z48: 0.61222339 | AA48: 0.61404842 | AB48: 1 | AC48: 0.87209302 | AD48: 0.52591459 | AE48: 0.44745461 | AF48: 0.20318352 | AG48: 0.137 | AH48: 0.145 | AI48: 0.18 | AJ48: 0.2 | AK48: 0.65 | AL48: 0.685 | AM48: 1.0740741 | AN48: 1 | AO48: 0.8 | AP48: 1 | AQ48: =AVERAGE(AL48,AO48) -> 0.7425 | AR48: =AVERAGE(AM48) -> 1.0740741 | AS48: =AVERAGE(AN48,AP48) -> 1 | AT48: {=_xlfn.IFS(AG48>sheet2!$C$2,1,AG48=sheet2!$C$2,0,AG48<sheet2!$C$2,-1)} -> -1 | AU48: {=_xlfn.IFS(AH48>sheet2!$D$2,1,AH48=sheet2!$D$2,0,AH48<sheet2!$D$2,-1)} -> 1 | AV48: {=_xlfn.IFS(AI48>sheet2!$E$2,1,AI48=sheet2!$E$2,0,AI48<sheet2!$E$2,-1)} -> 0 | AW48: {=_xlfn.IFS(AJ48>sheet2!$F$2,1,AJ48=sheet2!$F$2,0,AJ48<sheet2!$F$2,-1)} -> -1 | AX48: {=_xlfn.IFS(AK48>sheet2!$G$2,1,AK48=sheet2!$G$2,0,AK48<sheet2!$G$2,-1)} -> 0 | AY48: 0.37701682 | AZ48: 0.73004527 | BA48: 0.028285674 | BB48: 0.012965381 | BC48: 0.40327369
A49: 6 | B49: 辽宁 | C49: 2023 | D49: 25102.576 | E49: 47834.361 | F49: 30209.4 | G49: =D49/F49 -> 0.83095248 | H49: =(G49-G48)/G48 -> -0.025513465 | K49: =E49/F49 -> 1.5834264 | L49: =(K49-K48)/K48 -> -0.00041413279 | M49: 1 | N49: 1 | O49: 1 | P49: 1 | Q49: 0.8307605 | R49: 0.85190616 | S49: 0.85626891 | T49: 3.5 | U49: 1.5 | V49: 0.65066225 | W49: 0.41855204 | X49: 0.1741573 | Y49: 0.30184413 | Z49: 0.61222339 | AA49: 0.61404842 | AB49: 1 | AC49: 0.87209302 | AD49: 0.52591459 | AE49: 0.44745461 | AF49: 0.20318352 | AG49: 0.137 | AH49: 0.145 | AI49: 0.18 | AJ49: 0.2 | AK49: 0.65 | AL49: 0.685 | AM49: 1.0740741 | AN49: 1 | AO49: 0.8 | AP49: 1 | AQ49: =AVERAGE(AL49,AO49) -> 0.7425 | AR49: =AVERAGE(AM49) -> 1.0740741 | AS49: =AVERAGE(AN49,AP49) -> 1 | AT49: {=_xlfn.IFS(AG49>sheet2!$C$2,1,AG49=sheet2!$C$2,0,AG49<sheet2!$C$2,-1)} -> -1 | AU49: {=_xlfn.IFS(AH49>sheet2!$D$2,1,AH49=sheet2!$D$2,0,AH49<sheet2!$D$2,-1)} -> 1 | AV49: {=_xlfn.IFS(AI49>sheet2!$E$2,1,AI49=sheet2!$E$2,0,AI49<sheet2!$E$2,-1)} -> 0 | AW49: {=_xlfn.IFS(AJ49>sheet2!$F$2,1,AJ49=sheet2!$F$2,0,AJ49<sheet2!$F$2,-1)} -> -1 | AX49: {=_xlfn.IFS(AK49>sheet2!$G$2,1,AK49=sheet2!$G$2,0,AK49<sheet2!$G$2,-1)} -> 0 | AY49: 0.36759419 | AZ49: 0.735055 | BA49: 0.028184581 | BB49: 0.012983542 | BC49: 0.41906954
A50: 7 | B50: 吉林 | C50: 2016 | D50: 6886 | E50: 14938.601 | F50: 14776.8 | G50: =D50/F50 -> 0.46600076 | I50: 0.31241227 | K50: =E50/F50 -> 1.0109497 | M50: 0 | N50: 0 | O50: 0 | P50: 1 | Q50: 0.84762756 | R50: 0.13196481 | S50: 0.057812573 | T50: 0.4 | U50: -0.54 | V50: 0.044728435 | W50: -0.10307018 | X50: -0.112 | Y50: 0.37142503 | Z50: 0.09483667 | AA50: 0.04145861 | AB50: 0.11428571 | AC50: -0.31395349 | AD50: 0.036152914 | AE50: -0.11018755 | AF50: -0.13066667 | AG50: 0.177 | AH50: 0.135 | AI50: 0.18 | AJ50: 0.2 | AK50: 0.65 | AL50: 0.885 | AM50: 1 | AN50: 1 | AO50: 0.8 | AP50: 1 | AQ50: =AVERAGE(AL50,AO50) -> 0.8425 | AR50: =AVERAGE(AM50) -> 1 | AS50: =AVERAGE(AN50,AP50) -> 1 | AT50: {=_xlfn.IFS(AG50>sheet2!$C$2,1,AG50=sheet2!$C$2,0,AG50<sheet2!$C$2,-1)} -> -1 | AU50: {=_xlfn.IFS(AH50>sheet2!$D$2,1,AH50=sheet2!$D$2,0,AH50<sheet2!$D$2,-1)} -> 0 | AV50: {=_xlfn.IFS(AI50>sheet2!$E$2,1,AI50=sheet2!$E$2,0,AI50<sheet2!$E$2,-1)} -> 0 | AW50: {=_xlfn.IFS(AJ50>sheet2!$F$2,1,AJ50=sheet2!$F$2,0,AJ50<sheet2!$F$2,-1)} -> -1 | AX50: {=_xlfn.IFS(AK50>sheet2!$G$2,1,AK50=sheet2!$G$2,0,AK50<sheet2!$G$2,-1)} -> 0 | AY50: 0.26402198 | AZ50: 0.58745617 | BA50: 0.013425592 | BB50: 0.0061488414 | BC50: 0.35241168
A51: 7 | B51: 吉林 | C51: 2017 | D51: 6881 | E51: 15066.633 | F51: 14944.53 | G51: =D51/F51 -> 0.46043603 | H51: =(G51-G50)/G50 -> -0.011941466 | I51: 0.35822442 | J51: =(I51-I50)/I50 -> 0.14664004 | K51: =E51/F51 -> 1.0081704 | L51: =(K51-K50)/K50 -> -0.0027491614 | M51: 0 | N51: 0 | O51: 0 | P51: 1 | Q51: 0.84762756 | R51: 0.13196481 | S51: 0.057812573 | T51: 0.4 | U51: -0.54 | V51: 0.044728435 | W51: -0.10307018 | X51: -0.112 | Y51: 0.37142503 | Z51: 0.09483667 | AA51: 0.04145861 | AB51: 0.11428571 | AC51: -0.31395349 | AD51: 0.036152914 | AE51: -0.11018755 | AF51: -0.13066667 | AG51: 0.177 | AH51: 0.135 | AI51: 0.18 | AJ51: 0.2 | AK51: 0.65 | AL51: 0.885 | AM51: 1 | AN51: 1 | AO51: 0.8 | AP51: 1 | AQ51: =AVERAGE(AL51,AO51) -> 0.8425 | AR51: =AVERAGE(AM51) -> 1 | AS51: =AVERAGE(AN51,AP51) -> 1 | AT51: {=_xlfn.IFS(AG51>sheet2!$C$2,1,AG51=sheet2!$C$2,0,AG51<sheet2!$C$2,-1)} -> -1 | AU51: {=_xlfn.IFS(AH51>sheet2!$D$2,1,AH51=sheet2!$D$2,0,AH51<sheet2!$D$2,-1)} -> 0 | AV51: {=_xlfn.IFS(AI51>sheet2!$E$2,1,AI51=sheet2!$E$2,0,AI51<sheet2!$E$2,-1)} -> 0 | AW51: {=_xlfn.IFS(AJ51>sheet2!$F$2,1,AJ51=sheet2!$F$2,0,AJ51<sheet2!$F$2,-1)} -> -1 | AX51: {=_xlfn.IFS(AK51>sheet2!$G$2,1,AK51=sheet2!$G$2,0,AK51<sheet2!$G$2,-1)} -> 0 | AY51: 0.26735535 | AZ51: 0.59699129 | BA51: 0.013211159 | BB51: 0.0050182776 | BC51: 0.32501369
A52: 7 | B52: 吉林 | C52: 2018 | D52: 7000 | E52: 15911.771 | F52: 15074.62 | G52: =D52/F52 -> 0.46435665 | H52: =(G52-G51)/G51 -> 0.0085150187 | I52: 0.36722919 | J52: =(I52-I51)/I51 -> 0.025137252 | K52: =E52/F52 -> 1.0555338 | L52: =(K52-K51)/K51 -> 0.046979562 | M52: 0 | N52: 0 | O52: 0 | P52: 1 | Q52: 0.84762756 | R52: 0.13196481 | S52: 0.057812573 | T52: 0.4 | U52: -0.54 | V52: 0.044728435 | W52: -0.10307018 | X52: -0.112 | Y52: 0.37142503 | Z52: 0.09483667 | AA52: 0.04145861 | AB52: 0.11428571 | AC52: -0.31395349 | AD52: 0.036152914 | AE52: -0.11018755 | AF52: -0.13066667 | AG52: 0.177 | AH52: 0.135 | AI52: 0.18 | AJ52: 0.2 | AK52: 0.65 | AL52: 0.885 | AM52: 1 | AN52: 1 | AO52: 0.8 | AP52: 1 | AQ52: =AVERAGE(AL52,AO52) -> 0.8425 | AR52: =AVERAGE(AM52) -> 1 | AS52: =AVERAGE(AN52,AP52) -> 1 | AT52: {=_xlfn.IFS(AG52>sheet2!$C$2,1,AG52=sheet2!$C$2,0,AG52<sheet2!$C$2,-1)} -> -1 | AU52: {=_xlfn.IFS(AH52>sheet2!$D$2,1,AH52=sheet2!$D$2,0,AH52<sheet2!$D$2,-1)} -> 0 | AV52: {=_xlfn.IFS(AI52>sheet2!$E$2,1,AI52=sheet2!$E$2,0,AI52<sheet2!$E$2,-1)} -> 0 | AW52: {=_xlfn.IFS(AJ52>sheet2!$F$2,1,AJ52=sheet2!$F$2,0,AJ52<sheet2!$F$2,-1)} -> -1 | AX52: {=_xlfn.IFS(AK52>sheet2!$G$2,1,AK52=sheet2!$G$2,0,AK52<sheet2!$G$2,-1)} -> 0 | AY52: 0.26876299 | AZ52: 0.60869565 | BA52: 0.012991496 | BB52: 0.0038144577 | BC52: 0.32744703
A53: 7 | B53: 吉林 | C53: 2019 | D53: 7132 | E53: 15913.343 | F53: 11726.82 | G53: =D53/F53 -> 0.60817852 | H53: =(G53-G52)/G52 -> 0.30972286 | I53: 0.3648762 | J53: =(I53-I52)/I52 -> -0.0064074214 | K53: =E53/F53 -> 1.3570041 | L53: =(K53-K52)/K52 -> 0.28560933 | M53: 0 | N53: 0 | O53: 0 | P53: 1 | Q53: 0.84762756 | R53: 0.13196481 | S53: 0.057812573 | T53: 0.4 | U53: -0.54 | V53: 0.044728435 | W53: -0.10307018 | X53: -0.112 | Y53: 0.37142503 | Z53: 0.09483667 | AA53: 0.04145861 | AB53: 0.11428571 | AC53: -0.31395349 | AD53: 0.036152914 | AE53: -0.11018755 | AF53: -0.13066667 | AG53: 0.177 | AH53: 0.135 | AI53: 0.18 | AJ53: 0.2 | AK53: 0.65 | AL53: 0.885 | AM53: 1 | AN53: 1 | AO53: 0.8 | AP53: 1 | AQ53: =AVERAGE(AL53,AO53) -> 0.8425 | AR53: =AVERAGE(AM53) -> 1 | AS53: =AVERAGE(AN53,AP53) -> 1 | AT53: {=_xlfn.IFS(AG53>sheet2!$C$2,1,AG53=sheet2!$C$2,0,AG53<sheet2!$C$2,-1)} -> -1 | AU53: {=_xlfn.IFS(AH53>sheet2!$D$2,1,AH53=sheet2!$D$2,0,AH53<sheet2!$D$2,-1)} -> 0 | AV53: {=_xlfn.IFS(AI53>sheet2!$E$2,1,AI53=sheet2!$E$2,0,AI53<sheet2!$E$2,-1)} -> 0 | AW53: {=_xlfn.IFS(AJ53>sheet2!$F$2,1,AJ53=sheet2!$F$2,0,AJ53<sheet2!$F$2,-1)} -> -1 | AX53: {=_xlfn.IFS(AK53>sheet2!$G$2,1,AK53=sheet2!$G$2,0,AK53<sheet2!$G$2,-1)} -> 0 | AY53: 0.35491293 | AZ53: 0.61642157 | BA53: 0.012803213 | BB53: 0.0058335167 | BC53: 0.28396408
A54: 7 | B54: 吉林 | C54: 2020 | D54: 7185.7 | E54: 15764.858 | F54: 12311.32 | G54: =D54/F54 -> 0.58366609 | H54: =(G54-G53)/G53 -> -0.040304659 | I54: 0.39364337 | J54: =(I54-I53)/I53 -> 0.078840893 | K54: =E54/F54 -> 1.2805173 | L54: =(K54-K53)/K53 -> -0.056364476 | M54: 0 | N54: 0 | O54: 0 | P54: 1 | Q54: 0.84762756 | R54: 0.13196481 | S54: 0.057812573 | T54: 0.4 | U54: -0.54 | V54: 0.044728435 | W54: -0.10307018 | X54: -0.112 | Y54: 0.37142503 | Z54: 0.09483667 | AA54: 0.04145861 | AB54: 0.11428571 | AC54: -0.31395349 | AD54: 0.036152914 | AE54: -0.11018755 | AF54: -0.13066667 | AG54: 0.177 | AH54: 0.135 | AI54: 0.18 | AJ54: 0.2 | AK54: 0.65 | AL54: 0.885 | AM54: 1 | AN54: 1 | AO54: 0.8 | AP54: 1 | AQ54: =AVERAGE(AL54,AO54) -> 0.8425 | AR54: =AVERAGE(AM54) -> 1 | AS54: =AVERAGE(AN54,AP54) -> 1 | AT54: {=_xlfn.IFS(AG54>sheet2!$C$2,1,AG54=sheet2!$C$2,0,AG54<sheet2!$C$2,-1)} -> -1 | AU54: {=_xlfn.IFS(AH54>sheet2!$D$2,1,AH54=sheet2!$D$2,0,AH54<sheet2!$D$2,-1)} -> 0 | AV54: {=_xlfn.IFS(AI54>sheet2!$E$2,1,AI54=sheet2!$E$2,0,AI54<sheet2!$E$2,-1)} -> 0 | AW54: {=_xlfn.IFS(AJ54>sheet2!$F$2,1,AJ54=sheet2!$F$2,0,AJ54<sheet2!$F$2,-1)} -> -1 | AX54: {=_xlfn.IFS(AK54>sheet2!$G$2,1,AK54=sheet2!$G$2,0,AK54<sheet2!$G$2,-1)} -> 0 | AY54: 0.35230178 | AZ54: 0.62651105 | BA54: 0.01254694 | BB54: 0.0063067811 | BC54: 0.26289685
A55: 7 | B55: 吉林 | C55: 2021 | D55: 7287.6 | E55: 16255.552 | F55: 13235.515 | G55: =D55/F55 -> 0.55060947 | H55: =(G55-G54)/G54 -> -0.056636184 | I55: 0.39998787 | J55: =(I55-I54)/I54 -> 0.016117382 | K55: =E55/F55 -> 1.2281767 | L55: =(K55-K54)/K54 -> -0.040874536 | M55: 0 | N55: 0 | O55: 0 | P55: 1 | Q55: 0.84762756 | R55: 0.13196481 | S55: 0.057812573 | T55: 0.4 | U55: -0.54 | V55: 0.044728435 | W55: -0.10307018 | X55: -0.112 | Y55: 0.37142503 | Z55: 0.09483667 | AA55: 0.04145861 | AB55: 0.11428571 | AC55: -0.31395349 | AD55: 0.036152914 | AE55: -0.11018755 | AF55: -0.13066667 | AG55: 0.177 | AH55: 0.135 | AI55: 0.18 | AJ55: 0.2 | AK55: 0.65 | AL55: 0.885 | AM55: 1 | AN55: 1 | AO55: 0.8 | AP55: 1 | AQ55: =AVERAGE(AL55,AO55) -> 0.8425 | AR55: =AVERAGE(AM55) -> 1 | AS55: =AVERAGE(AN55,AP55) -> 1 | AT55: {=_xlfn.IFS(AG55>sheet2!$C$2,1,AG55=sheet2!$C$2,0,AG55<sheet2!$C$2,-1)} -> -1 | AU55: {=_xlfn.IFS(AH55>sheet2!$D$2,1,AH55=sheet2!$D$2,0,AH55<sheet2!$D$2,-1)} -> 0 | AV55: {=_xlfn.IFS(AI55>sheet2!$E$2,1,AI55=sheet2!$E$2,0,AI55<sheet2!$E$2,-1)} -> 0 | AW55: {=_xlfn.IFS(AJ55>sheet2!$F$2,1,AJ55=sheet2!$F$2,0,AJ55<sheet2!$F$2,-1)} -> -1 | AX55: {=_xlfn.IFS(AK55>sheet2!$G$2,1,AK55=sheet2!$G$2,0,AK55<sheet2!$G$2,-1)} -> 0 | AY55: 0.35614027 | AZ55: 0.63368421 | BA55: 0.012421418 | BB55: 0.0064858299 | BC55: 0.30944807
A56: 7 | B56: 吉林 | C56: 2022 | D56: 7027.8 | E56: 16005.15 | F56: 13070.2 | G56: =D56/F56 -> 0.53769644 | H56: =(G56-G55)/G55 -> -0.023452248 | I56: 0.45648061 | J56: =(I56-I55)/I55 -> 0.14123615 | K56: =E56/F56 -> 1.2245528 | L56: =(K56-K55)/K55 -> -0.0029506644 | M56: 1 | N56: 1 | O56: 0 | P56: 1 | Q56: 0.84762756 | R56: 0.13196481 | S56: 0.057812573 | T56: 0.4 | U56: -0.54 | V56: 0.044728435 | W56: -0.10307018 | X56: -0.112 | Y56: 0.37142503 | Z56: 0.09483667 | AA56: 0.04145861 | AB56: 0.11428571 | AC56: -0.31395349 | AD56: 0.036152914 | AE56: -0.11018755 | AF56: -0.13066667 | AG56: 0.177 | AH56: 0.135 | AI56: 0.18 | AJ56: 0.2 | AK56: 0.65 | AL56: 0.885 | AM56: 1 | AN56: 1 | AO56: 0.8 | AP56: 1 | AQ56: =AVERAGE(AL56,AO56) -> 0.8425 | AR56: =AVERAGE(AM56) -> 1 | AS56: =AVERAGE(AN56,AP56) -> 1 | AT56: {=_xlfn.IFS(AG56>sheet2!$C$2,1,AG56=sheet2!$C$2,0,AG56<sheet2!$C$2,-1)} -> -1 | AU56: {=_xlfn.IFS(AH56>sheet2!$D$2,1,AH56=sheet2!$D$2,0,AH56<sheet2!$D$2,-1)} -> 0 | AV56: {=_xlfn.IFS(AI56>sheet2!$E$2,1,AI56=sheet2!$E$2,0,AI56<sheet2!$E$2,-1)} -> 0 | AW56: {=_xlfn.IFS(AJ56>sheet2!$F$2,1,AJ56=sheet2!$F$2,0,AJ56<sheet2!$F$2,-1)} -> -1 | AX56: {=_xlfn.IFS(AK56>sheet2!$G$2,1,AK56=sheet2!$G$2,0,AK56<sheet2!$G$2,-1)} -> 0 | AY56: 0.32707227 | AZ56: 0.63713799 | BA56: 0.012280206 | BB56: 0.0070851326 | BC56: 0.21043469
A57: 7 | B57: 吉林 | C57: 2023 | D57: 7434 | E57: 17040.448 | F57: 13531.2 | G57: =D57/F57 -> 0.54939695 | H57: =(G57-G56)/G56 -> 0.021760438 | K57: =E57/F57 -> 1.2593449 | L57: =(K57-K56)/K56 -> 0.028412129 | M57: 1 | N57: 1 | O57: 1 | P57: 1 | Q57: 0.84762756 | R57: 0.13196481 | S57: 0.057812573 | T57: 0.4 | U57: -0.54 | V57: 0.044728435 | W57: -0.10307018 | X57: -0.112 | Y57: 0.37142503 | Z57: 0.09483667 | AA57: 0.04145861 | AB57: 0.11428571 | AC57: -0.31395349 | AD57: 0.036152914 | AE57: -0.11018755 | AF57: -0.13066667 | AG57: 0.177 | AH57: 0.135 | AI57: 0.18 | AJ57: 0.2 | AK57: 0.65 | AL57: 0.885 | AM57: 1 | AN57: 1 | AO57: 0.8 | AP57: 1 | AQ57: =AVERAGE(AL57,AO57) -> 0.8425 | AR57: =AVERAGE(AM57) -> 1 | AS57: =AVERAGE(AN57,AP57) -> 1 | AT57: {=_xlfn.IFS(AG57>sheet2!$C$2,1,AG57=sheet2!$C$2,0,AG57<sheet2!$C$2,-1)} -> -1 | AU57: {=_xlfn.IFS(AH57>sheet2!$D$2,1,AH57=sheet2!$D$2,0,AH57<sheet2!$D$2,-1)} -> 0 | AV57: {=_xlfn.IFS(AI57>sheet2!$E$2,1,AI57=sheet2!$E$2,0,AI57<sheet2!$E$2,-1)} -> 0 | AW57: {=_xlfn.IFS(AJ57>sheet2!$F$2,1,AJ57=sheet2!$F$2,0,AJ57<sheet2!$F$2,-1)} -> -1 | AX57: {=_xlfn.IFS(AK57>sheet2!$G$2,1,AK57=sheet2!$G$2,0,AK57<sheet2!$G$2,-1)} -> 0 | AY57: 0.32716241 | AZ57: 0.64728516 | BA57: 0.012233136 | BB57: 0.0076620477 | BC57: 0.24390211
A58: 8 | B58: 黑龙江 | C58: 2016 | D58: 11070 | E58: 18016.685 | F58: 15386.09 | G58: =D58/F58 -> 0.71948104 | I58: 0.26402982 | K58: =E58/F58 -> 1.1709723 | M58: 0 | N58: 0 | O58: 0 | P58: 0 | Q58: 1 | R58: 0 | S58: 0 | T58: 0 | U58: 0 | V58: 0 | W58: 0 | X58: 0 | Y58: 1 | Z58: 0 | AA58: 0 | AB58: 0 | AC58: 0 | AD58: 0 | AE58: 0 | AF58: 0 | AG58: 0.2 | AH58: 0.135 | AI58: 0.18 | AJ58: 0.25 | AK58: 0.65 | AL58: 1 | AM58: 1 | AN58: 1 | AO58: 1 | AP58: 1 | AQ58: =AVERAGE(AL58,AO58) -> 1 | AR58: =AVERAGE(AM58) -> 1 | AS58: =AVERAGE(AN58,AP58) -> 1 | AT58: {=_xlfn.IFS(AG58>sheet2!$C$2,1,AG58=sheet2!$C$2,0,AG58<sheet2!$C$2,-1)} -> 0 | AU58: {=_xlfn.IFS(AH58>sheet2!$D$2,1,AH58=sheet2!$D$2,0,AH58<sheet2!$D$2,-1)} -> 0 | AV58: {=_xlfn.IFS(AI58>sheet2!$E$2,1,AI58=sheet2!$E$2,0,AI58<sheet2!$E$2,-1)} -> 0 | AW58: {=_xlfn.IFS(AJ58>sheet2!$F$2,1,AJ58=sheet2!$F$2,0,AJ58<sheet2!$F$2,-1)} -> 0 | AX58: {=_xlfn.IFS(AK58>sheet2!$G$2,1,AK58=sheet2!$G$2,0,AK58<sheet2!$G$2,-1)} -> 0 | AY58: 0.23980751 | AZ58: 0.6110309 | BA58: 0.007652396 | BB58: 0.0057514612 | BC58: 0.27166256
A59: 8 | B59: 黑龙江 | C59: 2017 | D59: 11258 | E59: 18799.855 | F59: 15902.68 | G59: =D59/F59 -> 0.70793099 | H59: =(G59-G58)/G58 -> -0.016053304 | I59: 0.29638354 | J59: =(I59-I58)/I58 -> 0.12253815 | K59: =E59/F59 -> 1.1821816 | L59: =(K59-K58)/K58 -> 0.0095726023 | M59: 0 | N59: 0 | O59: 0 | P59: 0 | Q59: 1 | R59: 0 | S59: 0 | T59: 0 | U59: 0 | V59: 0 | W59: 0 | X59: 0 | Y59: 1 | Z59: 0 | AA59: 0 | AB59: 0 | AC59: 0 | AD59: 0 | AE59: 0 | AF59: 0 | AG59: 0.2 | AH59: 0.135 | AI59: 0.18 | AJ59: 0.25 | AK59: 0.65 | AL59: 1 | AM59: 1 | AN59: 1 | AO59: 1 | AP59: 1 | AQ59: =AVERAGE(AL59,AO59) -> 1 | AR59: =AVERAGE(AM59) -> 1 | AS59: =AVERAGE(AN59,AP59) -> 1 | AT59: {=_xlfn.IFS(AG59>sheet2!$C$2,1,AG59=sheet2!$C$2,0,AG59<sheet2!$C$2,-1)} -> 0 | AU59: {=_xlfn.IFS(AH59>sheet2!$D$2,1,AH59=sheet2!$D$2,0,AH59<sheet2!$D$2,-1)} -> 0 | AV59: {=_xlfn.IFS(AI59>sheet2!$E$2,1,AI59=sheet2!$E$2,0,AI59<sheet2!$E$2,-1)} -> 0 | AW59: {=_xlfn.IFS(AJ59>sheet2!$F$2,1,AJ59=sheet2!$F$2,0,AJ59<sheet2!$F$2,-1)} -> 0 | AX59: {=_xlfn.IFS(AK59>sheet2!$G$2,1,AK59=sheet2!$G$2,0,AK59<sheet2!$G$2,-1)} -> 0 | AY59: 0.2213149 | AZ59: 0.61900559 | BA59: 0.0075109715 | BB59: 0.005193175 | BC59: 0.26789239
A60: 8 | B60: 黑龙江 | C60: 2018 | D60: 11436 | E60: 19237.891 | F60: 16361.62 | G60: =D60/F60 -> 0.69895279 | H60: =(G60-G59)/G59 -> -0.012682305 | I60: 0.35723127 | J60: =(I60-I59)/I59 -> 0.20530064 | K60: =E60/F60 -> 1.1757938 | L60: =(K60-K59)/K59 -> -0.0054033736 | M60: 0 | N60: 0 | O60: 0 | P60: 0 | Q60: 1 | R60: 0 | S60: 0 | T60: 0 | U60: 0 | V60: 0 | W60: 0 | X60: 0 | Y60: 1 | Z60: 0 | AA60: 0 | AB60: 0 | AC60: 0 | AD60: 0 | AE60: 0 | AF60: 0 | AG60: 0.2 | AH60: 0.135 | AI60: 0.18 | AJ60: 0.25 | AK60: 0.65 | AL60: 1 | AM60: 1 | AN60: 1 | AO60: 1 | AP60: 1 | AQ60: =AVERAGE(AL60,AO60) -> 1 | AR60: =AVERAGE(AM60) -> 1 | AS60: =AVERAGE(AN60,AP60) -> 1 | AT60: {=_xlfn.IFS(AG60>sheet2!$C$2,1,AG60=sheet2!$C$2,0,AG60<sheet2!$C$2,-1)} -> 0 | AU60: {=_xlfn.IFS(AH60>sheet2!$D$2,1,AH60=sheet2!$D$2,0,AH60<sheet2!$D$2,-1)} -> 0 | AV60: {=_xlfn.IFS(AI60>sheet2!$E$2,1,AI60=sheet2!$E$2,0,AI60<sheet2!$E$2,-1)} -> 0 | AW60: {=_xlfn.IFS(AJ60>sheet2!$F$2,1,AJ60=sheet2!$F$2,0,AJ60<sheet2!$F$2,-1)} -> 0 | AX60: {=_xlfn.IFS(AK60>sheet2!$G$2,1,AK60=sheet2!$G$2,0,AK60<sheet2!$G$2,-1)} -> 0 | AY60: 0.21611552 | AZ60: 0.63450556 | BA60: 0.0073518688 | BB60: 0.0037018339 | BC60: 0.27425028
A61: 8 | B61: 黑龙江 | C61: 2019 | D61: 11614 | E61: 19265.986 | F61: 13612.68 | G61: =D61/F61 -> 0.85317513 | H61: =(G61-G60)/G60 -> 0.22064771 | I61: 0.34797522 | J61: =(I61-I60)/I60 -> -0.025910532 | K61: =E61/F61 -> 1.4152971 | L61: =(K61-K60)/K60 -> 0.20369496 | M61: 0 | N61: 0 | O61: 0 | P61: 0 | Q61: 1 | R61: 0 | S61: 0 | T61: 0 | U61: 0 | V61: 0 | W61: 0 | X61: 0 | Y61: 1 | Z61: 0 | AA61: 0 | AB61: 0 | AC61: 0 | AD61: 0 | AE61: 0 | AF61: 0 | AG61: 0.2 | AH61: 0.135 | AI61: 0.18 | AJ61: 0.25 | AK61: 0.65 | AL61: 1 | AM61: 1 | AN61: 1 | AO61: 1 | AP61: 1 | AQ61: =AVERAGE(AL61,AO61) -> 1 | AR61: =AVERAGE(AM61) -> 1 | AS61: =AVERAGE(AN61,AP61) -> 1 | AT61: {=_xlfn.IFS(AG61>sheet2!$C$2,1,AG61=sheet2!$C$2,0,AG61<sheet2!$C$2,-1)} -> 0 | AU61: {=_xlfn.IFS(AH61>sheet2!$D$2,1,AH61=sheet2!$D$2,0,AH61<sheet2!$D$2,-1)} -> 0 | AV61: {=_xlfn.IFS(AI61>sheet2!$E$2,1,AI61=sheet2!$E$2,0,AI61<sheet2!$E$2,-1)} -> 0 | AW61: {=_xlfn.IFS(AJ61>sheet2!$F$2,1,AJ61=sheet2!$F$2,0,AJ61<sheet2!$F$2,-1)} -> 0 | AX61: {=_xlfn.IFS(AK61>sheet2!$G$2,1,AK61=sheet2!$G$2,0,AK61<sheet2!$G$2,-1)} -> 0 | AY61: 0.26945466 | AZ61: 0.64608295 | BA61: 0.0071927661 | BB61: 0.005251442 | BC61: 0.25196945
A62: 8 | B62: 黑龙江 | C62: 2020 | D62: 11525.1 | E62: 19547.891 | F62: 13698.5 | G62: =D62/F62 -> 0.84134029 | H62: =(G62-G61)/G61 -> -0.013871519 | I62: 0.40677693 | J62: =(I62-I61)/I61 -> 0.16898245 | K62: =E62/F62 -> 1.4270096 | L62: =(K62-K61)/K61 -> 0.0082756534 | M62: 0 | N62: 0 | O62: 0 | P62: 0 | Q62: 1 | R62: 0 | S62: 0 | T62: 0 | U62: 0 | V62: 0 | W62: 0 | X62: 0 | Y62: 1 | Z62: 0 | AA62: 0 | AB62: 0 | AC62: 0 | AD62: 0 | AE62: 0 | AF62: 0 | AG62: 0.2 | AH62: 0.135 | AI62: 0.18 | AJ62: 0.25 | AK62: 0.65 | AL62: 1 | AM62: 1 | AN62: 1 | AO62: 1 | AP62: 1 | AQ62: =AVERAGE(AL62,AO62) -> 1 | AR62: =AVERAGE(AM62) -> 1 | AS62: =AVERAGE(AN62,AP62) -> 1 | AT62: {=_xlfn.IFS(AG62>sheet2!$C$2,1,AG62=sheet2!$C$2,0,AG62<sheet2!$C$2,-1)} -> 0 | AU62: {=_xlfn.IFS(AH62>sheet2!$D$2,1,AH62=sheet2!$D$2,0,AH62<sheet2!$D$2,-1)} -> 0 | AV62: {=_xlfn.IFS(AI62>sheet2!$E$2,1,AI62=sheet2!$E$2,0,AI62<sheet2!$E$2,-1)} -> 0 | AW62: {=_xlfn.IFS(AJ62>sheet2!$F$2,1,AJ62=sheet2!$F$2,0,AJ62<sheet2!$F$2,-1)} -> 0 | AX62: {=_xlfn.IFS(AK62>sheet2!$G$2,1,AK62=sheet2!$G$2,0,AK62<sheet2!$G$2,-1)} -> 0 | AY62: 0.2521955 | AZ62: 0.6559445 | BA62: 0.0070071464 | BB62: 0.0056548819 | BC62: 0.21149262
A63: 8 | B63: 黑龙江 | C63: 2021 | D63: 12191.6 | E63: 20543.989 | F63: 14879.19 | G63: =D63/F63 -> 0.81937256 | H63: =(G63-G62)/G62 -> -0.026110401 | I63: 0.41114866 | J63: =(I63-I62)/I62 -> 0.010747245 | K63: =E63/F63 -> 1.3807196 | L63: =(K63-K62)/K62 -> -0.032438485 | M63: 0 | N63: 0 | O63: 0 | P63: 0 | Q63: 1 | R63: 0 | S63: 0 | T63: 0 | U63: 0 | V63: 0 | W63: 0 | X63: 0 | Y63: 1 | Z63: 0 | AA63: 0 | AB63: 0 | AC63: 0 | AD63: 0 | AE63: 0 | AF63: 0 | AG63: 0.2 | AH63: 0.135 | AI63: 0.18 | AJ63: 0.25 | AK63: 0.65 | AL63: 1 | AM63: 1 | AN63: 1 | AO63: 1 | AP63: 1 | AQ63: =AVERAGE(AL63,AO63) -> 1 | AR63: =AVERAGE(AM63) -> 1 | AS63: =AVERAGE(AN63,AP63) -> 1 | AT63: {=_xlfn.IFS(AG63>sheet2!$C$2,1,AG63=sheet2!$C$2,0,AG63<sheet2!$C$2,-1)} -> 0 | AU63: {=_xlfn.IFS(AH63>sheet2!$D$2,1,AH63=sheet2!$D$2,0,AH63<sheet2!$D$2,-1)} -> 0 | AV63: {=_xlfn.IFS(AI63>sheet2!$E$2,1,AI63=sheet2!$E$2,0,AI63<sheet2!$E$2,-1)} -> 0 | AW63: {=_xlfn.IFS(AJ63>sheet2!$F$2,1,AJ63=sheet2!$F$2,0,AJ63<sheet2!$F$2,-1)} -> 0 | AX63: {=_xlfn.IFS(AK63>sheet2!$G$2,1,AK63=sheet2!$G$2,0,AK63<sheet2!$G$2,-1)} -> 0 | AY63: 0.27436305 | AZ63: 0.65696 | BA63: 0.0069054974 | BB63: 0.0059659834 | BC63: 0.25476169
A64: 8 | B64: 黑龙江 | C64: 2022 | D64: 12035 | E64: 20373.432 | F64: 15901 | G64: =D64/F64 -> 0.75687064 | H64: =(G64-G63)/G63 -> -0.076280225 | I64: 0.42803673 | J64: =(I64-I63)/I63 -> 0.04107534 | K64: =E64/F64 -> 1.2812673 | L64: =(K64-K63)/K63 -> -0.072029267 | M64: 1 | N64: 1 | O64: 0 | P64: 0 | Q64: 1 | R64: 0 | S64: 0 | T64: 0 | U64: 0 | V64: 0 | W64: 0 | X64: 0 | Y64: 1 | Z64: 0 | AA64: 0 | AB64: 0 | AC64: 0 | AD64: 0 | AE64: 0 | AF64: 0 | AG64: 0.2 | AH64: 0.135 | AI64: 0.18 | AJ64: 0.25 | AK64: 0.65 | AL64: 1 | AM64: 1 | AN64: 1 | AO64: 1 | AP64: 1 | AQ64: =AVERAGE(AL64,AO64) -> 1 | AR64: =AVERAGE(AM64) -> 1 | AS64: =AVERAGE(AN64,AP64) -> 1 | AT64: {=_xlfn.IFS(AG64>sheet2!$C$2,1,AG64=sheet2!$C$2,0,AG64<sheet2!$C$2,-1)} -> 0 | AU64: {=_xlfn.IFS(AH64>sheet2!$D$2,1,AH64=sheet2!$D$2,0,AH64<sheet2!$D$2,-1)} -> 0 | AV64: {=_xlfn.IFS(AI64>sheet2!$E$2,1,AI64=sheet2!$E$2,0,AI64<sheet2!$E$2,-1)} -> 0 | AW64: {=_xlfn.IFS(AJ64>sheet2!$F$2,1,AJ64=sheet2!$F$2,0,AJ64<sheet2!$F$2,-1)} -> 0 | AX64: {=_xlfn.IFS(AK64>sheet2!$G$2,1,AK64=sheet2!$G$2,0,AK64<sheet2!$G$2,-1)} -> 0 | AY64: 0.28611408 | AZ64: 0.66214908 | BA64: 0.0068480437 | BB64: 0.0061629835 | BC64: 0.23673191
A65: 8 | B65: 黑龙江 | C65: 2023 | D65: 12067.495 | E65: 21479.534 | F65: 15883.9 | G65: =D65/F65 -> 0.75973121 | H65: =(G65-G64)/G64 -> 0.0037794685 | K65: =E65/F65 -> 1.3522834 | L65: =(K65-K64)/K64 -> 0.055426395 | M65: 1 | N65: 1 | O65: 1 | P65: 0 | Q65: 1 | R65: 0 | S65: 0 | T65: 0 | U65: 0 | V65: 0 | W65: 0 | X65: 0 | Y65: 1 | Z65: 0 | AA65: 0 | AB65: 0 | AC65: 0 | AD65: 0 | AE65: 0 | AF65: 0 | AG65: 0.2 | AH65: 0.135 | AI65: 0.18 | AJ65: 0.25 | AK65: 0.65 | AL65: 1 | AM65: 1 | AN65: 1 | AO65: 1 | AP65: 1 | AQ65: =AVERAGE(AL65,AO65) -> 1 | AR65: =AVERAGE(AM65) -> 1 | AS65: =AVERAGE(AN65,AP65) -> 1 | AT65: {=_xlfn.IFS(AG65>sheet2!$C$2,1,AG65=sheet2!$C$2,0,AG65<sheet2!$C$2,-1)} -> 0 | AU65: {=_xlfn.IFS(AH65>sheet2!$D$2,1,AH65=sheet2!$D$2,0,AH65<sheet2!$D$2,-1)} -> 0 | AV65: {=_xlfn.IFS(AI65>sheet2!$E$2,1,AI65=sheet2!$E$2,0,AI65<sheet2!$E$2,-1)} -> 0 | AW65: {=_xlfn.IFS(AJ65>sheet2!$F$2,1,AJ65=sheet2!$F$2,0,AJ65<sheet2!$F$2,-1)} -> 0 | AX65: {=_xlfn.IFS(AK65>sheet2!$G$2,1,AK65=sheet2!$G$2,0,AK65<sheet2!$G$2,-1)} -> 0 | AY65: 0.26475865 | AZ65: 0.67112998 | BA65: 0.0067662826 | BB65: 0.0066747587 | BC65: 0.24169731
A66: 9 | B66: 上海 | C66: 2016 | D66: 11242 | E66: 18133.361 | F66: 28178.65 | G66: =D66/F66 -> 0.39895453 | I66: 0.24997624 | K66: =E66/F66 -> 0.6435142 | M66: 0 | N66: 0 | O66: 0 | P66: 1 | Q66: 0.82522388 | R66: 0.48093842 | S66: 0.60962854 | T66: 2.7 | U66: 0.51 | V66: 0.35084746 | W66: 0.23809524 | X66: 0.36413043 | Y66: 0.27900418 | Z66: 0.34562698 | AA66: 0.43717743 | AB66: 0.77142857 | AC66: 0.29651163 | AD66: 0.28358153 | AE66: 0.2545366 | AF66: 0.42481884 | AG66: 0.2 | AH66: 0.14 | AI66: 0.18 | AJ66: 0.25 | AK66: 0.7 | AL66: 1 | AM66: 1.037037 | AN66: 1 | AO66: 1 | AP66: 1.0769231 | AQ66: =AVERAGE(AL66,AO66) -> 1 | AR66: =AVERAGE(AM66) -> 1.037037 | AS66: =AVERAGE(AN66,AP66) -> 1.0384615 | AT66: {=_xlfn.IFS(AG66>sheet2!$C$2,1,AG66=sheet2!$C$2,0,AG66<sheet2!$C$2,-1)} -> 0 | AU66: {=_xlfn.IFS(AH66>sheet2!$D$2,1,AH66=sheet2!$D$2,0,AH66<sheet2!$D$2,-1)} -> 1 | AV66: {=_xlfn.IFS(AI66>sheet2!$E$2,1,AI66=sheet2!$E$2,0,AI66<sheet2!$E$2,-1)} -> 0 | AW66: {=_xlfn.IFS(AJ66>sheet2!$F$2,1,AJ66=sheet2!$F$2,0,AJ66<sheet2!$F$2,-1)} -> 0 | AX66: {=_xlfn.IFS(AK66>sheet2!$G$2,1,AK66=sheet2!$G$2,0,AK66<sheet2!$G$2,-1)} -> 1 | AY66: 0.30413806 | AZ66: 0.89014998 | BA66: 0.295131 | BB66: 0.017391813 | BC66: 0.92588316
A67: 9 | B67: 上海 | C67: 2017 | D67: 11382 | E67: 18388.376 | F67: 30632.99 | G67: =D67/F67 -> 0.3715602 | H67: =(G67-G66)/G66 -> -0.068665279 | I67: 0.25182548 | J67: =(I67-I66)/I66 -> 0.0073976348 | K67: =E67/F67 -> 0.60028016 | L67: =(K67-K66)/K66 -> -0.067184274 | M67: 0 | N67: 0 | O67: 0 | P67: 1 | Q67: 0.82522388 | R67: 0.48093842 | S67: 0.60962854 | T67: 2.7 | U67: 0.51 | V67: 0.35084746 | W67: 0.23809524 | X67: 0.36413043 | Y67: 0.27900418 | Z67: 0.34562698 | AA67: 0.43717743 | AB67: 0.77142857 | AC67: 0.29651163 | AD67: 0.28358153 | AE67: 0.2545366 | AF67: 0.42481884 | AG67: 0.2 | AH67: 0.14 | AI67: 0.18 | AJ67: 0.25 | AK67: 0.7 | AL67: 1 | AM67: 1.037037 | AN67: 1 | AO67: 1 | AP67: 1.0769231 | AQ67: =AVERAGE(AL67,AO67) -> 1 | AR67: =AVERAGE(AM67) -> 1.037037 | AS67: =AVERAGE(AN67,AP67) -> 1.0384615 | AT67: {=_xlfn.IFS(AG67>sheet2!$C$2,1,AG67=sheet2!$C$2,0,AG67<sheet2!$C$2,-1)} -> 0 | AU67: {=_xlfn.IFS(AH67>sheet2!$D$2,1,AH67=sheet2!$D$2,0,AH67<sheet2!$D$2,-1)} -> 1 | AV67: {=_xlfn.IFS(AI67>sheet2!$E$2,1,AI67=sheet2!$E$2,0,AI67<sheet2!$E$2,-1)} -> 0 | AW67: {=_xlfn.IFS(AJ67>sheet2!$F$2,1,AJ67=sheet2!$F$2,0,AJ67<sheet2!$F$2,-1)} -> 0 | AX67: {=_xlfn.IFS(AK67>sheet2!$G$2,1,AK67=sheet2!$G$2,0,AK67<sheet2!$G$2,-1)} -> 1 | AY67: 0.31096866 | AZ67: 0.89091646 | BA67: 0.29501136 | BB67: 0.017627901 | BC67: 0.88004696
A68: 9 | B68: 上海 | C68: 2018 | D68: 11454 | E68: 18892.219 | F68: 32679.87 | G68: =D68/F68 -> 0.35049099 | H68: =(G68-G67)/G67 -> -0.056704709 | I68: 0.26477959 | J68: =(I68-I67)/I67 -> 0.051440849 | K68: =E68/F68 -> 0.57809958 | L68: =(K68-K67)/K67 -> -0.036950392 | M68: 0 | N68: 0 | O68: 0 | P68: 1 | Q68: 0.82522388 | R68: 0.48093842 | S68: 0.60962854 | T68: 2.7 | U68: 0.51 | V68: 0.35084746 | W68: 0.23809524 | X68: 0.36413043 | Y68: 0.27900418 | Z68: 0.34562698 | AA68: 0.43717743 | AB68: 0.77142857 | AC68: 0.29651163 | AD68: 0.28358153 | AE68: 0.2545366 | AF68: 0.42481884 | AG68: 0.2 | AH68: 0.14 | AI68: 0.18 | AJ68: 0.25 | AK68: 0.7 | AL68: 1 | AM68: 1.037037 | AN68: 1 | AO68: 1 | AP68: 1.0769231 | AQ68: =AVERAGE(AL68,AO68) -> 1 | AR68: =AVERAGE(AM68) -> 1.037037 | AS68: =AVERAGE(AN68,AP68) -> 1.0384615 | AT68: {=_xlfn.IFS(AG68>sheet2!$C$2,1,AG68=sheet2!$C$2,0,AG68<sheet2!$C$2,-1)} -> 0 | AU68: {=_xlfn.IFS(AH68>sheet2!$D$2,1,AH68=sheet2!$D$2,0,AH68<sheet2!$D$2,-1)} -> 1 | AV68: {=_xlfn.IFS(AI68>sheet2!$E$2,1,AI68=sheet2!$E$2,0,AI68<sheet2!$E$2,-1)} -> 0 | AW68: {=_xlfn.IFS(AJ68>sheet2!$F$2,1,AJ68=sheet2!$F$2,0,AJ68<sheet2!$F$2,-1)} -> 0 | AX68: {=_xlfn.IFS(AK68>sheet2!$G$2,1,AK68=sheet2!$G$2,0,AK68<sheet2!$G$2,-1)} -> 1 | AY68: 0.3170392 | AZ68: 0.89131313 | BA68: 0.29608805 | BB68: 0.016979162 | BC68: 0.85111848
A69: 9 | B69: 上海 | C69: 2019 | D69: 11696 | E69: 19667.497 | F69: 38155.32 | G69: =D69/F69 -> 0.30653655 | H69: =(G69-G68)/G68 -> -0.1254082 | I69: 0.26525746 | J69: =(I69-I68)/I68 -> 0.0018047743 | K69: =E69/F69 -> 0.51545883 | L69: =(K69-K68)/K68 -> -0.10835633 | M69: 0 | N69: 0 | O69: 0 | P69: 1 | Q69: 0.82522388 | R69: 0.48093842 | S69: 0.60962854 | T69: 2.7 | U69: 0.51 | V69: 0.35084746 | W69: 0.23809524 | X69: 0.36413043 | Y69: 0.27900418 | Z69: 0.34562698 | AA69: 0.43717743 | AB69: 0.77142857 | AC69: 0.29651163 | AD69: 0.28358153 | AE69: 0.2545366 | AF69: 0.42481884 | AG69: 0.2 | AH69: 0.14 | AI69: 0.18 | AJ69: 0.25 | AK69: 0.7 | AL69: 1 | AM69: 1.037037 | AN69: 1 | AO69: 1 | AP69: 1.0769231 | AQ69: =AVERAGE(AL69,AO69) -> 1 | AR69: =AVERAGE(AM69) -> 1.037037 | AS69: =AVERAGE(AN69,AP69) -> 1.0384615 | AT69: {=_xlfn.IFS(AG69>sheet2!$C$2,1,AG69=sheet2!$C$2,0,AG69<sheet2!$C$2,-1)} -> 0 | AU69: {=_xlfn.IFS(AH69>sheet2!$D$2,1,AH69=sheet2!$D$2,0,AH69<sheet2!$D$2,-1)} -> 1 | AV69: {=_xlfn.IFS(AI69>sheet2!$E$2,1,AI69=sheet2!$E$2,0,AI69<sheet2!$E$2,-1)} -> 0 | AW69: {=_xlfn.IFS(AJ69>sheet2!$F$2,1,AJ69=sheet2!$F$2,0,AJ69<sheet2!$F$2,-1)} -> 0 | AX69: {=_xlfn.IFS(AK69>sheet2!$G$2,1,AK69=sheet2!$G$2,0,AK69<sheet2!$G$2,-1)} -> 1 | AY69: 0.27039742 | AZ69: 0.8923821 | BA69: 0.29680584 | BB69: 0.015480158 | BC69: 0.8760062
A70: 9 | B70: 上海 | C70: 2020 | D70: 11099.59 | E70: 19311.359 | F70: 38700.58 | G70: =D70/F70 -> 0.28680681 | H70: =(G70-G69)/G69 -> -0.064363396 | I70: 0.29025094 | J70: =(I70-I69)/I69 -> 0.094223469 | K70: =E70/F70 -> 0.49899404 | L70: =(K70-K69)/K69 -> -0.031942008 | M70: 0 | N70: 0 | O70: 0 | P70: 1 | Q70: 0.82522388 | R70: 0.48093842 | S70: 0.60962854 | T70: 2.7 | U70: 0.51 | V70: 0.35084746 | W70: 0.23809524 | X70: 0.36413043 | Y70: 0.27900418 | Z70: 0.34562698 | AA70: 0.43717743 | AB70: 0.77142857 | AC70: 0.29651163 | AD70: 0.28358153 | AE70: 0.2545366 | AF70: 0.42481884 | AG70: 0.2 | AH70: 0.14 | AI70: 0.18 | AJ70: 0.25 | AK70: 0.7 | AL70: 1 | AM70: 1.037037 | AN70: 1 | AO70: 1 | AP70: 1.0769231 | AQ70: =AVERAGE(AL70,AO70) -> 1 | AR70: =AVERAGE(AM70) -> 1.037037 | AS70: =AVERAGE(AN70,AP70) -> 1.0384615 | AT70: {=_xlfn.IFS(AG70>sheet2!$C$2,1,AG70=sheet2!$C$2,0,AG70<sheet2!$C$2,-1)} -> 0 | AU70: {=_xlfn.IFS(AH70>sheet2!$D$2,1,AH70=sheet2!$D$2,0,AH70<sheet2!$D$2,-1)} -> 1 | AV70: {=_xlfn.IFS(AI70>sheet2!$E$2,1,AI70=sheet2!$E$2,0,AI70<sheet2!$E$2,-1)} -> 0 | AW70: {=_xlfn.IFS(AJ70>sheet2!$F$2,1,AJ70=sheet2!$F$2,0,AJ70<sheet2!$F$2,-1)} -> 0 | AX70: {=_xlfn.IFS(AK70>sheet2!$G$2,1,AK70=sheet2!$G$2,0,AK70<sheet2!$G$2,-1)} -> 1 | AY70: 0.26761098 | AZ70: 0.89308682 | BA70: 0.29764326 | BB70: 0.016408248 | BC70: 0.86968703
A71: 9 | B71: 上海 | C71: 2021 | D71: 11683.02 | E71: 20270.967 | F71: 43214.85 | G71: =D71/F71 -> 0.27034735 | H71: =(G71-G70)/G70 -> -0.057388689 | I71: 0.30770891 | J71: =(I71-I70)/I70 -> 0.060147875 | K71: =E71/F71 -> 0.4690741 | L71: =(K71-K70)/K70 -> -0.059960519 | M71: 0 | N71: 0 | O71: 0 | P71: 1 | Q71: 0.82522388 | R71: 0.48093842 | S71: 0.60962854 | T71: 2.7 | U71: 0.51 | V71: 0.35084746 | W71: 0.23809524 | X71: 0.36413043 | Y71: 0.27900418 | Z71: 0.34562698 | AA71: 0.43717743 | AB71: 0.77142857 | AC71: 0.29651163 | AD71: 0.28358153 | AE71: 0.2545366 | AF71: 0.42481884 | AG71: 0.2 | AH71: 0.14 | AI71: 0.18 | AJ71: 0.25 | AK71: 0.7 | AL71: 1 | AM71: 1.037037 | AN71: 1 | AO71: 1 | AP71: 1.0769231 | AQ71: =AVERAGE(AL71,AO71) -> 1 | AR71: =AVERAGE(AM71) -> 1.037037 | AS71: =AVERAGE(AN71,AP71) -> 1.0384615 | AT71: {=_xlfn.IFS(AG71>sheet2!$C$2,1,AG71=sheet2!$C$2,0,AG71<sheet2!$C$2,-1)} -> 0 | AU71: {=_xlfn.IFS(AH71>sheet2!$D$2,1,AH71=sheet2!$D$2,0,AH71<sheet2!$D$2,-1)} -> 1 | AV71: {=_xlfn.IFS(AI71>sheet2!$E$2,1,AI71=sheet2!$E$2,0,AI71<sheet2!$E$2,-1)} -> 0 | AW71: {=_xlfn.IFS(AJ71>sheet2!$F$2,1,AJ71=sheet2!$F$2,0,AJ71<sheet2!$F$2,-1)} -> 0 | AX71: {=_xlfn.IFS(AK71>sheet2!$G$2,1,AK71=sheet2!$G$2,0,AK71<sheet2!$G$2,-1)} -> 1 | AY71: 0.26438597 | AZ71: 0.89312977 | BA71: 0.29776289 | BB71: 0.016159475 | BC71: 0.92182767
A72: 9 | B72: 上海 | C72: 2022 | D72: 10951.01 | E72: 19610.124 | F72: 44652.8 | G72: =D72/F72 -> 0.245248 | H72: =(G72-G71)/G71 -> -0.092841095 | I72: 0.33139146 | J72: =(I72-I71)/I71 -> 0.07696411 | K72: =E72/F72 -> 0.43916898 | L72: =(K72-K71)/K71 -> -0.063753515 | M72: 1 | N72: 1 | O72: 0 | P72: 1 | Q72: 0.82522388 | R72: 0.48093842 | S72: 0.60962854 | T72: 2.7 | U72: 0.51 | V72: 0.35084746 | W72: 0.23809524 | X72: 0.36413043 | Y72: 0.27900418 | Z72: 0.34562698 | AA72: 0.43717743 | AB72: 0.77142857 | AC72: 0.29651163 | AD72: 0.28358153 | AE72: 0.2545366 | AF72: 0.42481884 | AG72: 0.2 | AH72: 0.14 | AI72: 0.18 | AJ72: 0.25 | AK72: 0.7 | AL72: 1 | AM72: 1.037037 | AN72: 1 | AO72: 1 | AP72: 1.0769231 | AQ72: =AVERAGE(AL72,AO72) -> 1 | AR72: =AVERAGE(AM72) -> 1.037037 | AS72: =AVERAGE(AN72,AP72) -> 1.0384615 | AT72: {=_xlfn.IFS(AG72>sheet2!$C$2,1,AG72=sheet2!$C$2,0,AG72<sheet2!$C$2,-1)} -> 0 | AU72: {=_xlfn.IFS(AH72>sheet2!$D$2,1,AH72=sheet2!$D$2,0,AH72<sheet2!$D$2,-1)} -> 1 | AV72: {=_xlfn.IFS(AI72>sheet2!$E$2,1,AI72=sheet2!$E$2,0,AI72<sheet2!$E$2,-1)} -> 0 | AW72: {=_xlfn.IFS(AJ72>sheet2!$F$2,1,AJ72=sheet2!$F$2,0,AJ72<sheet2!$F$2,-1)} -> 0 | AX72: {=_xlfn.IFS(AK72>sheet2!$G$2,1,AK72=sheet2!$G$2,0,AK72<sheet2!$G$2,-1)} -> 1 | AY72: 0.25499857 | AZ72: 0.89333333 | BA72: 0.29608805 | BB72: 0.017154447 | BC72: 0.80996487
A73: 9 | B73: 上海 | C73: 2023 | D73: 11793.23 | E73: 20527.074 | F73: 47218.66 | G73: =D73/F73 -> 0.24975783 | H73: =(G73-G72)/G72 -> 0.018388841 | K73: =E73/F73 -> 0.43472378 | L73: =(K73-K72)/K72 -> -0.01012184 | M73: 1 | N73: 1 | O73: 1 | P73: 1 | Q73: 0.82522388 | R73: 0.48093842 | S73: 0.60962854 | T73: 2.7 | U73: 0.51 | V73: 0.35084746 | W73: 0.23809524 | X73: 0.36413043 | Y73: 0.27900418 | Z73: 0.34562698 | AA73: 0.43717743 | AB73: 0.77142857 | AC73: 0.29651163 | AD73: 0.28358153 | AE73: 0.2545366 | AF73: 0.42481884 | AG73: 0.2 | AH73: 0.14 | AI73: 0.18 | AJ73: 0.25 | AK73: 0.7 | AL73: 1 | AM73: 1.037037 | AN73: 1 | AO73: 1 | AP73: 1.0769231 | AQ73: =AVERAGE(AL73,AO73) -> 1 | AR73: =AVERAGE(AM73) -> 1.037037 | AS73: =AVERAGE(AN73,AP73) -> 1.0384615 | AT73: {=_xlfn.IFS(AG73>sheet2!$C$2,1,AG73=sheet2!$C$2,0,AG73<sheet2!$C$2,-1)} -> 0 | AU73: {=_xlfn.IFS(AH73>sheet2!$D$2,1,AH73=sheet2!$D$2,0,AH73<sheet2!$D$2,-1)} -> 1 | AV73: {=_xlfn.IFS(AI73>sheet2!$E$2,1,AI73=sheet2!$E$2,0,AI73<sheet2!$E$2,-1)} -> 0 | AW73: {=_xlfn.IFS(AJ73>sheet2!$F$2,1,AJ73=sheet2!$F$2,0,AJ73<sheet2!$F$2,-1)} -> 0 | AX73: {=_xlfn.IFS(AK73>sheet2!$G$2,1,AK73=sheet2!$G$2,0,AK73<sheet2!$G$2,-1)} -> 1 | AY73: 0.24445632 | AZ73: 0.89465219 | BA73: 0.29752363 | BB73: 0.017176125 | BC73: 0.86242583
A74: 10 | B74: 江苏 | C74: 2016 | D74: 31210 | E74: 83068.98 | F74: 77388.28 | G74: =D74/F74 -> 0.40329104 | I74: 0.40424065 | K74: =E74/F74 -> 1.0734052 | M74: 0 | N74: 0 | O74: 0 | P74: 1 | Q74: 0.79737596 | R74: 0.68768328 | S74: 0.646556 | T74: 0.2 | U74: 0.08 | V74: 0.48442907 | W74: 0.34943182 | X74: 0.022222222 | Y74: 0.16412442 | Z74: 0.49420443 | AA74: 0.46365888 | AB74: 0.057142857 | AC74: 0.046511628 | AD74: 0.39155232 | AE74: 0.37356138 | AF74: 0.025925926 | AG74: 0.18 | AH74: 0.14 | AI74: 0.18 | AJ74: 0.25 | AK74: 0.65 | AL74: 0.9 | AM74: 1.037037 | AN74: 1 | AO74: 1 | AP74: 1 | AQ74: =AVERAGE(AL74,AO74) -> 0.95 | AR74: =AVERAGE(AM74) -> 1.037037 | AS74: =AVERAGE(AN74,AP74) -> 1 | AT74: {=_xlfn.IFS(AG74>sheet2!$C$2,1,AG74=sheet2!$C$2,0,AG74<sheet2!$C$2,-1)} -> -1 | AU74: {=_xlfn.IFS(AH74>sheet2!$D$2,1,AH74=sheet2!$D$2,0,AH74<sheet2!$D$2,-1)} -> 1 | AV74: {=_xlfn.IFS(AI74>sheet2!$E$2,1,AI74=sheet2!$E$2,0,AI74<sheet2!$E$2,-1)} -> 0 | AW74: {=_xlfn.IFS(AJ74>sheet2!$F$2,1,AJ74=sheet2!$F$2,0,AJ74<sheet2!$F$2,-1)} -> 0 | AX74: {=_xlfn.IFS(AK74>sheet2!$G$2,1,AK74=sheet2!$G$2,0,AK74<sheet2!$G$2,-1)} -> 0 | AY74: 0.45280112 | AZ74: 0.68929722 | BA74: 0.078621013 | BB74: 0.021418512 | BC74: 0.81359072
A75: 10 | B75: 江苏 | C75: 2017 | D75: 31602 | E75: 84851.16 | F75: 85869.76 | G75: =D75/F75 -> 0.36802246 | H75: =(G75-G74)/G74 -> -0.087451942 | I75: 0.42396247 | J75: =(I75-I74)/I74 -> 0.048787305 | K75: =E75/F75 -> 0.98813785 | L75: =(K75-K74)/K74 -> -0.079436284 | M75: 0 | N75: 0 | O75: 0 | P75: 1 | Q75: 0.79737596 | R75: 0.68768328 | S75: 0.646556 | T75: 0.2 | U75: 0.08 | V75: 0.48442907 | W75: 0.34943182 | X75: 0.022222222 | Y75: 0.16412442 | Z75: 0.49420443 | AA75: 0.46365888 | AB75: 0.057142857 | AC75: 0.046511628 | AD75: 0.39155232 | AE75: 0.37356138 | AF75: 0.025925926 | AG75: 0.18 | AH75: 0.14 | AI75: 0.18 | AJ75: 0.25 | AK75: 0.65 | AL75: 0.9 | AM75: 1.037037 | AN75: 1 | AO75: 1 | AP75: 1 | AQ75: =AVERAGE(AL75,AO75) -> 0.95 | AR75: =AVERAGE(AM75) -> 1.037037 | AS75: =AVERAGE(AN75,AP75) -> 1 | AT75: {=_xlfn.IFS(AG75>sheet2!$C$2,1,AG75=sheet2!$C$2,0,AG75<sheet2!$C$2,-1)} -> -1 | AU75: {=_xlfn.IFS(AH75>sheet2!$D$2,1,AH75=sheet2!$D$2,0,AH75<sheet2!$D$2,-1)} -> 1 | AV75: {=_xlfn.IFS(AI75>sheet2!$E$2,1,AI75=sheet2!$E$2,0,AI75<sheet2!$E$2,-1)} -> 0 | AW75: {=_xlfn.IFS(AJ75>sheet2!$F$2,1,AJ75=sheet2!$F$2,0,AJ75<sheet2!$F$2,-1)} -> 0 | AX75: {=_xlfn.IFS(AK75>sheet2!$G$2,1,AK75=sheet2!$G$2,0,AK75<sheet2!$G$2,-1)} -> 0 | AY75: 0.4556214 | AZ75: 0.70176897 | BA75: 0.079015009 | BB75: 0.021356566 | BC75: 0.76937265
A76: 10 | B76: 江苏 | C76: 2018 | D76: 31635 | E76: 88421.552 | F76: 92595.4 | G76: =D76/F76 -> 0.34164764 | H76: =(G76-G75)/G75 -> -0.07166632 | I76: 0.43842734 | J76: =(I76-I75)/I75 -> 0.034118289 | K76: =E76/F76 -> 0.95492381 | L76: =(K76-K75)/K75 -> -0.033612761 | M76: 0 | N76: 0 | O76: 0 | P76: 1 | Q76: 0.79737596 | R76: 0.68768328 | S76: 0.646556 | T76: 0.2 | U76: 0.08 | V76: 0.48442907 | W76: 0.34943182 | X76: 0.022222222 | Y76: 0.16412442 | Z76: 0.49420443 | AA76: 0.46365888 | AB76: 0.057142857 | AC76: 0.046511628 | AD76: 0.39155232 | AE76: 0.37356138 | AF76: 0.025925926 | AG76: 0.18 | AH76: 0.14 | AI76: 0.18 | AJ76: 0.25 | AK76: 0.65 | AL76: 0.9 | AM76: 1.037037 | AN76: 1 | AO76: 1 | AP76: 1 | AQ76: =AVERAGE(AL76,AO76) -> 0.95 | AR76: =AVERAGE(AM76) -> 1.037037 | AS76: =AVERAGE(AN76,AP76) -> 1 | AT76: {=_xlfn.IFS(AG76>sheet2!$C$2,1,AG76=sheet2!$C$2,0,AG76<sheet2!$C$2,-1)} -> -1 | AU76: {=_xlfn.IFS(AH76>sheet2!$D$2,1,AH76=sheet2!$D$2,0,AH76<sheet2!$D$2,-1)} -> 1 | AV76: {=_xlfn.IFS(AI76>sheet2!$E$2,1,AI76=sheet2!$E$2,0,AI76<sheet2!$E$2,-1)} -> 0 | AW76: {=_xlfn.IFS(AJ76>sheet2!$F$2,1,AJ76=sheet2!$F$2,0,AJ76<sheet2!$F$2,-1)} -> 0 | AX76: {=_xlfn.IFS(AK76>sheet2!$G$2,1,AK76=sheet2!$G$2,0,AK76<sheet2!$G$2,-1)} -> 0 | AY76: 0.45498372 | AZ76: 0.71193464 | BA76: 0.079230769 | BB76: 0.021864148 | BC76: 0.7403192
A77: 10 | B77: 江苏 | C77: 2019 | D77: 32526 | E77: 90386.891 | F77: 99631.52 | G77: =D77/F77 -> 0.32646295 | H77: =(G77-G76)/G76 -> -0.044445472 | I77: 0.42680062 | J77: =(I77-I76)/I76 -> -0.026519153 | K77: =E77/F77 -> 0.9072118 | L77: =(K77-K76)/K76 -> -0.049964208 | M77: 0 | N77: 0 | O77: 0 | P77: 1 | Q77: 0.79737596 | R77: 0.68768328 | S77: 0.646556 | T77: 0.2 | U77: 0.08 | V77: 0.48442907 | W77: 0.34943182 | X77: 0.022222222 | Y77: 0.16412442 | Z77: 0.49420443 | AA77: 0.46365888 | AB77: 0.057142857 | AC77: 0.046511628 | AD77: 0.39155232 | AE77: 0.37356138 | AF77: 0.025925926 | AG77: 0.18 | AH77: 0.14 | AI77: 0.18 | AJ77: 0.25 | AK77: 0.65 | AL77: 0.9 | AM77: 1.037037 | AN77: 1 | AO77: 1 | AP77: 1 | AQ77: =AVERAGE(AL77,AO77) -> 0.95 | AR77: =AVERAGE(AM77) -> 1.037037 | AS77: =AVERAGE(AN77,AP77) -> 1 | AT77: {=_xlfn.IFS(AG77>sheet2!$C$2,1,AG77=sheet2!$C$2,0,AG77<sheet2!$C$2,-1)} -> -1 | AU77: {=_xlfn.IFS(AH77>sheet2!$D$2,1,AH77=sheet2!$D$2,0,AH77<sheet2!$D$2,-1)} -> 1 | AV77: {=_xlfn.IFS(AI77>sheet2!$E$2,1,AI77=sheet2!$E$2,0,AI77<sheet2!$E$2,-1)} -> 0 | AW77: {=_xlfn.IFS(AJ77>sheet2!$F$2,1,AJ77=sheet2!$F$2,0,AJ77<sheet2!$F$2,-1)} -> 0 | AX77: {=_xlfn.IFS(AK77>sheet2!$G$2,1,AK77=sheet2!$G$2,0,AK77<sheet2!$G$2,-1)} -> 0 | AY77: 0.44445172 | AZ77: 0.72464281 | BA77: 0.079446529 | BB77: 0.022143174 | BC77: 0.70006959
A78: 10 | B78: 江苏 | C78: 2020 | D78: 32672.49 | E78: 89496.326 | F78: 102718.98 | G78: =D78/F78 -> 0.31807646 | H78: =(G78-G77)/G77 -> -0.025688937 | I78: 0.43433057 | J78: =(I78-I77)/I77 -> 0.017642781 | K78: =E78/F78 -> 0.87127351 | L78: =(K78-K77)/K77 -> -0.039614002 | M78: 0 | N78: 0 | O78: 0 | P78: 1 | Q78: 0.79737596 | R78: 0.68768328 | S78: 0.646556 | T78: 0.2 | U78: 0.08 | V78: 0.48442907 | W78: 0.34943182 | X78: 0.022222222 | Y78: 0.16412442 | Z78: 0.49420443 | AA78: 0.46365888 | AB78: 0.057142857 | AC78: 0.046511628 | AD78: 0.39155232 | AE78: 0.37356138 | AF78: 0.025925926 | AG78: 0.18 | AH78: 0.14 | AI78: 0.18 | AJ78: 0.25 | AK78: 0.65 | AL78: 0.9 | AM78: 1.037037 | AN78: 1 | AO78: 1 | AP78: 1 | AQ78: =AVERAGE(AL78,AO78) -> 0.95 | AR78: =AVERAGE(AM78) -> 1.037037 | AS78: =AVERAGE(AN78,AP78) -> 1 | AT78: {=_xlfn.IFS(AG78>sheet2!$C$2,1,AG78=sheet2!$C$2,0,AG78<sheet2!$C$2,-1)} -> -1 | AU78: {=_xlfn.IFS(AH78>sheet2!$D$2,1,AH78=sheet2!$D$2,0,AH78<sheet2!$D$2,-1)} -> 1 | AV78: {=_xlfn.IFS(AI78>sheet2!$E$2,1,AI78=sheet2!$E$2,0,AI78<sheet2!$E$2,-1)} -> 0 | AW78: {=_xlfn.IFS(AJ78>sheet2!$F$2,1,AJ78=sheet2!$F$2,0,AJ78<sheet2!$F$2,-1)} -> 0 | AX78: {=_xlfn.IFS(AK78>sheet2!$G$2,1,AK78=sheet2!$G$2,0,AK78<sheet2!$G$2,-1)} -> 0 | AY78: 0.44189886 | AZ78: 0.73445795 | BA78: 0.079521576 | BB78: 0.02318645 | BC78: 0.66213185
A79: 10 | B79: 江苏 | C79: 2021 | D79: 34679.94 | E79: 93636.788 | F79: 116364.2 | G79: =D79/F79 -> 0.29802929 | H79: =(G79-G78)/G78 -> -0.063026272 | I79: 0.45690354 | J79: =(I79-I78)/I78 -> 0.051971862 | K79: =E79/F79 -> 0.80468725 | L79: =(K79-K78)/K78 -> -0.076424064 | M79: 0 | N79: 0 | O79: 0 | P79: 1 | Q79: 0.79737596 | R79: 0.68768328 | S79: 0.646556 | T79: 0.2 | U79: 0.08 | V79: 0.48442907 | W79: 0.34943182 | X79: 0.022222222 | Y79: 0.16412442 | Z79: 0.49420443 | AA79: 0.46365888 | AB79: 0.057142857 | AC79: 0.046511628 | AD79: 0.39155232 | AE79: 0.37356138 | AF79: 0.025925926 | AG79: 0.18 | AH79: 0.14 | AI79: 0.18 | AJ79: 0.25 | AK79: 0.65 | AL79: 0.9 | AM79: 1.037037 | AN79: 1 | AO79: 1 | AP79: 1 | AQ79: =AVERAGE(AL79,AO79) -> 0.95 | AR79: =AVERAGE(AM79) -> 1.037037 | AS79: =AVERAGE(AN79,AP79) -> 1 | AT79: {=_xlfn.IFS(AG79>sheet2!$C$2,1,AG79=sheet2!$C$2,0,AG79<sheet2!$C$2,-1)} -> -1 | AU79: {=_xlfn.IFS(AH79>sheet2!$D$2,1,AH79=sheet2!$D$2,0,AH79<sheet2!$D$2,-1)} -> 1 | AV79: {=_xlfn.IFS(AI79>sheet2!$E$2,1,AI79=sheet2!$E$2,0,AI79<sheet2!$E$2,-1)} -> 0 | AW79: {=_xlfn.IFS(AJ79>sheet2!$F$2,1,AJ79=sheet2!$F$2,0,AJ79<sheet2!$F$2,-1)} -> 0 | AX79: {=_xlfn.IFS(AK79>sheet2!$G$2,1,AK79=sheet2!$G$2,0,AK79<sheet2!$G$2,-1)} -> 0 | AY79: 0.4604148 | AZ79: 0.73944738 | BA79: 0.07978424 | BB79: 0.023345942 | BC79: 0.68666311
A80: 10 | B80: 江苏 | C80: 2022 | D80: 35823.95 | E80: 91914.978 | F80: 122875.6 | G80: =D80/F80 -> 0.29154649 | H80: =(G80-G79)/G79 -> -0.021752224 | I80: 0.46599507 | J80: =(I80-I79)/I79 -> 0.019898152 | K80: =E80/F80 -> 0.74803279 | L80: =(K80-K79)/K79 -> -0.070405558 | M80: 1 | N80: 1 | O80: 0 | P80: 1 | Q80: 0.79737596 | R80: 0.68768328 | S80: 0.646556 | T80: 0.2 | U80: 0.08 | V80: 0.48442907 | W80: 0.34943182 | X80: 0.022222222 | Y80: 0.16412442 | Z80: 0.49420443 | AA80: 0.46365888 | AB80: 0.057142857 | AC80: 0.046511628 | AD80: 0.39155232 | AE80: 0.37356138 | AF80: 0.025925926 | AG80: 0.18 | AH80: 0.14 | AI80: 0.18 | AJ80: 0.25 | AK80: 0.65 | AL80: 0.9 | AM80: 1.037037 | AN80: 1 | AO80: 1 | AP80: 1 | AQ80: =AVERAGE(AL80,AO80) -> 0.95 | AR80: =AVERAGE(AM80) -> 1.037037 | AS80: =AVERAGE(AN80,AP80) -> 1 | AT80: {=_xlfn.IFS(AG80>sheet2!$C$2,1,AG80=sheet2!$C$2,0,AG80<sheet2!$C$2,-1)} -> -1 | AU80: {=_xlfn.IFS(AH80>sheet2!$D$2,1,AH80=sheet2!$D$2,0,AH80<sheet2!$D$2,-1)} -> 1 | AV80: {=_xlfn.IFS(AI80>sheet2!$E$2,1,AI80=sheet2!$E$2,0,AI80<sheet2!$E$2,-1)} -> 0 | AW80: {=_xlfn.IFS(AJ80>sheet2!$F$2,1,AJ80=sheet2!$F$2,0,AJ80<sheet2!$F$2,-1)} -> 0 | AX80: {=_xlfn.IFS(AK80>sheet2!$G$2,1,AK80=sheet2!$G$2,0,AK80<sheet2!$G$2,-1)} -> 0 | AY80: 0.45040187 | AZ80: 0.74421609 | BA80: 0.079878049 | BB80: 0.024363481 | BC80: 0.62134421
A81: 10 | B81: 江苏 | C81: 2023 | D81: 40136.678 | E81: 96366.585 | F81: 128222.16 | G81: =D81/F81 -> 0.3130245 | H81: =(G81-G80)/G80 -> 0.073669256 | K81: =E81/F81 -> 0.75155952 | L81: =(K81-K80)/K80 -> 0.0047146698 | M81: 1 | N81: 1 | O81: 1 | P81: 1 | Q81: 0.79737596 | R81: 0.68768328 | S81: 0.646556 | T81: 0.2 | U81: 0.08 | V81: 0.48442907 | W81: 0.34943182 | X81: 0.022222222 | Y81: 0.16412442 | Z81: 0.49420443 | AA81: 0.46365888 | AB81: 0.057142857 | AC81: 0.046511628 | AD81: 0.39155232 | AE81: 0.37356138 | AF81: 0.025925926 | AG81: 0.18 | AH81: 0.14 | AI81: 0.18 | AJ81: 0.25 | AK81: 0.65 | AL81: 0.9 | AM81: 1.037037 | AN81: 1 | AO81: 1 | AP81: 1 | AQ81: =AVERAGE(AL81,AO81) -> 0.95 | AR81: =AVERAGE(AM81) -> 1.037037 | AS81: =AVERAGE(AN81,AP81) -> 1 | AT81: {=_xlfn.IFS(AG81>sheet2!$C$2,1,AG81=sheet2!$C$2,0,AG81<sheet2!$C$2,-1)} -> -1 | AU81: {=_xlfn.IFS(AH81>sheet2!$D$2,1,AH81=sheet2!$D$2,0,AH81<sheet2!$D$2,-1)} -> 1 | AV81: {=_xlfn.IFS(AI81>sheet2!$E$2,1,AI81=sheet2!$E$2,0,AI81<sheet2!$E$2,-1)} -> 0 | AW81: {=_xlfn.IFS(AJ81>sheet2!$F$2,1,AJ81=sheet2!$F$2,0,AJ81<sheet2!$F$2,-1)} -> 0 | AX81: {=_xlfn.IFS(AK81>sheet2!$G$2,1,AK81=sheet2!$G$2,0,AK81<sheet2!$G$2,-1)} -> 0 | AY81: 0.44711304 | AZ81: 0.75041051 | BA81: 0.079981238 | BB81: 0.025749788 | BC81: 0.65148915
A82: 11 | B82: 浙江 | C82: 2016 | D82: 20276 | E82: 38867.234 | F82: 47251.36 | G82: =D82/F82 -> 0.42910934 | I82: 0.4698028 | K82: =E82/F82 -> 0.82256328 | M82: 0 | N82: 0 | O82: 0 | P82: 0 | Q82: 1 | R82: 0 | S82: 0 | T82: 0 | U82: 0 | V82: 0 | W82: 0 | X82: 0 | Y82: 1 | Z82: 0 | AA82: 0 | AB82: 0 | AC82: 0 | AD82: 0 | AE82: 0 | AF82: 0 | AG82: 0.2 | AH82: 0.135 | AI82: 0.18 | AJ82: 0.25 | AK82: 0.65 | AL82: 1 | AM82: 1 | AN82: 1 | AO82: 1 | AP82: 1 | AQ82: =AVERAGE(AL82,AO82) -> 1 | AR82: =AVERAGE(AM82) -> 1 | AS82: =AVERAGE(AN82,AP82) -> 1 | AT82: {=_xlfn.IFS(AG82>sheet2!$C$2,1,AG82=sheet2!$C$2,0,AG82<sheet2!$C$2,-1)} -> 0 | AU82: {=_xlfn.IFS(AH82>sheet2!$D$2,1,AH82=sheet2!$D$2,0,AH82<sheet2!$D$2,-1)} -> 0 | AV82: {=_xlfn.IFS(AI82>sheet2!$E$2,1,AI82=sheet2!$E$2,0,AI82<sheet2!$E$2,-1)} -> 0 | AW82: {=_xlfn.IFS(AJ82>sheet2!$F$2,1,AJ82=sheet2!$F$2,0,AJ82<sheet2!$F$2,-1)} -> 0 | AX82: {=_xlfn.IFS(AK82>sheet2!$G$2,1,AK82=sheet2!$G$2,0,AK82<sheet2!$G$2,-1)} -> 0 | AY82: 0.45652019 | AZ82: 0.67720685 | BA82: 0.057551229 | BB82: 0.019804461 | BC82: 0.76022116
A83: 11 | B83: 浙江 | C83: 2017 | D83: 21030 | E83: 39259.971 | F83: 51768.26 | G83: =D83/F83 -> 0.40623347 | H83: =(G83-G82)/G82 -> -0.053310119 | I83: 0.49649228 | J83: =(I83-I82)/I82 -> 0.056809968 | K83: =E83/F83 -> 0.75837918 | L83: =(K83-K82)/K82 -> -0.078029377 | M83: 0 | N83: 0 | O83: 0 | P83: 0 | Q83: 1 | R83: 0 | S83: 0 | T83: 0 | U83: 0 | V83: 0 | W83: 0 | X83: 0 | Y83: 1 | Z83: 0 | AA83: 0 | AB83: 0 | AC83: 0 | AD83: 0 | AE83: 0 | AF83: 0 | AG83: 0.2 | AH83: 0.135 | AI83: 0.18 | AJ83: 0.25 | AK83: 0.65 | AL83: 1 | AM83: 1 | AN83: 1 | AO83: 1 | AP83: 1 | AQ83: =AVERAGE(AL83,AO83) -> 1 | AR83: =AVERAGE(AM83) -> 1 | AS83: =AVERAGE(AN83,AP83) -> 1 | AT83: {=_xlfn.IFS(AG83>sheet2!$C$2,1,AG83=sheet2!$C$2,0,AG83<sheet2!$C$2,-1)} -> 0 | AU83: {=_xlfn.IFS(AH83>sheet2!$D$2,1,AH83=sheet2!$D$2,0,AH83<sheet2!$D$2,-1)} -> 0 | AV83: {=_xlfn.IFS(AI83>sheet2!$E$2,1,AI83=sheet2!$E$2,0,AI83<sheet2!$E$2,-1)} -> 0 | AW83: {=_xlfn.IFS(AJ83>sheet2!$F$2,1,AJ83=sheet2!$F$2,0,AJ83<sheet2!$F$2,-1)} -> 0 | AX83: {=_xlfn.IFS(AK83>sheet2!$G$2,1,AK83=sheet2!$G$2,0,AK83<sheet2!$G$2,-1)} -> 0 | AY83: 0.44905315 | AZ83: 0.689141 | BA83: 0.058480086 | BB83: 0.019899156 | BC83: 0.77080124
A84: 11 | B84: 浙江 | C84: 2018 | D84: 21675 | E84: 40391.462 | F84: 56197.15 | G84: =D84/F84 -> 0.38569572 | H84: =(G84-G83)/G83 -> -0.050556533 | I84: 0.52633808 | J84: =(I84-I83)/I83 -> 0.060113315 | K84: =E84/F84 -> 0.71874573 | L84: =(K84-K83)/K83 -> -0.052260727 | M84: 0 | N84: 0 | O84: 0 | P84: 0 | Q84: 1 | R84: 0 | S84: 0 | T84: 0 | U84: 0 | V84: 0 | W84: 0 | X84: 0 | Y84: 1 | Z84: 0 | AA84: 0 | AB84: 0 | AC84: 0 | AD84: 0 | AE84: 0 | AF84: 0 | AG84: 0.2 | AH84: 0.135 | AI84: 0.18 | AJ84: 0.25 | AK84: 0.65 | AL84: 1 | AM84: 1 | AN84: 1 | AO84: 1 | AP84: 1 | AQ84: =AVERAGE(AL84,AO84) -> 1 | AR84: =AVERAGE(AM84) -> 1 | AS84: =AVERAGE(AN84,AP84) -> 1 | AT84: {=_xlfn.IFS(AG84>sheet2!$C$2,1,AG84=sheet2!$C$2,0,AG84<sheet2!$C$2,-1)} -> 0 | AU84: {=_xlfn.IFS(AH84>sheet2!$D$2,1,AH84=sheet2!$D$2,0,AH84<sheet2!$D$2,-1)} -> 0 | AV84: {=_xlfn.IFS(AI84>sheet2!$E$2,1,AI84=sheet2!$E$2,0,AI84<sheet2!$E$2,-1)} -> 0 | AW84: {=_xlfn.IFS(AJ84>sheet2!$F$2,1,AJ84=sheet2!$F$2,0,AJ84<sheet2!$F$2,-1)} -> 0 | AX84: {=_xlfn.IFS(AK84>sheet2!$G$2,1,AK84=sheet2!$G$2,0,AK84<sheet2!$G$2,-1)} -> 0 | AY84: 0.4503449 | AZ84: 0.70014347 | BA84: 0.059456334 | BB84: 0.020417265 | BC84: 0.76460827
A85: 11 | B85: 浙江 | C85: 2019 | D85: 22393 | E85: 40407.992 | F85: 62351.74 | G85: =D85/F85 -> 0.35913994 | H85: =(G85-G84)/G84 -> -0.068851629 | I85: 0.53464441 | J85: =(I85-I84)/I84 -> 0.015781363 | K85: =E85/F85 -> 0.64806519 | L85: =(K85-K84)/K84 -> -0.098338731 | M85: 0 | N85: 0 | O85: 0 | P85: 0 | Q85: 1 | R85: 0 | S85: 0 | T85: 0 | U85: 0 | V85: 0 | W85: 0 | X85: 0 | Y85: 1 | Z85: 0 | AA85: 0 | AB85: 0 | AC85: 0 | AD85: 0 | AE85: 0 | AF85: 0 | AG85: 0.2 | AH85: 0.135 | AI85: 0.18 | AJ85: 0.25 | AK85: 0.65 | AL85: 1 | AM85: 1 | AN85: 1 | AO85: 1 | AP85: 1 | AQ85: =AVERAGE(AL85,AO85) -> 1 | AR85: =AVERAGE(AM85) -> 1 | AS85: =AVERAGE(AN85,AP85) -> 1 | AT85: {=_xlfn.IFS(AG85>sheet2!$C$2,1,AG85=sheet2!$C$2,0,AG85<sheet2!$C$2,-1)} -> 0 | AU85: {=_xlfn.IFS(AH85>sheet2!$D$2,1,AH85=sheet2!$D$2,0,AH85<sheet2!$D$2,-1)} -> 0 | AV85: {=_xlfn.IFS(AI85>sheet2!$E$2,1,AI85=sheet2!$E$2,0,AI85<sheet2!$E$2,-1)} -> 0 | AW85: {=_xlfn.IFS(AJ85>sheet2!$F$2,1,AJ85=sheet2!$F$2,0,AJ85<sheet2!$F$2,-1)} -> 0 | AX85: {=_xlfn.IFS(AK85>sheet2!$G$2,1,AK85=sheet2!$G$2,0,AK85<sheet2!$G$2,-1)} -> 0 | AY85: 0.42730644 | AZ85: 0.71576471 | BA85: 0.060423104 | BB85: 0.020436094 | BC85: 0.70113986
A86: 11 | B86: 浙江 | C86: 2020 | D86: 24660 | E86: 40702.234 | F86: 64613.34 | G86: =D86/F86 -> 0.38165493 | H86: =(G86-G85)/G85 -> 0.06269143 | I86: 0.4836412 | J86: =(I86-I85)/I85 -> -0.095396509 | K86: =E86/F86 -> 0.62993545 | L86: =(K86-K85)/K85 -> -0.027975177 | M86: 0 | N86: 0 | O86: 0 | P86: 0 | Q86: 1 | R86: 0 | S86: 0 | T86: 0 | U86: 0 | V86: 0 | W86: 0 | X86: 0 | Y86: 1 | Z86: 0 | AA86: 0 | AB86: 0 | AC86: 0 | AD86: 0 | AE86: 0 | AF86: 0 | AG86: 0.2 | AH86: 0.135 | AI86: 0.18 | AJ86: 0.25 | AK86: 0.65 | AL86: 1 | AM86: 1 | AN86: 1 | AO86: 1 | AP86: 1 | AQ86: =AVERAGE(AL86,AO86) -> 1 | AR86: =AVERAGE(AM86) -> 1 | AS86: =AVERAGE(AN86,AP86) -> 1 | AT86: {=_xlfn.IFS(AG86>sheet2!$C$2,1,AG86=sheet2!$C$2,0,AG86<sheet2!$C$2,-1)} -> 0 | AU86: {=_xlfn.IFS(AH86>sheet2!$D$2,1,AH86=sheet2!$D$2,0,AH86<sheet2!$D$2,-1)} -> 0 | AV86: {=_xlfn.IFS(AI86>sheet2!$E$2,1,AI86=sheet2!$E$2,0,AI86<sheet2!$E$2,-1)} -> 0 | AW86: {=_xlfn.IFS(AJ86>sheet2!$F$2,1,AJ86=sheet2!$F$2,0,AJ86<sheet2!$F$2,-1)} -> 0 | AX86: {=_xlfn.IFS(AK86>sheet2!$G$2,1,AK86=sheet2!$G$2,0,AK86<sheet2!$G$2,-1)} -> 0 | AY86: 0.4122709 | AZ86: 0.72170686 | BA86: 0.06130457 | BB86: 0.021603879 | BC86: 0.71892807
A87: 11 | B87: 浙江 | C87: 2021 | D87: 26623.7 | E87: 42584.715 | F87: 73515.758 | G87: =D87/F87 -> 0.36214957 | H87: =(G87-G86)/G86 -> -0.051107329 | I87: 0.51196254 | J87: =(I87-I86)/I86 -> 0.058558582 | K87: =E87/F87 -> 0.57925969 | L87: =(K87-K86)/K86 -> -0.08044596 | M87: 0 | N87: 0 | O87: 0 | P87: 0 | Q87: 1 | R87: 0 | S87: 0 | T87: 0 | U87: 0 | V87: 0 | W87: 0 | X87: 0 | Y87: 1 | Z87: 0 | AA87: 0 | AB87: 0 | AC87: 0 | AD87: 0 | AE87: 0 | AF87: 0 | AG87: 0.2 | AH87: 0.135 | AI87: 0.18 | AJ87: 0.25 | AK87: 0.65 | AL87: 1 | AM87: 1 | AN87: 1 | AO87: 1 | AP87: 1 | AQ87: =AVERAGE(AL87,AO87) -> 1 | AR87: =AVERAGE(AM87) -> 1 | AS87: =AVERAGE(AN87,AP87) -> 1 | AT87: {=_xlfn.IFS(AG87>sheet2!$C$2,1,AG87=sheet2!$C$2,0,AG87<sheet2!$C$2,-1)} -> 0 | AU87: {=_xlfn.IFS(AH87>sheet2!$D$2,1,AH87=sheet2!$D$2,0,AH87<sheet2!$D$2,-1)} -> 0 | AV87: {=_xlfn.IFS(AI87>sheet2!$E$2,1,AI87=sheet2!$E$2,0,AI87<sheet2!$E$2,-1)} -> 0 | AW87: {=_xlfn.IFS(AJ87>sheet2!$F$2,1,AJ87=sheet2!$F$2,0,AJ87<sheet2!$F$2,-1)} -> 0 | AX87: {=_xlfn.IFS(AK87>sheet2!$G$2,1,AK87=sheet2!$G$2,0,AK87<sheet2!$G$2,-1)} -> 0 | AY87: 0.42672076 | AZ87: 0.7266055 | BA87: 0.061986996 | BB87: 0.021650602 | BC87: 0.75015411
A88: 11 | B88: 浙江 | C88: 2022 | D88: 29112.3 | E88: 41497.249 | F88: 77715.4 | G88: =D88/F88 -> 0.37460143 | H88: =(G88-G87)/G87 -> 0.034383199 | I88: 0.26993342 | J88: =(I88-I87)/I87 -> -0.47274772 | K88: =E88/F88 -> 0.53396429 | L88: =(K88-K87)/K87 -> -0.078195323 | M88: 1 | N88: 1 | O88: 0 | P88: 0 | Q88: 1 | R88: 0 | S88: 0 | T88: 0 | U88: 0 | V88: 0 | W88: 0 | X88: 0 | Y88: 1 | Z88: 0 | AA88: 0 | AB88: 0 | AC88: 0 | AD88: 0 | AE88: 0 | AF88: 0 | AG88: 0.2 | AH88: 0.135 | AI88: 0.18 | AJ88: 0.25 | AK88: 0.65 | AL88: 1 | AM88: 1 | AN88: 1 | AO88: 1 | AP88: 1 | AQ88: =AVERAGE(AL88,AO88) -> 1 | AR88: =AVERAGE(AM88) -> 1 | AS88: =AVERAGE(AN88,AP88) -> 1 | AT88: {=_xlfn.IFS(AG88>sheet2!$C$2,1,AG88=sheet2!$C$2,0,AG88<sheet2!$C$2,-1)} -> 0 | AU88: {=_xlfn.IFS(AH88>sheet2!$D$2,1,AH88=sheet2!$D$2,0,AH88<sheet2!$D$2,-1)} -> 0 | AV88: {=_xlfn.IFS(AI88>sheet2!$E$2,1,AI88=sheet2!$E$2,0,AI88<sheet2!$E$2,-1)} -> 0 | AW88: {=_xlfn.IFS(AJ88>sheet2!$F$2,1,AJ88=sheet2!$F$2,0,AJ88<sheet2!$F$2,-1)} -> 0 | AX88: {=_xlfn.IFS(AK88>sheet2!$G$2,1,AK88=sheet2!$G$2,0,AK88<sheet2!$G$2,-1)} -> 0 | AY88: 0.42299596 | AZ88: 0.7337692 | BA88: 0.062337687 | BB88: 0.0227504 | BC88: 0.66899627
A89: 11 | B89: 浙江 | C89: 2023 | D89: 34248 | E89: 44180.171 | F89: 82553.2 | G89: =D89/F89 -> 0.41485975 | H89: =(G89-G88)/G88 -> 0.10746975 | K89: =E89/F89 -> 0.53517212 | L89: =(K89-K88)/K88 -> 0.0022619944 | M89: 1 | N89: 1 | O89: 1 | P89: 0 | Q89: 1 | R89: 0 | S89: 0 | T89: 0 | U89: 0 | V89: 0 | W89: 0 | X89: 0 | Y89: 1 | Z89: 0 | AA89: 0 | AB89: 0 | AC89: 0 | AD89: 0 | AE89: 0 | AF89: 0 | AG89: 0.2 | AH89: 0.135 | AI89: 0.18 | AJ89: 0.25 | AK89: 0.65 | AL89: 1 | AM89: 1 | AN89: 1 | AO89: 1 | AP89: 1 | AQ89: =AVERAGE(AL89,AO89) -> 1 | AR89: =AVERAGE(AM89) -> 1 | AS89: =AVERAGE(AN89,AP89) -> 1 | AT89: {=_xlfn.IFS(AG89>sheet2!$C$2,1,AG89=sheet2!$C$2,0,AG89<sheet2!$C$2,-1)} -> 0 | AU89: {=_xlfn.IFS(AH89>sheet2!$D$2,1,AH89=sheet2!$D$2,0,AH89<sheet2!$D$2,-1)} -> 0 | AV89: {=_xlfn.IFS(AI89>sheet2!$E$2,1,AI89=sheet2!$E$2,0,AI89<sheet2!$E$2,-1)} -> 0 | AW89: {=_xlfn.IFS(AJ89>sheet2!$F$2,1,AJ89=sheet2!$F$2,0,AJ89<sheet2!$F$2,-1)} -> 0 | AX89: {=_xlfn.IFS(AK89>sheet2!$G$2,1,AK89=sheet2!$G$2,0,AK89<sheet2!$G$2,-1)} -> 0 | AY89: 0.40684189 | AZ89: 0.74226649 | BA89: 0.062811594 | BB89: 0.022138161 | BC89: 0.69622337
A90: 12 | B90: 安徽 | C90: 2016 | D90: 12663 | E90: 44756.213 | F90: 24407.62 | G90: =D90/F90 -> 0.51881339 | I90: 0.25142082 | K90: =E90/F90 -> 1.8336984 | M90: 0 | N90: 0 | O90: 0 | P90: 1 | Q90: 0.82532823 | R90: -0.021994135 | S90: -0.19511881 | T90: 1.1 | U90: -0.19 | V90: -0.042622951 | W90: -0.22906404 | X90: -0.11363636 | Y90: 0.27943466 | Z90: -0.015806112 | AA90: -0.1399238 | AB90: 0.31428571 | AC90: -0.11046512 | AD90: -0.034451102 | AE90: -0.24488176 | AF90: -0.13257576 | AG90: 0.155 | AH90: 0.14 | AI90: 0.18 | AJ90: 0.22 | AK90: 0.65 | AL90: 0.775 | AM90: 1.037037 | AN90: 1 | AO90: 0.88 | AP90: 1 | AQ90: =AVERAGE(AL90,AO90) -> 0.8275 | AR90: =AVERAGE(AM90) -> 1.037037 | AS90: =AVERAGE(AN90,AP90) -> 1 | AT90: {=_xlfn.IFS(AG90>sheet2!$C$2,1,AG90=sheet2!$C$2,0,AG90<sheet2!$C$2,-1)} -> -1 | AU90: {=_xlfn.IFS(AH90>sheet2!$D$2,1,AH90=sheet2!$D$2,0,AH90<sheet2!$D$2,-1)} -> 1 | AV90: {=_xlfn.IFS(AI90>sheet2!$E$2,1,AI90=sheet2!$E$2,0,AI90<sheet2!$E$2,-1)} -> 0 | AW90: {=_xlfn.IFS(AJ90>sheet2!$F$2,1,AJ90=sheet2!$F$2,0,AJ90<sheet2!$F$2,-1)} -> -1 | AX90: {=_xlfn.IFS(AK90>sheet2!$G$2,1,AK90=sheet2!$G$2,0,AK90<sheet2!$G$2,-1)} -> 0 | AY90: 0.47188132 | AZ90: 0.52627217 | BA90: 0.043049807 | BB90: 0.015196992 | BC90: 0.48394246
A91: 12 | B91: 安徽 | C91: 2017 | D91: 13019 | E91: 45381.297 | F91: 27018 | G91: =D91/F91 -> 0.48186394 | H91: =(G91-G90)/G90 -> -0.071219142 | I91: 0.26613755 | J91: =(I91-I90)/I90 -> 0.058534236 | K91: =E91/F91 -> 1.679669 | L91: =(K91-K90)/K90 -> -0.083999292 | M91: 0 | N91: 0 | O91: 0 | P91: 1 | Q91: 0.82532823 | R91: -0.021994135 | S91: -0.19511881 | T91: 1.1 | U91: -0.19 | V91: -0.042622951 | W91: -0.22906404 | X91: -0.11363636 | Y91: 0.27943466 | Z91: -0.015806112 | AA91: -0.1399238 | AB91: 0.31428571 | AC91: -0.11046512 | AD91: -0.034451102 | AE91: -0.24488176 | AF91: -0.13257576 | AG91: 0.155 | AH91: 0.14 | AI91: 0.18 | AJ91: 0.22 | AK91: 0.65 | AL91: 0.775 | AM91: 1.037037 | AN91: 1 | AO91: 0.88 | AP91: 1 | AQ91: =AVERAGE(AL91,AO91) -> 0.8275 | AR91: =AVERAGE(AM91) -> 1.037037 | AS91: =AVERAGE(AN91,AP91) -> 1 | AT91: {=_xlfn.IFS(AG91>sheet2!$C$2,1,AG91=sheet2!$C$2,0,AG91<sheet2!$C$2,-1)} -> -1 | AU91: {=_xlfn.IFS(AH91>sheet2!$D$2,1,AH91=sheet2!$D$2,0,AH91<sheet2!$D$2,-1)} -> 1 | AV91: {=_xlfn.IFS(AI91>sheet2!$E$2,1,AI91=sheet2!$E$2,0,AI91<sheet2!$E$2,-1)} -> 0 | AW91: {=_xlfn.IFS(AJ91>sheet2!$F$2,1,AJ91=sheet2!$F$2,0,AJ91<sheet2!$F$2,-1)} -> -1 | AX91: {=_xlfn.IFS(AK91>sheet2!$G$2,1,AK91=sheet2!$G$2,0,AK91<sheet2!$G$2,-1)} -> 0 | AY91: 0.46936117 | AZ91: 0.54284299 | BA91: 0.043221065 | BB91: 0.016141739 | BC91: 0.45334238
A92: 12 | B92: 安徽 | C92: 2018 | D92: 13295 | E92: 49219.24 | F92: 30006.82 | G92: =D92/F92 -> 0.44306594 | H92: =(G92-G91)/G91 -> -0.080516503 | I92: 0.29855706 | J92: =(I92-I91)/I91 -> 0.1218149 | K92: =E92/F92 -> 1.6402684 | L92: =(K92-K91)/K91 -> -0.023457331 | M92: 0 | N92: 0 | O92: 0 | P92: 1 | Q92: 0.82532823 | R92: -0.021994135 | S92: -0.19511881 | T92: 1.1 | U92: -0.19 | V92: -0.042622951 | W92: -0.22906404 | X92: -0.11363636 | Y92: 0.27943466 | Z92: -0.015806112 | AA92: -0.1399238 | AB92: 0.31428571 | AC92: -0.11046512 | AD92: -0.034451102 | AE92: -0.24488176 | AF92: -0.13257576 | AG92: 0.155 | AH92: 0.14 | AI92: 0.18 | AJ92: 0.22 | AK92: 0.65 | AL92: 0.775 | AM92: 1.037037 | AN92: 1 | AO92: 0.88 | AP92: 1 | AQ92: =AVERAGE(AL92,AO92) -> 0.8275 | AR92: =AVERAGE(AM92) -> 1.037037 | AS92: =AVERAGE(AN92,AP92) -> 1 | AT92: {=_xlfn.IFS(AG92>sheet2!$C$2,1,AG92=sheet2!$C$2,0,AG92<sheet2!$C$2,-1)} -> -1 | AU92: {=_xlfn.IFS(AH92>sheet2!$D$2,1,AH92=sheet2!$D$2,0,AH92<sheet2!$D$2,-1)} -> 1 | AV92: {=_xlfn.IFS(AI92>sheet2!$E$2,1,AI92=sheet2!$E$2,0,AI92<sheet2!$E$2,-1)} -> 0 | AW92: {=_xlfn.IFS(AJ92>sheet2!$F$2,1,AJ92=sheet2!$F$2,0,AJ92<sheet2!$F$2,-1)} -> -1 | AX92: {=_xlfn.IFS(AK92>sheet2!$G$2,1,AK92=sheet2!$G$2,0,AK92<sheet2!$G$2,-1)} -> 0 | AY92: 0.46970655 | AZ92: 0.55645161 | BA92: 0.043356643 | BB92: 0.016572989 | BC92: 0.46387712
A93: 12 | B93: 安徽 | C93: 2019 | D93: 13870 | E93: 49311.357 | F93: 37113.98 | G93: =D93/F93 -> 0.37371362 | H93: =(G93-G92)/G92 -> -0.15652821 | I93: 0.30629165 | J93: =(I93-I92)/I92 -> 0.02590656 | K93: =E93/F93 -> 1.3286464 | L93: =(K93-K92)/K92 -> -0.18998232 | M93: 0 | N93: 0 | O93: 0 | P93: 1 | Q93: 0.82532823 | R93: -0.021994135 | S93: -0.19511881 | T93: 1.1 | U93: -0.19 | V93: -0.042622951 | W93: -0.22906404 | X93: -0.11363636 | Y93: 0.27943466 | Z93: -0.015806112 | AA93: -0.1399238 | AB93: 0.31428571 | AC93: -0.11046512 | AD93: -0.034451102 | AE93: -0.24488176 | AF93: -0.13257576 | AG93: 0.155 | AH93: 0.14 | AI93: 0.18 | AJ93: 0.22 | AK93: 0.65 | AL93: 0.775 | AM93: 1.037037 | AN93: 1 | AO93: 0.88 | AP93: 1 | AQ93: =AVERAGE(AL93,AO93) -> 0.8275 | AR93: =AVERAGE(AM93) -> 1.037037 | AS93: =AVERAGE(AN93,AP93) -> 1 | AT93: {=_xlfn.IFS(AG93>sheet2!$C$2,1,AG93=sheet2!$C$2,0,AG93<sheet2!$C$2,-1)} -> -1 | AU93: {=_xlfn.IFS(AH93>sheet2!$D$2,1,AH93=sheet2!$D$2,0,AH93<sheet2!$D$2,-1)} -> 1 | AV93: {=_xlfn.IFS(AI93>sheet2!$E$2,1,AI93=sheet2!$E$2,0,AI93<sheet2!$E$2,-1)} -> 0 | AW93: {=_xlfn.IFS(AJ93>sheet2!$F$2,1,AJ93=sheet2!$F$2,0,AJ93<sheet2!$F$2,-1)} -> -1 | AX93: {=_xlfn.IFS(AK93>sheet2!$G$2,1,AK93=sheet2!$G$2,0,AK93<sheet2!$G$2,-1)} -> 0 | AY93: 0.4013555 | AZ93: 0.57025607 | BA93: 0.043470815 | BB93: 0.01553423 | BC93: 0.4305486
A94: 12 | B94: 安徽 | C94: 2020 | D94: 14697.9 | E94: 49192.137 | F94: 38680.63 | G94: =D94/F94 -> 0.37998088 | H94: =(G94-G93)/G93 -> 0.01677022 | I94: 0.31147149 | J94: =(I94-I93)/I93 -> 0.016911476 | K94: =E94/F94 -> 1.2717512 | L94: =(K94-K93)/K93 -> -0.042821978 | M94: 0 | N94: 0 | O94: 0 | P94: 1 | Q94: 0.82532823 | R94: -0.021994135 | S94: -0.19511881 | T94: 1.1 | U94: -0.19 | V94: -0.042622951 | W94: -0.22906404 | X94: -0.11363636 | Y94: 0.27943466 | Z94: -0.015806112 | AA94: -0.1399238 | AB94: 0.31428571 | AC94: -0.11046512 | AD94: -0.034451102 | AE94: -0.24488176 | AF94: -0.13257576 | AG94: 0.155 | AH94: 0.14 | AI94: 0.18 | AJ94: 0.22 | AK94: 0.65 | AL94: 0.775 | AM94: 1.037037 | AN94: 1 | AO94: 0.88 | AP94: 1 | AQ94: =AVERAGE(AL94,AO94) -> 0.8275 | AR94: =AVERAGE(AM94) -> 1.037037 | AS94: =AVERAGE(AN94,AP94) -> 1 | AT94: {=_xlfn.IFS(AG94>sheet2!$C$2,1,AG94=sheet2!$C$2,0,AG94<sheet2!$C$2,-1)} -> -1 | AU94: {=_xlfn.IFS(AH94>sheet2!$D$2,1,AH94=sheet2!$D$2,0,AH94<sheet2!$D$2,-1)} -> 1 | AV94: {=_xlfn.IFS(AI94>sheet2!$E$2,1,AI94=sheet2!$E$2,0,AI94<sheet2!$E$2,-1)} -> 0 | AW94: {=_xlfn.IFS(AJ94>sheet2!$F$2,1,AJ94=sheet2!$F$2,0,AJ94<sheet2!$F$2,-1)} -> -1 | AX94: {=_xlfn.IFS(AK94>sheet2!$G$2,1,AK94=sheet2!$G$2,0,AK94<sheet2!$G$2,-1)} -> 0 | AY94: 0.39520297 | AZ94: 0.58329238 | BA94: 0.043563579 | BB94: 0.016530783 | BC94: 0.43031662
A95: 12 | B95: 安徽 | C95: 2021 | D95: 15342.63 | E95: 51795.175 | F95: 42959.175 | G95: =D95/F95 -> 0.35714443 | H95: =(G95-G94)/G94 -> -0.060098967 | I95: 0.33921889 | J95: =(I95-I94)/I94 -> 0.089084868 | K95: =E95/F95 -> 1.2056837 | L95: =(K95-K94)/K94 -> -0.051950035 | M95: 0 | N95: 0 | O95: 0 | P95: 1 | Q95: 0.82532823 | R95: -0.021994135 | S95: -0.19511881 | T95: 1.1 | U95: -0.19 | V95: -0.042622951 | W95: -0.22906404 | X95: -0.11363636 | Y95: 0.27943466 | Z95: -0.015806112 | AA95: -0.1399238 | AB95: 0.31428571 | AC95: -0.11046512 | AD95: -0.034451102 | AE95: -0.24488176 | AF95: -0.13257576 | AG95: 0.155 | AH95: 0.14 | AI95: 0.18 | AJ95: 0.22 | AK95: 0.65 | AL95: 0.775 | AM95: 1.037037 | AN95: 1 | AO95: 0.88 | AP95: 1 | AQ95: =AVERAGE(AL95,AO95) -> 0.8275 | AR95: =AVERAGE(AM95) -> 1.037037 | AS95: =AVERAGE(AN95,AP95) -> 1 | AT95: {=_xlfn.IFS(AG95>sheet2!$C$2,1,AG95=sheet2!$C$2,0,AG95<sheet2!$C$2,-1)} -> -1 | AU95: {=_xlfn.IFS(AH95>sheet2!$D$2,1,AH95=sheet2!$D$2,0,AH95<sheet2!$D$2,-1)} -> 1 | AV95: {=_xlfn.IFS(AI95>sheet2!$E$2,1,AI95=sheet2!$E$2,0,AI95<sheet2!$E$2,-1)} -> 0 | AW95: {=_xlfn.IFS(AJ95>sheet2!$F$2,1,AJ95=sheet2!$F$2,0,AJ95<sheet2!$F$2,-1)} -> -1 | AX95: {=_xlfn.IFS(AK95>sheet2!$G$2,1,AK95=sheet2!$G$2,0,AK95<sheet2!$G$2,-1)} -> 0 | AY95: 0.39399034 | AZ95: 0.59398004 | BA95: 0.043620665 | BB95: 0.017205172 | BC95: 0.46083085
A96: 12 | B96: 安徽 | C96: 2022 | D96: 15882.66 | E96: 52091.233 | F96: 45045 | G96: =D96/F96 -> 0.3525954 | H96: =(G96-G95)/G95 -> -0.012737204 | I96: 0.36818314 | J96: =(I96-I95)/I95 -> 0.085385121 | K96: =E96/F96 -> 1.1564265 | L96: =(K96-K95)/K95 -> -0.040854102 | M96: 1 | N96: 1 | O96: 0 | P96: 1 | Q96: 0.82532823 | R96: -0.021994135 | S96: -0.19511881 | T96: 1.1 | U96: -0.19 | V96: -0.042622951 | W96: -0.22906404 | X96: -0.11363636 | Y96: 0.27943466 | Z96: -0.015806112 | AA96: -0.1399238 | AB96: 0.31428571 | AC96: -0.11046512 | AD96: -0.034451102 | AE96: -0.24488176 | AF96: -0.13257576 | AG96: 0.155 | AH96: 0.14 | AI96: 0.18 | AJ96: 0.22 | AK96: 0.65 | AL96: 0.775 | AM96: 1.037037 | AN96: 1 | AO96: 0.88 | AP96: 1 | AQ96: =AVERAGE(AL96,AO96) -> 0.8275 | AR96: =AVERAGE(AM96) -> 1.037037 | AS96: =AVERAGE(AN96,AP96) -> 1 | AT96: {=_xlfn.IFS(AG96>sheet2!$C$2,1,AG96=sheet2!$C$2,0,AG96<sheet2!$C$2,-1)} -> -1 | AU96: {=_xlfn.IFS(AH96>sheet2!$D$2,1,AH96=sheet2!$D$2,0,AH96<sheet2!$D$2,-1)} -> 1 | AV96: {=_xlfn.IFS(AI96>sheet2!$E$2,1,AI96=sheet2!$E$2,0,AI96<sheet2!$E$2,-1)} -> 0 | AW96: {=_xlfn.IFS(AJ96>sheet2!$F$2,1,AJ96=sheet2!$F$2,0,AJ96<sheet2!$F$2,-1)} -> -1 | AX96: {=_xlfn.IFS(AK96>sheet2!$G$2,1,AK96=sheet2!$G$2,0,AK96<sheet2!$G$2,-1)} -> 0 | AY96: 0.39287379 | AZ96: 0.60159948 | BA96: 0.043720565 | BB96: 0.018218448 | BC96: 0.42830957
A97: 12 | B97: 安徽 | C97: 2023 | D97: 16824.5 | E97: 54692.04 | F97: 47050.6 | G97: =D97/F97 -> 0.35758311 | H97: =(G97-G96)/G96 -> 0.014145698 | K97: =E97/F97 -> 1.162409 | L97: =(K97-K96)/K96 -> 0.0051732201 | M97: 1 | N97: 1 | O97: 1 | P97: 1 | Q97: 0.82532823 | R97: -0.021994135 | S97: -0.19511881 | T97: 1.1 | U97: -0.19 | V97: -0.042622951 | W97: -0.22906404 | X97: -0.11363636 | Y97: 0.27943466 | Z97: -0.015806112 | AA97: -0.1399238 | AB97: 0.31428571 | AC97: -0.11046512 | AD97: -0.034451102 | AE97: -0.24488176 | AF97: -0.13257576 | AG97: 0.155 | AH97: 0.14 | AI97: 0.18 | AJ97: 0.22 | AK97: 0.65 | AL97: 0.775 | AM97: 1.037037 | AN97: 1 | AO97: 0.88 | AP97: 1 | AQ97: =AVERAGE(AL97,AO97) -> 0.8275 | AR97: =AVERAGE(AM97) -> 1.037037 | AS97: =AVERAGE(AN97,AP97) -> 1 | AT97: {=_xlfn.IFS(AG97>sheet2!$C$2,1,AG97=sheet2!$C$2,0,AG97<sheet2!$C$2,-1)} -> -1 | AU97: {=_xlfn.IFS(AH97>sheet2!$D$2,1,AH97=sheet2!$D$2,0,AH97<sheet2!$D$2,-1)} -> 1 | AV97: {=_xlfn.IFS(AI97>sheet2!$E$2,1,AI97=sheet2!$E$2,0,AI97<sheet2!$E$2,-1)} -> 0 | AW97: {=_xlfn.IFS(AJ97>sheet2!$F$2,1,AJ97=sheet2!$F$2,0,AJ97<sheet2!$F$2,-1)} -> -1 | AX97: {=_xlfn.IFS(AK97>sheet2!$G$2,1,AK97=sheet2!$G$2,0,AK97<sheet2!$G$2,-1)} -> 0 | AY97: 0.39818621 | AZ97: 0.61509557 | BA97: 0.043677751 | BB97: 0.019701443 | BC97: 0.45573299
A98: 13 | B98: 福建 | C98: 2016 | D98: 12036 | E98: 22842.695 | F98: 28810.58 | G98: =D98/F98 -> 0.4177632 | I98: 0.32953471 | K98: =E98/F98 -> 0.79285785 | M98: 0 | N98: 0 | O98: 0 | P98: 0 | Q98: 1 | R98: 0 | S98: 0 | T98: 0 | U98: 0 | V98: 0 | W98: 0 | X98: 0 | Y98: 1 | Z98: 0 | AA98: 0 | AB98: 0 | AC98: 0 | AD98: 0 | AE98: 0 | AF98: 0 | AG98: 0.2 | AH98: 0.135 | AI98: 0.18 | AJ98: 0.25 | AK98: 0.65 | AL98: 1 | AM98: 1 | AN98: 1 | AO98: 1 | AP98: 1 | AQ98: =AVERAGE(AL98,AO98) -> 1 | AR98: =AVERAGE(AM98) -> 1 | AS98: =AVERAGE(AN98,AP98) -> 1 | AT98: {=_xlfn.IFS(AG98>sheet2!$C$2,1,AG98=sheet2!$C$2,0,AG98<sheet2!$C$2,-1)} -> 0 | AU98: {=_xlfn.IFS(AH98>sheet2!$D$2,1,AH98=sheet2!$D$2,0,AH98<sheet2!$D$2,-1)} -> 0 | AV98: {=_xlfn.IFS(AI98>sheet2!$E$2,1,AI98=sheet2!$E$2,0,AI98<sheet2!$E$2,-1)} -> 0 | AW98: {=_xlfn.IFS(AJ98>sheet2!$F$2,1,AJ98=sheet2!$F$2,0,AJ98<sheet2!$F$2,-1)} -> 0 | AX98: {=_xlfn.IFS(AK98>sheet2!$G$2,1,AK98=sheet2!$G$2,0,AK98<sheet2!$G$2,-1)} -> 0 | AY98: 0.50966346 | AZ98: 0.6439243 | BA98: 0.0323999 | BB98: 0.01347641 | BC98: 0.62095476
A99: 13 | B99: 福建 | C99: 2017 | D99: 12555 | E99: 23628.176 | F99: 32182.09 | G99: =D99/F99 -> 0.39012382 | H99: =(G99-G98)/G98 -> -0.066160383 | I99: 0.34138178 | J99: =(I99-I98)/I98 -> 0.035950906 | K99: =E99/F99 -> 0.73420264 | L99: =(K99-K98)/K98 -> -0.073979477 | M99: 0 | N99: 0 | O99: 0 | P99: 0 | Q99: 1 | R99: 0 | S99: 0 | T99: 0 | U99: 0 | V99: 0 | W99: 0 | X99: 0 | Y99: 1 | Z99: 0 | AA99: 0 | AB99: 0 | AC99: 0 | AD99: 0 | AE99: 0 | AF99: 0 | AG99: 0.2 | AH99: 0.135 | AI99: 0.18 | AJ99: 0.25 | AK99: 0.65 | AL99: 1 | AM99: 1 | AN99: 1 | AO99: 1 | AP99: 1 | AQ99: =AVERAGE(AL99,AO99) -> 1 | AR99: =AVERAGE(AM99) -> 1 | AS99: =AVERAGE(AN99,AP99) -> 1 | AT99: {=_xlfn.IFS(AG99>sheet2!$C$2,1,AG99=sheet2!$C$2,0,AG99<sheet2!$C$2,-1)} -> 0 | AU99: {=_xlfn.IFS(AH99>sheet2!$D$2,1,AH99=sheet2!$D$2,0,AH99<sheet2!$D$2,-1)} -> 0 | AV99: {=_xlfn.IFS(AI99>sheet2!$E$2,1,AI99=sheet2!$E$2,0,AI99<sheet2!$E$2,-1)} -> 0 | AW99: {=_xlfn.IFS(AJ99>sheet2!$F$2,1,AJ99=sheet2!$F$2,0,AJ99<sheet2!$F$2,-1)} -> 0 | AX99: {=_xlfn.IFS(AK99>sheet2!$G$2,1,AK99=sheet2!$G$2,0,AK99<sheet2!$G$2,-1)} -> 0 | AY99: 0.50618217 | AZ99: 0.65781058 | BA99: 0.032795217 | BB99: 0.01394544 | BC99: 0.59968831
A100: 13 | B100: 福建 | C100: 2018 | D100: 13131 | E100: 24794.87 | F100: 35804.04 | G100: =D100/F100 -> 0.36674632 | H100: =(G100-G99)/G99 -> -0.059923285 | I100: 0.36580327 | J100: =(I100-I99)/I99 -> 0.071537184 | K100: =E100/F100 -> 0.69251599 | L100: =(K100-K99)/K99 -> -0.056778128 | M100: 0 | N100: 0 | O100: 0 | P100: 0 | Q100: 1 | R100: 0 | S100: 0 | T100: 0 | U100: 0 | V100: 0 | W100: 0 | X100: 0 | Y100: 1 | Z100: 0 | AA100: 0 | AB100: 0 | AC100: 0 | AD100: 0 | AE100: 0 | AF100: 0 | AG100: 0.2 | AH100: 0.135 | AI100: 0.18 | AJ100: 0.25 | AK100: 0.65 | AL100: 1 | AM100: 1 | AN100: 1 | AO100: 1 | AP100: 1 | AQ100: =AVERAGE(AL100,AO100) -> 1 | AR100: =AVERAGE(AM100) -> 1 | AS100: =AVERAGE(AN100,AP100) -> 1 | AT100: {=_xlfn.IFS(AG100>sheet2!$C$2,1,AG100=sheet2!$C$2,0,AG100<sheet2!$C$2,-1)} -> 0 | AU100: {=_xlfn.IFS(AH100>sheet2!$D$2,1,AH100=sheet2!$D$2,0,AH100<sheet2!$D$2,-1)} -> 0 | AV100: {=_xlfn.IFS(AI100>sheet2!$E$2,1,AI100=sheet2!$E$2,0,AI100<sheet2!$E$2,-1)} -> 0 | AW100: {=_xlfn.IFS(AJ100>sheet2!$F$2,1,AJ100=sheet2!$F$2,0,AJ100<sheet2!$F$2,-1)} -> 0 | AX100: {=_xlfn.IFS(AK100>sheet2!$G$2,1,AK100=sheet2!$G$2,0,AK100<sheet2!$G$2,-1)} -> 0 | AY100: 0.52641545 | AZ100: 0.66983431 | BA100: 0.033109858 | BB100: 0.014661521 | BC100: 0.62230559
...

Sheet 变量表
A1: 自变量 | B1: 解释
A2: post1 | B2: 中央是否在该年出台中央文件
A3: post2 | B3: 地方在该年是否出台地方文件
A4: treated | B4: 中央文件发布后地方是否有跟进发布地方文件
A5: avg_direct_sim | B5: 相似度
A6: avg_direct_degree | B6: 相对语调
A7: avg_hidden_degree | B7: 隐式相对语调（最相近十个句子的平均）
A8: target | B8: “主要目标”段落的相对语调
A9: target_hid | B9: “主要目标”段落的隐式相对语调
A10: deg70 | B10: 控制相似度阈值为70的相对语调
A11: deg80 | B11: 控制相似度阈值为80的相对语调
A12: deg90 | B12: 控制相似度阈值为90的相对语调
... A45: 单位GDP碳排放量增长率 | B45: -

Sheet Sheet5
A1: 0.35300316 | B1: 1 | E1: id | F1: 地 | G1: year | H1: 非化石能源占比 | I1: 非化石能源占比增长率 | J1: a145 | K1: b145 | L1: c145 | M1: a155 | N1: c155 | O1: std_a145 | P1: std_b145 | Q1: std_c145 | R1: std_a155 | S1: std_c155 | T1: a | U1: b | V1: c | W1: if_a | X1: if_b | Y1: if_c | Z1: if_a_155 | AA1: if_c_155
A2: 1 | B2: 1 | E2: 1 | F2: 北京 | G2: 2016 | H2: 0.35776976 | J2: 0.144 | K2: 0.14 | L2: 0.18 | M2: 0.25 | N2: 0.65 | O2: 0.72 | P2: 1.037037 | Q2: 1 | R2: 1 | S2: 1 | T2: =AVERAGE(O2,R2) -> 0.86 | U2: =AVERAGE(P2) -> 1.037037 | V2: =AVERAGE(Q2,S2) -> 1 | W2: {=_xlfn.IFS(J2>sheet2!$C$2,1,J2=sheet2!$C$2,0,J2<sheet2!$C$2,-1)} -> -1 | X2: {=_xlfn.IFS(K2>sheet2!$D$2,1,K2=sheet2!$D$2,0,K2<sheet2!$D$2,-1)} -> 1 | Y2: {=_xlfn.IFS(L2>sheet2!$E$2,1,L2=sheet2!$E$2,0,L2<sheet2!$E$2,-1)} -> 0 | Z2: {=_xlfn.IFS(M2>sheet2!$F$2,1,M2=sheet2!$F$2,0,M2<sheet2!$F$2,-1)} -> 0 | AA2: {=_xlfn.IFS(N2>sheet2!$G$2,1,N2=sheet2!$G$2,0,N2<sheet2!$G$2,-1)} -> 0
A3: 0.023182297 | B3: 1 | E3: 1 | F3: 北京 | G3: 2017 | H3: 0.36853608 | I3: =(H3-H2)/H2 -> 0.030092858 | J3: 0.144 | K3: 0.14 | L3: 0.18 | M3: 0.25 | N3: 0.65 | O3: 0.72 | P3: 1.037037 | Q3: 1 | R3: 1 | S3: 1 | T3: =AVERAGE(O3,R3) -> 0.86 | U3: =AVERAGE(P3) -> 1.037037 | V3: =AVERAGE(Q3,S3) -> 1 | W3: {=_xlfn.IFS(J3>sheet2!$C$2,1,J3=sheet2!$C$2,0,J3<sheet2!$C$2,-1)} -> -1 | X3: {=_xlfn.IFS(K3>sheet2!$D$2,1,K3=sheet2!$D$2,0,K3<sheet2!$D$2,-1)} -> 1 | Y3: {=_xlfn.IFS(L3>sheet2!$E$2,1,L3=sheet2!$E$2,0,L3<sheet2!$E$2,-1)} -> 0 | Z3: {=_xlfn.IFS(M3>sheet2!$F$2,1,M3=sheet2!$F$2,0,M3<sheet2!$F$2,-1)} -> 0 | AA3: {=_xlfn.IFS(N3>sheet2!$G$2,1,N3=sheet2!$G$2,0,N3<sheet2!$G$2,-1)} -> 0
A4: 0.58798736 | B4: 1 | E4: 1 | F4: 北京 | G4: 2018 | H4: 0.3894371 | I4: =(H4-H3)/H3 -> 0.056713642 | J4: 0.144 | K4: 0.14 | L4: 0.18 | M4: 0.25 | N4: 0.65 | O4: 0.72 | P4: 1.037037 | Q4: 1 | R4: 1 | S4: 1 | T4: =AVERAGE(O4,R4) -> 0.86 | U4: =AVERAGE(P4) -> 1.037037 | V4: =AVERAGE(Q4,S4) -> 1 | W4: {=_xlfn.IFS(J4>sheet2!$C$2,1,J4=sheet2!$C$2,0,J4<sheet2!$C$2,-1)} -> -1 | X4: {=_xlfn.IFS(K4>sheet2!$D$2,1,K4=sheet2!$D$2,0,K4<sheet2!$D$2,-1)} -> 1 | Y4: {=_xlfn.IFS(L4>sheet2!$E$2,1,L4=sheet2!$E$2,0,L4<sheet2!$E$2,-1)} -> 0 | Z4: {=_xlfn.IFS(M4>sheet2!$F$2,1,M4=sheet2!$F$2,0,M4<sheet2!$F$2,-1)} -> 0 | AA4: {=_xlfn.IFS(N4>sheet2!$G$2,1,N4=sheet2!$G$2,0,N4<sheet2!$G$2,-1)} -> 0
A5: -0.55005269 | B5: 1 | E5: 1 | F5: 北京 | G5: 2019 | H5: 0.39378508 | I5: =(H5-H4)/H4 -> 0.011164767 | J5: 0.144 | K5: 0.14 | L5: 0.18 | M5: 0.25 | N5: 0.65 | O5: 0.72 | P5: 1.037037 | Q5: 1 | R5: 1 | S5: 1 | T5: =AVERAGE(O5,R5) -> 0.86 | U5: =AVERAGE(P5) -> 1.037037 | V5: =AVERAGE(Q5,S5) -> 1 | W5: {=_xlfn.IFS(J5>sheet2!$C$2,1,J5=sheet2!$C$2,0,J5<sheet2!$C$2,-1)} -> -1 | X5: {=_xlfn.IFS(K5>sheet2!$D$2,1,K5=sheet2!$D$2,0,K5<sheet2!$D$2,-1)} -> 1 | Y5: {=_xlfn.IFS(L5>sheet2!$E$2,1,L5=sheet2!$E$2,0,L5<sheet2!$E$2,-1)} -> 0 | Z5: {=_xlfn.IFS(M5>sheet2!$F$2,1,M5=sheet2!$F$2,0,M5<sheet2!$F$2,-1)} -> 0 | AA5: {=_xlfn.IFS(N5>sheet2!$G$2,1,N5=sheet2!$G$2,0,N5<sheet2!$G$2,-1)} -> 0
A6: 0.61222339 | B6: 1 | E6: 1 | F6: 北京 | G6: 2020 | H6: 0.45559969 | I6: =(H6-H5)/H5 -> 0.15697552 | J6: 0.144 | K6: 0.14 | L6: 0.18 | M6: 0.25 | N6: 0.65 | O6: 0.72 | P6: 1.037037 | Q6: 1 | R6: 1 | S6: 1 | T6: =AVERAGE(O6,R6) -> 0.86 | U6: =AVERAGE(P6) -> 1.037037 | V6: =AVERAGE(Q6,S6) -> 1 | W6: {=_xlfn.IFS(J6>sheet2!$C$2,1,J6=sheet2!$C$2,0,J6<sheet2!$C$2,-1)} -> -1 | X6: {=_xlfn.IFS(K6>sheet2!$D$2,1,K6=sheet2!$D$2,0,K6<sheet2!$D$2,-1)} -> 1 | Y6: {=_xlfn.IFS(L6>sheet2!$E$2,1,L6=sheet2!$E$2,0,L6<sheet2!$E$2,-1)} -> 0 | Z6: {=_xlfn.IFS(M6>sheet2!$F$2,1,M6=sheet2!$F$2,0,M6<sheet2!$F$2,-1)} -> 0 | AA6: {=_xlfn.IFS(N6>sheet2!$G$2,1,N6=sheet2!$G$2,0,N6<sheet2!$G$2,-1)} -> 0
A7: 0.09483667 | B7: 1 | E7: 1 | F7: 北京 | G7: 2021 | H7: 0.44803091 | I7: =(H7-H6)/H6 -> -0.016612797 | J7: 0.155 | K7: 0.14 | L7: 0.18 | M7: 0.22 | N7: 0.65 | O7: 0.775 | P7: 1.037037 | Q7: 1 | R7: 0.88 | S7: 1 | T7: =AVERAGE(O7,R7) -> 0.8275 | U7: =AVERAGE(P7) -> 1.037037 | V7: =AVERAGE(Q7,S7) -> 1 | W7: {=_xlfn.IFS(J7>sheet2!$C$2,1,J7=sheet2!$C$2,0,J7<sheet2!$C$2,-1)} -> -1 | X7: {=_xlfn.IFS(K7>sheet2!$D$2,1,K7=sheet2!$D$2,0,K7<sheet2!$D$2,-1)} -> 1 | Y7: {=_xlfn.IFS(L7>sheet2!$E$2,1,L7=sheet2!$E$2,0,L7<sheet2!$E$2,-1)} -> 0 | Z7: {=_xlfn.IFS(M7>sheet2!$F$2,1,M7=sheet2!$F$2,0,M7<sheet2!$F$2,-1)} -> -1 | AA7: {=_xlfn.IFS(N7>sheet2!$G$2,1,N7=sheet2!$G$2,0,N7<sheet2!$G$2,-1)} -> 0
A8: 0 | B8: 0 | E8: 1 | F8: 北京 | G8: 2022 | H8: 0.49718448 | I8: =(H8-H7)/H7 -> 0.10971023 | J8: 0.155 | K8: 0.14 | L8: 0.18 | M8: 0.22 | N8: 0.65 | O8: 0.775 | P8: 1.037037 | Q8: 1 | R8: 0.88 | S8: 1 | T8: =AVERAGE(O8,R8) -> 0.8275 | U8: =AVERAGE(P8) -> 1.037037 | V8: =AVERAGE(Q8,S8) -> 1 | W8: {=_xlfn.IFS(J8>sheet2!$C$2,1,J8=sheet2!$C$2,0,J8<sheet2!$C$2,-1)} -> -1 | X8: {=_xlfn.IFS(K8>sheet2!$D$2,1,K8=sheet2!$D$2,0,K8<sheet2!$D$2,-1)} -> 1 | Y8: {=_xlfn.IFS(L8>sheet2!$E$2,1,L8=sheet2!$E$2,0,L8<sheet2!$E$2,-1)} -> 0 | Z8: {=_xlfn.IFS(M8>sheet2!$F$2,1,M8=sheet2!$F$2,0,M8<sheet2!$F$2,-1)} -> -1 | AA8: {=_xlfn.IFS(N8>sheet2!$G$2,1,N8=sheet2!$G$2,0,N8<sheet2!$G$2,-1)} -> 0
A9: 0.34562698 | B9: 1 | E9: 1 | F9: 北京 | G9: 2023 | J9: 0.144 | K9: 0.14 | L9: 0.18 | M9: 0.25 | N9: 0.65 | O9: 0.72 | P9: 1.037037 | Q9: 1 | R9: 1 | S9: 1 | T9: =AVERAGE(O9,R9) -> 0.86 | U9: =AVERAGE(P9) -> 1.037037 | V9: =AVERAGE(Q9,S9) -> 1 | W9: {=_xlfn.IFS(J9>sheet2!$C$2,1,J9=sheet2!$C$2,0,J9<sheet2!$C$2,-1)} -> -1 | X9: {=_xlfn.IFS(K9>sheet2!$D$2,1,K9=sheet2!$D$2,0,K9<sheet2!$D$2,-1)} -> 1 | Y9: {=_xlfn.IFS(L9>sheet2!$E$2,1,L9=sheet2!$E$2,0,L9<sheet2!$E$2,-1)} -> 0 | Z9: {=_xlfn.IFS(M9>sheet2!$F$2,1,M9=sheet2!$F$2,0,M9<sheet2!$F$2,-1)} -> 0 | AA9: {=_xlfn.IFS(N9>sheet2!$G$2,1,N9=sheet2!$G$2,0,N9<sheet2!$G$2,-1)} -> 0
A10: 0.49420443 | B10: 1 | E10: 2 | F10: 天津 | G10: 2016 | H10: 0.31494388 | J10: 0.117 | K10: 0.135 | L10: 0.18 | M10: 0.16 | N10: 0.65 | O10: 0.585 | P10: 1 | Q10: 1 | R10: 0.64 | S10: 1 | T10: =AVERAGE(O10,R10) -> 0.6125 | U10: =AVERAGE(P10) -> 1 | V10: =AVERAGE(Q10,S10) -> 1 | W10: {=_xlfn.IFS(J10>sheet2!$C$2,1,J10=sheet2!$C$2,0,J10<sheet2!$C$2,-1)} -> -1 | X10: {=_xlfn.IFS(K10>sheet2!$D$2,1,K10=sheet2!$D$2,0,K10<sheet2!$D$2,-1)} -> 0 | Y10: {=_xlfn.IFS(L10>sheet2!$E$2,1,L10=sheet2!$E$2,0,L10<sheet2!$E$2,-1)} -> 0 | Z10: {=_xlfn.IFS(M10>sheet2!$F$2,1,M10=sheet2!$F$2,0,M10<sheet2!$F$2,-1)} -> -1 | AA10: {=_xlfn.IFS(N10>sheet2!$G$2,1,N10=sheet2!$G$2,0,N10<sheet2!$G$2,-1)} -> 0
A11: 0 | B11: 0 | E11: 2 | F11: 天津 | G11: 2017 | H11: 0.33162627 | I11: =(H11-H10)/H10 -> 0.052969385 | J11: 0.117 | K11: 0.135 | L11: 0.18 | M11: 0.16 | N11: 0.65 | O11: 0.585 | P11: 1 | Q11: 1 | R11: 0.64 | S11: 1 | T11: =AVERAGE(O11,R11) -> 0.6125 | U11: =AVERAGE(P11) -> 1 | V11: =AVERAGE(Q11,S11) -> 1 | W11: {=_xlfn.IFS(J11>sheet2!$C$2,1,J11=sheet2!$C$2,0,J11<sheet2!$C$2,-1)} -> -1 | X11: {=_xlfn.IFS(K11>sheet2!$D$2,1,K11=sheet2!$D$2,0,K11<sheet2!$D$2,-1)} -> 0 | Y11: {=_xlfn.IFS(L11>sheet2!$E$2,1,L11=sheet2!$E$2,0,L11<sheet2!$E$2,-1)} -> 0 | Z11: {=_xlfn.IFS(M11>sheet2!$F$2,1,M11=sheet2!$F$2,0,M11<sheet2!$F$2,-1)} -> -1 | AA11: {=_xlfn.IFS(N11>sheet2!$G$2,1,N11=sheet2!$G$2,0,N11<sheet2!$G$2,-1)} -> 0
A12: -0.015806112 | B12: 1 | E12: 2 | F12: 天津 | G12: 2018 | H12: 0.34692661 | I12: =(H12-H11)/H11 -> 0.046137301 | J12: 0.117 | K12: 0.135 | L12: 0.18 | M12: 0.16 | N12: 0.65 | O12: 0.585 | P12: 1 | Q12: 1 | R12: 0.64 | S12: 1 | T12: =AVERAGE(O12,R12) -> 0.6125 | U12: =AVERAGE(P12) -> 1 | V12: =AVERAGE(Q12,S12) -> 1 | W12: {=_xlfn.IFS(J12>sheet2!$C$2,1,J12=sheet2!$C$2,0,J12<sheet2!$C$2,-1)} -> -1 | X12: {=_xlfn.IFS(K12>sheet2!$D$2,1,K12=sheet2!$D$2,0,K12<sheet2!$D$2,-1)} -> 0 | Y12: {=_xlfn.IFS(L12>sheet2!$E$2,1,L12=sheet2!$E$2,0,L12<sheet2!$E$2,-1)} -> 0 | Z12: {=_xlfn.IFS(M12>sheet2!$F$2,1,M12=sheet2!$F$2,0,M12<sheet2!$F$2,-1)} -> -1 | AA12: {=_xlfn.IFS(N12>sheet2!$G$2,1,N12=sheet2!$G$2,0,N12<sheet2!$G$2,-1)} -> 0
A13: 0 | B13: 0 | E13: 2 | F13: 天津 | G13: 2019 | H13: 0.35395048 | I13: =(H13-H12)/H12 -> 0.020245993 | J13: 0.117 | K13: 0.135 | L13: 0.18 | M13: 0.16 | N13: 0.65 | O13: 0.585 | P13: 1 | Q13: 1 | R13: 0.64 | S13: 1 | T13: =AVERAGE(O13,R13) -> 0.6125 | U13: =AVERAGE(P13) -> 1 | V13: =AVERAGE(Q13,S13) -> 1 | W13: {=_xlfn.IFS(J13>sheet2!$C$2,1,J13=sheet2!$C$2,0,J13<sheet2!$C$2,-1)} -> -1 | X13: {=_xlfn.IFS(K13>sheet2!$D$2,1,K13=sheet2!$D$2,0,K13<sheet2!$D$2,-1)} -> 0 | Y13: {=_xlfn.IFS(L13>sheet2!$E$2,1,L13=sheet2!$E$2,0,L13<sheet2!$E$2,-1)} -> 0 | Z13: {=_xlfn.IFS(M13>sheet2!$F$2,1,M13=sheet2!$F$2,0,M13<sheet2!$F$2,-1)} -> -1 | AA13: {=_xlfn.IFS(N13>sheet2!$G$2,1,N13=sheet2!$G$2,0,N13<sheet2!$G$2,-1)} -> 0
A14: 0.26554268 | B14: 1 | E14: 2 | F14: 天津 | G14: 2020 | H14: 0.36016632 | I14: =(H14-H13)/H13 -> 0.017561309 | J14: 0.117 | K14: 0.135 | L14: 0.18 | M14: 0.16 | N14: 0.65 | O14: 0.585 | P14: 1 | Q14: 1 | R14: 0.64 | S14: 1 | T14: =AVERAGE(O14,R14) -> 0.6125 | U14: =AVERAGE(P14) -> 1 | V14: =AVERAGE(Q14,S14) -> 1 | W14: {=_xlfn.IFS(J14>sheet2!$C$2,1,J14=sheet2!$C$2,0,J14<sheet2!$C$2,-1)} -> -1 | X14: {=_xlfn.IFS(K14>sheet2!$D$2,1,K14=sheet2!$D$2,0,K14<sheet2!$D$2,-1)} -> 0 | Y14: {=_xlfn.IFS(L14>sheet2!$E$2,1,L14=sheet2!$E$2,0,L14<sheet2!$E$2,-1)} -> 0 | Z14: {=_xlfn.IFS(M14>sheet2!$F$2,1,M14=sheet2!$F$2,0,M14<sheet2!$F$2,-1)} -> -1 | AA14: {=_xlfn.IFS(N14>sheet2!$G$2,1,N14=sheet2!$G$2,0,N14<sheet2!$G$2,-1)} -> 0
A15: -0.021074816 | B15: 1 | E15: 2 | F15: 天津 | G15: 2021 | H15: 0.35929797 | I15: =(H15-H14)/H14 -> -0.0024109645 | J15: 0.144 | K15: 0.14 | L15: 0.18 | M15: 0.25 | N15: 0.65 | O15: 0.72 | P15: 1.037037 | Q15: 1 | R15: 1 | S15: 1 | T15: =AVERAGE(O15,R15) -> 0.86 | U15: =AVERAGE(P15) -> 1.037037 | V15: =AVERAGE(Q15,S15) -> 1 | W15: {=_xlfn.IFS(J15>sheet2!$C$2,1,J15=sheet2!$C$2,0,J15<sheet2!$C$2,-1)} -> -1 | X15: {=_xlfn.IFS(K15>sheet2!$D$2,1,K15=sheet2!$D$2,0,K15<sheet2!$D$2,-1)} -> 1 | Y15: {=_xlfn.IFS(L15>sheet2!$E$2,1,L15=sheet2!$E$2,0,L15<sheet2!$E$2,-1)} -> 0 | Z15: {=_xlfn.IFS(M15>sheet2!$F$2,1,M15=sheet2!$F$2,0,M15<sheet2!$F$2,-1)} -> 0 | AA15: {=_xlfn.IFS(N15>sheet2!$G$2,1,N15=sheet2!$G$2,0,N15<sheet2!$G$2,-1)} -> 0
A16: 0.66807165 | B16: 1 | E16: 2 | F16: 天津 | G16: 2022 | H16: 0.39162797 | I16: =(H16-H15)/H15 -> 0.089981019 | J16: 0.144 | K16: 0.14 | L16: 0.18 | M16: 0.25 | N16: 0.65 | O16: 0.72 | P16: 1.037037 | Q16: 1 | R16: 1 | S16: 1 | T16: =AVERAGE(O16,R16) -> 0.86 | U16: =AVERAGE(P16) -> 1.037037 | V16: =AVERAGE(Q16,S16) -> 1 | W16: {=_xlfn.IFS(J16>sheet2!$C$2,1,J16=sheet2!$C$2,0,J16<sheet2!$C$2,-1)} -> -1 | X16: {=_xlfn.IFS(K16>sheet2!$D$2,1,K16=sheet2!$D$2,0,K16<sheet2!$D$2,-1)} -> 1 | Y16: {=_xlfn.IFS(L16>sheet2!$E$2,1,L16=sheet2!$E$2,0,L16<sheet2!$E$2,-1)} -> 0 | Z16: {=_xlfn.IFS(M16>sheet2!$F$2,1,M16=sheet2!$F$2,0,M16<sheet2!$F$2,-1)} -> 0 | AA16: {=_xlfn.IFS(N16>sheet2!$G$2,1,N16=sheet2!$G$2,0,N16<sheet2!$G$2,-1)} -> 0
A17: 0 | B17: 0 | E17: 2 | F17: 天津 | G17: 2023 | J17: 0.2 | K17: 0.135 | L17: 0.18 | M17: 0.25 | N17: 0.65 | O17: 1 | P17: 1 | Q17: 1 | R17: 1 | S17: 1 | T17: =AVERAGE(O17,R17) -> 1 | U17: =AVERAGE(P17) -> 1 | V17: =AVERAGE(Q17,S17) -> 1 | W17: {=_xlfn.IFS(J17>sheet2!$C$2,1,J17=sheet2!$C$2,0,J17<sheet2!$C$2,-1)} -> 0 | X17: {=_xlfn.IFS(K17>sheet2!$D$2,1,K17=sheet2!$D$2,0,K17<sheet2!$D$2,-1)} -> 0 | Y17: {=_xlfn.IFS(L17>sheet2!$E$2,1,L17=sheet2!$E$2,0,L17<sheet2!$E$2,-1)} -> 0 | Z17: {=_xlfn.IFS(M17>sheet2!$F$2,1,M17=sheet2!$F$2,0,M17<sheet2!$F$2,-1)} -> 0 | AA17: {=_xlfn.IFS(N17>sheet2!$G$2,1,N17=sheet2!$G$2,0,N17<sheet2!$G$2,-1)} -> 0
A18: -0.16859852 | B18: 1 | E18: 3 | F18: 河北 | G18: 2016 | H18: 0.22307135 | J18: 0.13 | K18: 0.135 | L18: 0.18 | M18: 0.19 | N18: 0.65 | O18: 0.65 | P18: 1 | Q18: 1 | R18: 0.76 | S18: 1 | T18: =AVERAGE(O18,R18) -> 0.705 | U18: =AVERAGE(P18) -> 1 | V18: =AVERAGE(Q18,S18) -> 1 | W18: {=_xlfn.IFS(J18>sheet2!$C$2,1,J18=sheet2!$C$2,0,J18<sheet2!$C$2,-1)} -> -1 | X18: {=_xlfn.IFS(K18>sheet2!$D$2,1,K18=sheet2!$D$2,0,K18<sheet2!$D$2,-1)} -> 0 | Y18: {=_xlfn.IFS(L18>sheet2!$E$2,1,L18=sheet2!$E$2,0,L18<sheet2!$E$2,-1)} -> 0 | Z18: {=_xlfn.IFS(M18>sheet2!$F$2,1,M18=sheet2!$F$2,0,M18<sheet2!$F$2,-1)} -> -1 | AA18: {=_xlfn.IFS(N18>sheet2!$G$2,1,N18=sheet2!$G$2,0,N18<sheet2!$G$2,-1)} -> 0
A19: 0.054794521 | B19: 1 | E19: 3 | F19: 河北 | G19: 2017 | H19: 0.24563241 | I19: =(H19-H18)/H18 -> 0.1011383 | J19: 0.13 | K19: 0.135 | L19: 0.18 | M19: 0.19 | N19: 0.65 | O19: 0.65 | P19: 1 | Q19: 1 | R19: 0.76 | S19: 1 | T19: =AVERAGE(O19,R19) -> 0.705 | U19: =AVERAGE(P19) -> 1 | V19: =AVERAGE(Q19,S19) -> 1 | W19: {=_xlfn.IFS(J19>sheet2!$C$2,1,J19=sheet2!$C$2,0,J19<sheet2!$C$2,-1)} -> -1 | X19: {=_xlfn.IFS(K19>sheet2!$D$2,1,K19=sheet2!$D$2,0,K19<sheet2!$D$2,-1)} -> 0 | Y19: {=_xlfn.IFS(L19>sheet2!$E$2,1,L19=sheet2!$E$2,0,L19<sheet2!$E$2,-1)} -> 0 | Z19: {=_xlfn.IFS(M19>sheet2!$F$2,1,M19=sheet2!$F$2,0,M19<sheet2!$F$2,-1)} -> -1 | AA19: {=_xlfn.IFS(N19>sheet2!$G$2,1,N19=sheet2!$G$2,0,N19<sheet2!$G$2,-1)} -> 0
A20: 0.46469968 | B20: 1 | E20: 3 | F20: 河北 | G20: 2018 | H20: 0.28301301 | I20: =(H20-H19)/H19 -> 0.15218106 | J20: 0.13 | K20: 0.135 | L20: 0.18 | M20: 0.19 | N20: 0.65 | O20: 0.65 | P20: 1 | Q20: 1 | R20: 0.76 | S20: 1 | T20: =AVERAGE(O20,R20) -> 0.705 | U20: =AVERAGE(P20) -> 1 | V20: =AVERAGE(Q20,S20) -> 1 | W20: {=_xlfn.IFS(J20>sheet2!$C$2,1,J20=sheet2!$C$2,0,J20<sheet2!$C$2,-1)} -> -1 | X20: {=_xlfn.IFS(K20>sheet2!$D$2,1,K20=sheet2!$D$2,0,K20<sheet2!$D$2,-1)} -> 0 | Y20: {=_xlfn.IFS(L20>sheet2!$E$2,1,L20=sheet2!$E$2,0,L20<sheet2!$E$2,-1)} -> 0 | Z20: {=_xlfn.IFS(M20>sheet2!$F$2,1,M20=sheet2!$F$2,0,M20<sheet2!$F$2,-1)} -> -1 | AA20: {=_xlfn.IFS(N20>sheet2!$G$2,1,N20=sheet2!$G$2,0,N20<sheet2!$G$2,-1)} -> 0
A21: 0.45626976 | B21: 1 | E21: 3 | F21: 河北 | G21: 2019 | H21: 0.26492564 | I21: =(H21-H20)/H20 -> -0.063910033 | J21: 0.13 | K21: 0.135 | L21: 0.18 | M21: 0.19 | N21: 0.65 | O21: 0.65 | P21: 1 | Q21: 1 | R21: 0.76 | S21: 1 | T21: =AVERAGE(O21,R21) -> 0.705 | U21: =AVERAGE(P21) -> 1 | V21: =AVERAGE(Q21,S21) -> 1 | W21: {=_xlfn.IFS(J21>sheet2!$C$2,1,J21=sheet2!$C$2,0,J21<sheet2!$C$2,-1)} -> -1 | X21: {=_xlfn.IFS(K21>sheet2!$D$2,1,K21=sheet2!$D$2,0,K21<sheet2!$D$2,-1)} -> 0 | Y21: {=_xlfn.IFS(L21>sheet2!$E$2,1,L21=sheet2!$E$2,0,L21<sheet2!$E$2,-1)} -> 0 | Z21: {=_xlfn.IFS(M21>sheet2!$F$2,1,M21=sheet2!$F$2,0,M21<sheet2!$F$2,-1)} -> -1 | AA21: {=_xlfn.IFS(N21>sheet2!$G$2,1,N21=sheet2!$G$2,0,N21<sheet2!$G$2,-1)} -> 0
A22: 0 | B22: 0 | E22: 3 | F22: 河北 | G22: 2020 | H22: 0.27888529 | I22: =(H22-H21)/H21 -> 0.052692731 | J22: 0.13 | K22: 0.135 | L22: 0.18 | M22: 0.19 | N22: 0.65 | O22: 0.65 | P22: 1 | Q22: 1 | R22: 0.76 | S22: 1 | T22: =AVERAGE(O22,R22) -> 0.705 | U22: =AVERAGE(P22) -> 1 | V22: =AVERAGE(Q22,S22) -> 1 | W22: {=_xlfn.IFS(J22>sheet2!$C$2,1,J22=sheet2!$C$2,0,J22<sheet2!$C$2,-1)} -> -1 | X22: {=_xlfn.IFS(K22>sheet2!$D$2,1,K22=sheet2!$D$2,0,K22<sheet2!$D$2,-1)} -> 0 | Y22: {=_xlfn.IFS(L22>sheet2!$E$2,1,L22=sheet2!$E$2,0,L22<sheet2!$E$2,-1)} -> 0 | Z22: {=_xlfn.IFS(M22>sheet2!$F$2,1,M22=sheet2!$F$2,0,M22<sheet2!$F$2,-1)} -> -1 | AA22: {=_xlfn.IFS(N22>sheet2!$G$2,1,N22=sheet2!$G$2,0,N22<sheet2!$G$2,-1)} -> 0
A23: 0.31506849 | B23: 1 | E23: 3 | F23: 河北 | G23: 2021 | H23: 0.31943668 | I23: =(H23-H22)/H22 -> 0.14540525 | J23: 0.3 | K23: 0.125 | L23: 0.18 | M23: 0.35 | N23: 0.65 | O23: 1.5 | P23: 0.92592593 | Q23: 1 | R23: 1.4 | S23: 1 | T23: =AVERAGE(O23,R23) -> 1.45 | U23: =AVERAGE(P23) -> 0.92592593 | V23: =AVERAGE(Q23,S23) -> 1 | W23: {=_xlfn.IFS(J23>sheet2!$C$2,1,J23=sheet2!$C$2,0,J23<sheet2!$C$2,-1)} -> 1 | X23: {=_xlfn.IFS(K23>sheet2!$D$2,1,K23=sheet2!$D$2,0,K23<sheet2!$D$2,-1)} -> -1 | Y23: {=_xlfn.IFS(L23>sheet2!$E$2,1,L23=sheet2!$E$2,0,L23<sheet2!$E$2,-1)} -> 0 | Z23: {=_xlfn.IFS(M23>sheet2!$F$2,1,M23=sheet2!$F$2,0,M23<sheet2!$F$2,-1)} -> 1 | AA23: {=_xlfn.IFS(N23>sheet2!$G$2,1,N23=sheet2!$G$2,0,N23<sheet2!$G$2,-1)} -> 0
A24: 0.46469968 | B24: 1 | E24: 3 | F24: 河北 | G24: 2022 | H24: 0.32134809 | I24: =(H24-H23)/H23 -> 0.0059836922 | J24: 0.3 | K24: 0.125 | L24: 0.18 | M24: 0.35 | N24: 0.65 | O24: 1.5 | P24: 0.92592593 | Q24: 1 | R24: 1.4 | S24: 1 | T24: =AVERAGE(O24,R24) -> 1.45 | U24: =AVERAGE(P24) -> 0.92592593 | V24: =AVERAGE(Q24,S24) -> 1 | W24: {=_xlfn.IFS(J24>sheet2!$C$2,1,J24=sheet2!$C$2,0,J24<sheet2!$C$2,-1)} -> 1 | X24: {=_xlfn.IFS(K24>sheet2!$D$2,1,K24=sheet2!$D$2,0,K24<sheet2!$D$2,-1)} -> -1 | Y24: {=_xlfn.IFS(L24>sheet2!$E$2,1,L24=sheet2!$E$2,0,L24<sheet2!$E$2,-1)} -> 0 | Z24: {=_xlfn.IFS(M24>sheet2!$F$2,1,M24=sheet2!$F$2,0,M24<sheet2!$F$2,-1)} -> 1 | AA24: {=_xlfn.IFS(N24>sheet2!$G$2,1,N24=sheet2!$G$2,0,N24<sheet2!$G$2,-1)} -> 0
A25: 0.65437302 | B25: 1 | E25: 3 | F25: 河北 | G25: 2023 | J25: 0.3 | K25: 0.125 | L25: 0.18 | M25: 0.35 | N25: 0.65 | O25: 1.5 | P25: 0.92592593 | Q25: 1 | R25: 1.4 | S25: 1 | T25: =AVERAGE(O25,R25) -> 1.45 | U25: =AVERAGE(P25) -> 0.92592593 | V25: =AVERAGE(Q25,S25) -> 1 | W25: {=_xlfn.IFS(J25>sheet2!$C$2,1,J25=sheet2!$C$2,0,J25<sheet2!$C$2,-1)} -> 1 | X25: {=_xlfn.IFS(K25>sheet2!$D$2,1,K25=sheet2!$D$2,0,K25<sheet2!$D$2,-1)} -> -1 | Y25: {=_xlfn.IFS(L25>sheet2!$E$2,1,L25=sheet2!$E$2,0,L25<sheet2!$E$2,-1)} -> 0 | Z25: {=_xlfn.IFS(M25>sheet2!$F$2,1,M25=sheet2!$F$2,0,M25<sheet2!$F$2,-1)} -> 1 | AA25: {=_xlfn.IFS(N25>sheet2!$G$2,1,N25=sheet2!$G$2,0,N25<sheet2!$G$2,-1)} -> 0
A26: 0.35721812 | B26: 1 | E26: 4 | F26: 山西 | G26: 2016 | H26: 0.24061153 | J26: 0.12 | K26: 0.135 | L26: 0.18 | M26: 0.18 | N26: 0.65 | O26: 0.6 | P26: 1 | Q26: 1 | R26: 0.72 | S26: 1 | T26: =AVERAGE(O26,R26) -> 0.66 | U26: =AVERAGE(P26) -> 1 | V26: =AVERAGE(Q26,S26) -> 1 | W26: {=_xlfn.IFS(J26>sheet2!$C$2,1,J26=sheet2!$C$2,0,J26<sheet2!$C$2,-1)} -> -1 | X26: {=_xlfn.IFS(K26>sheet2!$D$2,1,K26=sheet2!$D$2,0,K26<sheet2!$D$2,-1)} -> 0 | Y26: {=_xlfn.IFS(L26>sheet2!$E$2,1,L26=sheet2!$E$2,0,L26<sheet2!$E$2,-1)} -> 0 | Z26: {=_xlfn.IFS(M26>sheet2!$F$2,1,M26=sheet2!$F$2,0,M26<sheet2!$F$2,-1)} -> -1 | AA26: {=_xlfn.IFS(N26>sheet2!$G$2,1,N26=sheet2!$G$2,0,N26<sheet2!$G$2,-1)} -> 0
A27: 0.51001054 | B27: 1 | E27: 4 | F27: 山西 | G27: 2017 | H27: 0.26312939 | I27: =(H27-H26)/H26 -> 0.093585968 | J27: 0.12 | K27: 0.135 | L27: 0.18 | M27: 0.18 | N27: 0.65 | O27: 0.6 | P27: 1 | Q27: 1 | R27: 0.72 | S27: 1 | T27: =AVERAGE(O27,R27) -> 0.66 | U27: =AVERAGE(P27) -> 1 | V27: =AVERAGE(Q27,S27) -> 1 | W27: {=_xlfn.IFS(J27>sheet2!$C$2,1,J27=sheet2!$C$2,0,J27<sheet2!$C$2,-1)} -> -1 | X27: {=_xlfn.IFS(K27>sheet2!$D$2,1,K27=sheet2!$D$2,0,K27<sheet2!$D$2,-1)} -> 0 | Y27: {=_xlfn.IFS(L27>sheet2!$E$2,1,L27=sheet2!$E$2,0,L27<sheet2!$E$2,-1)} -> 0 | Z27: {=_xlfn.IFS(M27>sheet2!$F$2,1,M27=sheet2!$F$2,0,M27<sheet2!$F$2,-1)} -> -1 | AA27: {=_xlfn.IFS(N27>sheet2!$G$2,1,N27=sheet2!$G$2,0,N27<sheet2!$G$2,-1)} -> 0
A28: 0.71759747 | B28: 1 | E28: 4 | F28: 山西 | G28: 2018 | H28: 0.29171652 | I28: =(H28-H27)/H27 -> 0.10864285 | J28: 0.12 | K28: 0.135 | L28: 0.18 | M28: 0.18 | N28: 0.65 | O28: 0.6 | P28: 1 | Q28: 1 | R28: 0.72 | S28: 1 | T28: =AVERAGE(O28,R28) -> 0.66 | U28: =AVERAGE(P28) -> 1 | V28: =AVERAGE(Q28,S28) -> 1 | W28: {=_xlfn.IFS(J28>sheet2!$C$2,1,J28=sheet2!$C$2,0,J28<sheet2!$C$2,-1)} -> -1 | X28: {=_xlfn.IFS(K28>sheet2!$D$2,1,K28=sheet2!$D$2,0,K28<sheet2!$D$2,-1)} -> 0 | Y28: {=_xlfn.IFS(L28>sheet2!$E$2,1,L28=sheet2!$E$2,0,L28<sheet2!$E$2,-1)} -> 0 | Z28: {=_xlfn.IFS(M28>sheet2!$F$2,1,M28=sheet2!$F$2,0,M28<sheet2!$F$2,-1)} -> -1 | AA28: {=_xlfn.IFS(N28>sheet2!$G$2,1,N28=sheet2!$G$2,0,N28<sheet2!$G$2,-1)} -> 0
A29: 0.39515279 | B29: 1 | E29: 4 | F29: 山西 | G29: 2019 | H29: 0.29011884 | I29: =(H29-H28)/H28 -> -0.0054768283 | J29: 0.12 | K29: 0.135 | L29: 0.18 | M29: 0.18 | N29: 0.65 | O29: 0.6 | P29: 1 | Q29: 1 | R29: 0.72 | S29: 1 | T29: =AVERAGE(O29,R29) -> 0.66 | U29: =AVERAGE(P29) -> 1 | V29: =AVERAGE(Q29,S29) -> 1 | W29: {=_xlfn.IFS(J29>sheet2!$C$2,1,J29=sheet2!$C$2,0,J29<sheet2!$C$2,-1)} -> -1 | X29: {=_xlfn.IFS(K29>sheet2!$D$2,1,K29=sheet2!$D$2,0,K29<sheet2!$D$2,-1)} -> 0 | Y29: {=_xlfn.IFS(L29>sheet2!$E$2,1,L29=sheet2!$E$2,0,L29<sheet2!$E$2,-1)} -> 0 | Z29: {=_xlfn.IFS(M29>sheet2!$F$2,1,M29=sheet2!$F$2,0,M29<sheet2!$F$2,-1)} -> -1 | AA29: {=_xlfn.IFS(N29>sheet2!$G$2,1,N29=sheet2!$G$2,0,N29<sheet2!$G$2,-1)} -> 0
A30: 0 | B30: 1 | E30: 4 | F30: 山西 | G30: 2020 | H30: 0.30115491 | I30: =(H30-H29)/H29 -> 0.038039843 | J30: 0.12 | K30: 0.135 | L30: 0.18 | M30: 0.18 | N30: 0.65 | O30: 0.6 | P30: 1 | Q30: 1 | R30: 0.72 | S30: 1 | T30: =AVERAGE(O30,R30) -> 0.66 | U30: =AVERAGE(P30) -> 1 | V30: =AVERAGE(Q30,S30) -> 1 | W30: {=_xlfn.IFS(J30>sheet2!$C$2,1,J30=sheet2!$C$2,0,J30<sheet2!$C$2,-1)} -> -1 | X30: {=_xlfn.IFS(K30>sheet2!$D$2,1,K30=sheet2!$D$2,0,K30<sheet2!$D$2,-1)} -> 0 | Y30: {=_xlfn.IFS(L30>sheet2!$E$2,1,L30=sheet2!$E$2,0,L30<sheet2!$E$2,-1)} -> 0 | Z30: {=_xlfn.IFS(M30>sheet2!$F$2,1,M30=sheet2!$F$2,0,M30<sheet2!$F$2,-1)} -> -1 | AA30: {=_xlfn.IFS(N30>sheet2!$G$2,1,N30=sheet2!$G$2,0,N30<sheet2!$G$2,-1)} -> 0
E31: 4 | F31: 山西 | G31: 2021 | H31: 0.30944368 | I31: =(H31-H30)/H30 -> 0.027523269 | J31: 0.32 | K31: 0.135 | L31: 0.18 | M31: 0.35 | N31: 0.65 | O31: 1.6 | P31: 1 | Q31: 1 | R31: 1.4 | S31: 1 | T31: =AVERAGE(O31,R31) -> 1.5 | U31: =AVERAGE(P31) -> 1 | V31: =AVERAGE(Q31,S31) -> 1 | W31: {=_xlfn.IFS(J31>sheet2!$C$2,1,J31=sheet2!$C$2,0,J31<sheet2!$C$2,-1)} -> 1 | X31: {=_xlfn.IFS(K31>sheet2!$D$2,1,K31=sheet2!$D$2,0,K31<sheet2!$D$2,-1)} -> 0 | Y31: {=_xlfn.IFS(L31>sheet2!$E$2,1,L31=sheet2!$E$2,0,L31<sheet2!$E$2,-1)} -> 0 | Z31: {=_xlfn.IFS(M31>sheet2!$F$2,1,M31=sheet2!$F$2,0,M31<sheet2!$F$2,-1)} -> 1 | AA31: {=_xlfn.IFS(N31>sheet2!$G$2,1,N31=sheet2!$G$2,0,N31<sheet2!$G$2,-1)} -> 0
E32: 4 | F32: 山西 | G32: 2022 | H32: 0.376648 | I32: =(H32-H31)/H31 -> 0.21717787 | J32: 0.32 | K32: 0.135 | L32: 0.18 | M32: 0.35 | N32: 0.65 | O32: 1.6 | P32: 1 | Q32: 1 | R32: 1.4 | S32: 1 | T32: =AVERAGE(O32,R32) -> 1.5 | U32: =AVERAGE(P32) -> 1 | V32: =AVERAGE(Q32,S32) -> 1 | W32: {=_xlfn.IFS(J32>sheet2!$C$2,1,J32=sheet2!$C$2,0,J32<sheet2!$C$2,-1)} -> 1 | X32: {=_xlfn.IFS(K32>sheet2!$D$2,1,K32=sheet2!$D$2,0,K32<sheet2!$D$2,-1)} -> 0 | Y32: {=_xlfn.IFS(L32>sheet2!$E$2,1,L32=sheet2!$E$2,0,L32<sheet2!$E$2,-1)} -> 0 | Z32: {=_xlfn.IFS(M32>sheet2!$F$2,1,M32=sheet2!$F$2,0,M32<sheet2!$F$2,-1)} -> 1 | AA32: {=_xlfn.IFS(N32>sheet2!$G$2,1,N32=sheet2!$G$2,0,N32<sheet2!$G$2,-1)} -> 0
E33: 4 | F33: 山西 | G33: 2023 | J33: 0.3 | K33: 0.135 | L33: 0.18 | M33: 0.35 | N33: 0.65 | O33: 1.5 | P33: 1 | Q33: 1 | R33: 1.4 | S33: 1 | T33: =AVERAGE(O33,R33) -> 1.45 | U33: =AVERAGE(P33) -> 1 | V33: =AVERAGE(Q33,S33) -> 1 | W33: {=_xlfn.IFS(J33>sheet2!$C$2,1,J33=sheet2!$C$2,0,J33<sheet2!$C$2,-1)} -> 1 | X33: {=_xlfn.IFS(K33>sheet2!$D$2,1,K33=sheet2!$D$2,0,K33<sheet2!$D$2,-1)} -> 0 | Y33: {=_xlfn.IFS(L33>sheet2!$E$2,1,L33=sheet2!$E$2,0,L33<sheet2!$E$2,-1)} -> 0 | Z33: {=_xlfn.IFS(M33>sheet2!$F$2,1,M33=sheet2!$F$2,0,M33<sheet2!$F$2,-1)} -> 1 | AA33: {=_xlfn.IFS(N33>sheet2!$G$2,1,N33=sheet2!$G$2,0,N33<sheet2!$G$2,-1)} -> 0
E34: 5 | F34: 内蒙古 | G34: 2016 | H34: 0.32668048 | J34: 0.18 | K34: 0.135 | L34: 0.18 | M34: 0.25 | N34: 0.65 | O34: 0.9 | P34: 1 | Q34: 1 | R34: 1 | S34: 1 | T34: =AVERAGE(O34,R34) -> 0.95 | U34: =AVERAGE(P34) -> 1 | V34: =AVERAGE(Q34,S34) -> 1 | W34: {=_xlfn.IFS(J34>sheet2!$C$2,1,J34=sheet2!$C$2,0,J34<sheet2!$C$2,-1)} -> -1 | X34: {=_xlfn.IFS(K34>sheet2!$D$2,1,K34=sheet2!$D$2,0,K34<sheet2!$D$2,-1)} -> 0 | Y34: {=_xlfn.IFS(L34>sheet2!$E$2,1,L34=sheet2!$E$2,0,L34<sheet2!$E$2,-1)} -> 0 | Z34: {=_xlfn.IFS(M34>sheet2!$F$2,1,M34=sheet2!$F$2,0,M34<sheet2!$F$2,-1)} -> 0 | AA34: {=_xlfn.IFS(N34>sheet2!$G$2,1,N34=sheet2!$G$2,0,N34<sheet2!$G$2,-1)} -> 0
E35: 5 | F35: 内蒙古 | G35: 2017 | H35: 0.35588349 | I35: =(H35-H34)/H34 -> 0.089393178 | J35: 0.18 | K35: 0.135 | L35: 0.18 | M35: 0.25 | N35: 0.65 | O35: 0.9 | P35: 1 | Q35: 1 | R35: 1 | S35: 1 | T35: =AVERAGE(O35,R35) -> 0.95 | U35: =AVERAGE(P35) -> 1 | V35: =AVERAGE(Q35,S35) -> 1 | W35: {=_xlfn.IFS(J35>sheet2!$C$2,1,J35=sheet2!$C$2,0,J35<sheet2!$C$2,-1)} -> -1 | X35: {=_xlfn.IFS(K35>sheet2!$D$2,1,K35=sheet2!$D$2,0,K35<sheet2!$D$2,-1)} -> 0 | Y35: {=_xlfn.IFS(L35>sheet2!$E$2,1,L35=sheet2!$E$2,0,L35<sheet2!$E$2,-1)} -> 0 | Z35: {=_xlfn.IFS(M35>sheet2!$F$2,1,M35=sheet2!$F$2,0,M35<sheet2!$F$2,-1)} -> 0 | AA35: {=_xlfn.IFS(N35>sheet2!$G$2,1,N35=sheet2!$G$2,0,N35<sheet2!$G$2,-1)} -> 0
E36: 5 | F36: 内蒙古 | G36: 2018 | H36: 0.35655925 | I36: =(H36-H35)/H35 -> 0.001898827 | J36: 0.18 | K36: 0.135 | L36: 0.18 | M36: 0.25 | N36: 0.65 | O36: 0.9 | P36: 1 | Q36: 1 | R36: 1 | S36: 1 | T36: =AVERAGE(O36,R36) -> 0.95 | U36: =AVERAGE(P36) -> 1 | V36: =AVERAGE(Q36,S36) -> 1 | W36: {=_xlfn.IFS(J36>sheet2!$C$2,1,J36=sheet2!$C$2,0,J36<sheet2!$C$2,-1)} -> -1 | X36: {=_xlfn.IFS(K36>sheet2!$D$2,1,K36=sheet2!$D$2,0,K36<sheet2!$D$2,-1)} -> 0 | Y36: {=_xlfn.IFS(L36>sheet2!$E$2,1,L36=sheet2!$E$2,0,L36<sheet2!$E$2,-1)} -> 0 | Z36: {=_xlfn.IFS(M36>sheet2!$F$2,1,M36=sheet2!$F$2,0,M36<sheet2!$F$2,-1)} -> 0 | AA36: {=_xlfn.IFS(N36>sheet2!$G$2,1,N36=sheet2!$G$2,0,N36<sheet2!$G$2,-1)} -> 0
E37: 5 | F37: 内蒙古 | G37: 2019 | H37: 0.3589921 | I37: =(H37-H36)/H36 -> 0.0068231288 | J37: 0.18 | K37: 0.135 | L37: 0.18 | M37: 0.25 | N37: 0.65 | O37: 0.9 | P37: 1 | Q37: 1 | R37: 1 | S37: 1 | T37: =AVERAGE(O37,R37) -> 0.95 | U37: =AVERAGE(P37) -> 1 | V37: =AVERAGE(Q37,S37) -> 1 | W37: {=_xlfn.IFS(J37>sheet2!$C$2,1,J37=sheet2!$C$2,0,J37<sheet2!$C$2,-1)} -> -1 | X37: {=_xlfn.IFS(K37>sheet2!$D$2,1,K37=sheet2!$D$2,0,K37<sheet2!$D$2,-1)} -> 0 | Y37: {=_xlfn.IFS(L37>sheet2!$E$2,1,L37=sheet2!$E$2,0,L37<sheet2!$E$2,-1)} -> 0 | Z37: {=_xlfn.IFS(M37>sheet2!$F$2,1,M37=sheet2!$F$2,0,M37<sheet2!$F$2,-1)} -> 0 | AA37: {=_xlfn.IFS(N37>sheet2!$G$2,1,N37=sheet2!$G$2,0,N37<sheet2!$G$2,-1)} -> 0
E38: 5 | F38: 内蒙古 | G38: 2020 | H38: 0.3705434 | I38: =(H38-H37)/H37 -> 0.032177052 | J38: 0.18 | K38: 0.135 | L38: 0.18 | M38: 0.25 | N38: 0.65 | O38: 0.9 | P38: 1 | Q38: 1 | R38: 1 | S38: 1 | T38: =AVERAGE(O38,R38) -> 0.95 | U38: =AVERAGE(P38) -> 1 | V38: =AVERAGE(Q38,S38) -> 1 | W38: {=_xlfn.IFS(J38>sheet2!$C$2,1,J38=sheet2!$C$2,0,J38<sheet2!$C$2,-1)} -> -1 | X38: {=_xlfn.IFS(K38>sheet2!$D$2,1,K38=sheet2!$D$2,0,K38<sheet2!$D$2,-1)} -> 0 | Y38: {=_xlfn.IFS(L38>sheet2!$E$2,1,L38=sheet2!$E$2,0,L38<sheet2!$E$2,-1)} -> 0 | Z38: {=_xlfn.IFS(M38>sheet2!$F$2,1,M38=sheet2!$F$2,0,M38<sheet2!$F$2,-1)} -> 0 | AA38: {=_xlfn.IFS(N38>sheet2!$G$2,1,N38=sheet2!$G$2,0,N38<sheet2!$G$2,-1)} -> 0
E39: 5 | F39: 内蒙古 | G39: 2021 | H39: 0.40318423 | I39: =(H39-H38)/H38 -> 0.088089082 | J39: 0.3 | K39: 0.135 | L39: 0.18 | M39: 0.35 | N39: 0.65 | O39: 1.5 | P39: 1 | Q39: 1 | R39: 1.4 | S39: 1 | T39: =AVERAGE(O39,R39) -> 1.45 | U39: =AVERAGE(P39) -> 1 | V39: =AVERAGE(Q39,S39) -> 1 | W39: {=_xlfn.IFS(J39>sheet2!$C$2,1,J39=sheet2!$C$2,0,J39<sheet2!$C$2,-1)} -> 1 | X39: {=_xlfn.IFS(K39>sheet2!$D$2,1,K39=sheet2!$D$2,0,K39<sheet2!$D$2,-1)} -> 0 | Y39: {=_xlfn.IFS(L39>sheet2!$E$2,1,L39=sheet2!$E$2,0,L39<sheet2!$E$2,-1)} -> 0 | Z39: {=_xlfn.IFS(M39>sheet2!$F$2,1,M39=sheet2!$F$2,0,M39<sheet2!$F$2,-1)} -> 1 | AA39: {=_xlfn.IFS(N39>sheet2!$G$2,1,N39=sheet2!$G$2,0,N39<sheet2!$G$2,-1)} -> 0
E40: 5 | F40: 内蒙古 | G40: 2022 | H40: 0.41102771 | I40: =(H40-H39)/H39 -> 0.01945382 | J40: 0.216 | K40: 0.135 | L40: 0.18 | M40: 0.25 | N40: 0.65 | O40: 1.08 | P40: 1 | Q40: 1 | R40: 1 | S40: 1 | T40: =AVERAGE(O40,R40) -> 1.04 | U40: =AVERAGE(P40) -> 1 | V40: =AVERAGE(Q40,S40) -> 1 | W40: {=_xlfn.IFS(J40>sheet2!$C$2,1,J40=sheet2!$C$2,0,J40<sheet2!$C$2,-1)} -> 1 | X40: {=_xlfn.IFS(K40>sheet2!$D$2,1,K40=sheet2!$D$2,0,K40<sheet2!$D$2,-1)} -> 0 | Y40: {=_xlfn.IFS(L40>sheet2!$E$2,1,L40=sheet2!$E$2,0,L40<sheet2!$E$2,-1)} -> 0 | Z40: {=_xlfn.IFS(M40>sheet2!$F$2,1,M40=sheet2!$F$2,0,M40<sheet2!$F$2,-1)} -> 0 | AA40: {=_xlfn.IFS(N40>sheet2!$G$2,1,N40=sheet2!$G$2,0,N40<sheet2!$G$2,-1)} -> 0
E41: 6 | F41: 辽宁 | G41: 2016 | H41: 0.28841748 | J41: 0.137 | K41: 0.145 | L41: 0.18 | M41: 0.2 | N41: 0.65 | O41: 0.685 | P41: 1.0740741 | Q41: 1 | R41: 0.8 | S41: 1 | T41: =AVERAGE(O41,R41) -> 0.7425 | U41: =AVERAGE(P41) -> 1.0740741 | V41: =AVERAGE(Q41,S41) -> 1 | W41: {=_xlfn.IFS(J41>sheet2!$C$2,1,J41=sheet2!$C$2,0,J41<sheet2!$C$2,-1)} -> -1 | X41: {=_xlfn.IFS(K41>sheet2!$D$2,1,K41=sheet2!$D$2,0,K41<sheet2!$D$2,-1)} -> 1 | Y41: {=_xlfn.IFS(L41>sheet2!$E$2,1,L41=sheet2!$E$2,0,L41<sheet2!$E$2,-1)} -> 0 | Z41: {=_xlfn.IFS(M41>sheet2!$F$2,1,M41=sheet2!$F$2,0,M41<sheet2!$F$2,-1)} -> -1 | AA41: {=_xlfn.IFS(N41>sheet2!$G$2,1,N41=sheet2!$G$2,0,N41<sheet2!$G$2,-1)} -> 0
E42: 6 | F42: 辽宁 | G42: 2017 | H42: 0.29456883 | I42: =(H42-H41)/H41 -> 0.021327934 | J42: 0.137 | K42: 0.145 | L42: 0.18 | M42: 0.2 | N42: 0.65 | O42: 0.685 | P42: 1.0740741 | Q42: 1 | R42: 0.8 | S42: 1 | T42: =AVERAGE(O42,R42) -> 0.7425 | U42: =AVERAGE(P42) -> 1.0740741 | V42: =AVERAGE(Q42,S42) -> 1 | W42: {=_xlfn.IFS(J42>sheet2!$C$2,1,J42=sheet2!$C$2,0,J42<sheet2!$C$2,-1)} -> -1 | X42: {=_xlfn.IFS(K42>sheet2!$D$2,1,K42=sheet2!$D$2,0,K42<sheet2!$D$2,-1)} -> 1 | Y42: {=_xlfn.IFS(L42>sheet2!$E$2,1,L42=sheet2!$E$2,0,L42<sheet2!$E$2,-1)} -> 0 | Z42: {=_xlfn.IFS(M42>sheet2!$F$2,1,M42=sheet2!$F$2,0,M42<sheet2!$F$2,-1)} -> -1 | AA42: {=_xlfn.IFS(N42>sheet2!$G$2,1,N42=sheet2!$G$2,0,N42<sheet2!$G$2,-1)} -> 0
E43: 6 | F43: 辽宁 | G43: 2018 | H43: 0.31191126 | I43: =(H43-H42)/H42 -> 0.058873939 | J43: 0.137 | K43: 0.145 | L43: 0.18 | M43: 0.2 | N43: 0.65 | O43: 0.685 | P43: 1.0740741 | Q43: 1 | R43: 0.8 | S43: 1 | T43: =AVERAGE(O43,R43) -> 0.7425 | U43: =AVERAGE(P43) -> 1.0740741 | V43: =AVERAGE(Q43,S43) -> 1 | W43: {=_xlfn.IFS(J43>sheet2!$C$2,1,J43=sheet2!$C$2,0,J43<sheet2!$C$2,-1)} -> -1 | X43: {=_xlfn.IFS(K43>sheet2!$D$2,1,K43=sheet2!$D$2,0,K43<sheet2!$D$2,-1)} -> 1 | Y43: {=_xlfn.IFS(L43>sheet2!$E$2,1,L43=sheet2!$E$2,0,L43<sheet2!$E$2,-1)} -> 0 | Z43: {=_xlfn.IFS(M43>sheet2!$F$2,1,M43=sheet2!$F$2,0,M43<sheet2!$F$2,-1)} -> -1 | AA43: {=_xlfn.IFS(N43>sheet2!$G$2,1,N43=sheet2!$G$2,0,N43<sheet2!$G$2,-1)} -> 0
E44: 6 | F44: 辽宁 | G44: 2019 | H44: 0.31200788 | I44: =(H44-H43)/H43 -> 0.0003097847 | J44: 0.137 | K44: 0.145 | L44: 0.18 | M44: 0.2 | N44: 0.65 | O44: 0.685 | P44: 1.0740741 | Q44: 1 | R44: 0.8 | S44: 1 | T44: =AVERAGE(O44,R44) -> 0.7425 | U44: =AVERAGE(P44) -> 1.0740741 | V44: =AVERAGE(Q44,S44) -> 1 | W44: {=_xlfn.IFS(J44>sheet2!$C$2,1,J44=sheet2!$C$2,0,J44<sheet2!$C$2,-1)} -> -1 | X44: {=_xlfn.IFS(K44>sheet2!$D$2,1,K44=sheet2!$D$2,0,K44<sheet2!$D$2,-1)} -> 1 | Y44: {=_xlfn.IFS(L44>sheet2!$E$2,1,L44=sheet2!$E$2,0,L44<sheet2!$E$2,-1)} -> 0 | Z44: {=_xlfn.IFS(M44>sheet2!$F$2,1,M44=sheet2!$F$2,0,M44<sheet2!$F$2,-1)} -> -1 | AA44: {=_xlfn.IFS(N44>sheet2!$G$2,1,N44=sheet2!$G$2,0,N44<sheet2!$G$2,-1)} -> 0
E45: 6 | F45: 辽宁 | G45: 2020 | H45: 0.31899534 | I45: =(H45-H44)/H44 -> 0.022395139 | J45: 0.137 | K45: 0.145 | L45: 0.18 | M45: 0.2 | N45: 0.65 | O45: 0.685 | P45: 1.0740741 | Q45: 1 | R45: 0.8 | S45: 1 | T45: =AVERAGE(O45,R45) -> 0.7425 | U45: =AVERAGE(P45) -> 1.0740741 | V45: =AVERAGE(Q45,S45) -> 1 | W45: {=_xlfn.IFS(J45>sheet2!$C$2,1,J45=sheet2!$C$2,0,J45<sheet2!$C$2,-1)} -> -1 | X45: {=_xlfn.IFS(K45>sheet2!$D$2,1,K45=sheet2!$D$2,0,K45<sheet2!$D$2,-1)} -> 1 | Y45: {=_xlfn.IFS(L45>sheet2!$E$2,1,L45=sheet2!$E$2,0,L45<sheet2!$E$2,-1)} -> 0 | Z45: {=_xlfn.IFS(M45>sheet2!$F$2,1,M45=sheet2!$F$2,0,M45<sheet2!$F$2,-1)} -> -1 | AA45: {=_xlfn.IFS(N45>sheet2!$G$2,1,N45=sheet2!$G$2,0,N45<sheet2!$G$2,-1)} -> 0
E46: 6 | F46: 辽宁 | G46: 2021 | H46: 0.33859878 | I46: =(H46-H45)/H45 -> 0.06145366 | J46: 0.216 | K46: 0.135 | L46: 0.18 | M46: 0.25 | N46: 0.65 | O46: 1.08 | P46: 1 | Q46: 1 | R46: 1 | S46: 1 | T46: =AVERAGE(O46,R46) -> 1.04 | U46: =AVERAGE(P46) -> 1 | V46: =AVERAGE(Q46,S46) -> 1 | W46: {=_xlfn.IFS(J46>sheet2!$C$2,1,J46=sheet2!$C$2,0,J46<sheet2!$C$2,-1)} -> 1 | X46: {=_xlfn.IFS(K46>sheet2!$D$2,1,K46=sheet2!$D$2,0,K46<sheet2!$D$2,-1)} -> 0 | Y46: {=_xlfn.IFS(L46>sheet2!$E$2,1,L46=sheet2!$E$2,0,L46<sheet2!$E$2,-1)} -> 0 | Z46: {=_xlfn.IFS(M46>sheet2!$F$2,1,M46=sheet2!$F$2,0,M46<sheet2!$F$2,-1)} -> 0 | AA46: {=_xlfn.IFS(N46>sheet2!$G$2,1,N46=sheet2!$G$2,0,N46<sheet2!$G$2,-1)} -> 0
E47: 6 | F47: 辽宁 | G47: 2022 | H47: 0.34558682 | I47: =(H47-H46)/H46 -> 0.020638127 | J47: 0.22 | K47: 0.135 | L47: 0.18 | M47: 0.54 | N47: 0.65 | O47: 1.1 | P47: 1 | Q47: 1 | R47: 2.16 | S47: 1 | T47: =AVERAGE(O47,R47) -> 1.63 | U47: =AVERAGE(P47) -> 1 | V47: =AVERAGE(Q47,S47) -> 1 | W47: {=_xlfn.IFS(J47>sheet2!$C$2,1,J47=sheet2!$C$2,0,J47<sheet2!$C$2,-1)} -> 1 | X47: {=_xlfn.IFS(K47>sheet2!$D$2,1,K47=sheet2!$D$2,0,K47<sheet2!$D$2,-1)} -> 0 | Y47: {=_xlfn.IFS(L47>sheet2!$E$2,1,L47=sheet2!$E$2,0,L47<sheet2!$E$2,-1)} -> 0 | Z47: {=_xlfn.IFS(M47>sheet2!$F$2,1,M47=sheet2!$F$2,0,M47<sheet2!$F$2,-1)} -> 1 | AA47: {=_xlfn.IFS(N47>sheet2!$G$2,1,N47=sheet2!$G$2,0,N47<sheet2!$G$2,-1)} -> 0
E48: 7 | F48: 吉林 | G48: 2016 | H48: 0.31241227 | J48: 0.177 | K48: 0.135 | L48: 0.18 | M48: 0.2 | N48: 0.65 | O48: 0.885 | P48: 1 | Q48: 1 | R48: 0.8 | S48: 1 | T48: =AVERAGE(O48,R48) -> 0.8425 | U48: =AVERAGE(P48) -> 1 | V48: =AVERAGE(Q48,S48) -> 1 | W48: {=_xlfn.IFS(J48>sheet2!$C$2,1,J48=sheet2!$C$2,0,J48<sheet2!$C$2,-1)} -> -1 | X48: {=_xlfn.IFS(K48>sheet2!$D$2,1,K48=sheet2!$D$2,0,K48<sheet2!$D$2,-1)} -> 0 | Y48: {=_xlfn.IFS(L48>sheet2!$E$2,1,L48=sheet2!$E$2,0,L48<sheet2!$E$2,-1)} -> 0 | Z48: {=_xlfn.IFS(M48>sheet2!$F$2,1,M48=sheet2!$F$2,0,M48<sheet2!$F$2,-1)} -> -1 | AA48: {=_xlfn.IFS(N48>sheet2!$G$2,1,N48=sheet2!$G$2,0,N48<sheet2!$G$2,-1)} -> 0
E49: 7 | F49: 吉林 | G49: 2017 | H49: 0.35822442 | I49: =(H49-H48)/H48 -> 0.14664004 | J49: 0.177 | K49: 0.135 | L49: 0.18 | M49: 0.2 | N49: 0.65 | O49: 0.885 | P49: 1 | Q49: 1 | R49: 0.8 | S49: 1 | T49: =AVERAGE(O49,R49) -> 0.8425 | U49: =AVERAGE(P49) -> 1 | V49: =AVERAGE(Q49,S49) -> 1 | W49: {=_xlfn.IFS(J49>sheet2!$C$2,1,J49=sheet2!$C$2,0,J49<sheet2!$C$2,-1)} -> -1 | X49: {=_xlfn.IFS(K49>sheet2!$D$2,1,K49=sheet2!$D$2,0,K49<sheet2!$D$2,-1)} -> 0 | Y49: {=_xlfn.IFS(L49>sheet2!$E$2,1,L49=sheet2!$E$2,0,L49<sheet2!$E$2,-1)} -> 0 | Z49: {=_xlfn.IFS(M49>sheet2!$F$2,1,M49=sheet2!$F$2,0,M49<sheet2!$F$2,-1)} -> -1 | AA49: {=_xlfn.IFS(N49>sheet2!$G$2,1,N49=sheet2!$G$2,0,N49<sheet2!$G$2,-1)} -> 0
E50: 7 | F50: 吉林 | G50: 2018 | H50: 0.36722919 | I50: =(H50-H49)/H49 -> 0.025137252 | J50: 0.177 | K50: 0.135 | L50: 0.18 | M50: 0.2 | N50: 0.65 | O50: 0.885 | P50: 1 | Q50: 1 | R50: 0.8 | S50: 1 | T50: =AVERAGE(O50,R50) -> 0.8425 | U50: =AVERAGE(P50) -> 1 | V50: =AVERAGE(Q50,S50) -> 1 | W50: {=_xlfn.IFS(J50>sheet2!$C$2,1,J50=sheet2!$C$2,0,J50<sheet2!$C$2,-1)} -> -1 | X50: {=_xlfn.IFS(K50>sheet2!$D$2,1,K50=sheet2!$D$2,0,K50<sheet2!$D$2,-1)} -> 0 | Y50: {=_xlfn.IFS(L50>sheet2!$E$2,1,L50=sheet2!$E$2,0,L50<sheet2!$E$2,-1)} -> 0 | Z50: {=_xlfn.IFS(M50>sheet2!$F$2,1,M50=sheet2!$F$2,0,M50<sheet2!$F$2,-1)} -> -1 | AA50: {=_xlfn.IFS(N50>sheet2!$G$2,1,N50=sheet2!$G$2,0,N50<sheet2!$G$2,-1)} -> 0
E51: 7 | F51: 吉林 | G51: 2019 | H51: 0.3648762 | I51: =(H51-H50)/H50 -> -0.0064074214 | J51: 0.177 | K51: 0.135 | L51: 0.18 | M51: 0.2 | N51: 0.65 | O51: 0.885 | P51: 1 | Q51: 1 | R51: 0.8 | S51: 1 | T51: =AVERAGE(O51,R51) -> 0.8425 | U51: =AVERAGE(P51) -> 1 | V51: =AVERAGE(Q51,S51) -> 1 | W51: {=_xlfn.IFS(J51>sheet2!$C$2,1,J51=sheet2!$C$2,0,J51<sheet2!$C$2,-1)} -> -1 | X51: {=_xlfn.IFS(K51>sheet2!$D$2,1,K51=sheet2!$D$2,0,K51<sheet2!$D$2,-1)} -> 0 | Y51: {=_xlfn.IFS(L51>sheet2!$E$2,1,L51=sheet2!$E$2,0,L51<sheet2!$E$2,-1)} -> 0 | Z51: {=_xlfn.IFS(M51>sheet2!$F$2,1,M51=sheet2!$F$2,0,M51<sheet2!$F$2,-1)} -> -1 | AA51: {=_xlfn.IFS(N51>sheet2!$G$2,1,N51=sheet2!$G$2,0,N51<sheet2!$G$2,-1)} -> 0
E52: 7 | F52: 吉林 | G52: 2020 | H52: 0.39364337 | I52: =(H52-H51)/H51 -> 0.078840893 | J52: 0.177 | K52: 0.135 | L52: 0.18 | M52: 0.2 | N52: 0.65 | O52: 0.885 | P52: 1 | Q52: 1 | R52: 0.8 | S52: 1 | T52: =AVERAGE(O52,R52) -> 0.8425 | U52: =AVERAGE(P52) -> 1 | V52: =AVERAGE(Q52,S52) -> 1 | W52: {=_xlfn.IFS(J52>sheet2!$C$2,1,J52=sheet2!$C$2,0,J52<sheet2!$C$2,-1)} -> -1 | X52: {=_xlfn.IFS(K52>sheet2!$D$2,1,K52=sheet2!$D$2,0,K52<sheet2!$D$2,-1)} -> 0 | Y52: {=_xlfn.IFS(L52>sheet2!$E$2,1,L52=sheet2!$E$2,0,L52<sheet2!$E$2,-1)} -> 0 | Z52: {=_xlfn.IFS(M52>sheet2!$F$2,1,M52=sheet2!$F$2,0,M52<sheet2!$F$2,-1)} -> -1 | AA52: {=_xlfn.IFS(N52>sheet2!$G$2,1,N52=sheet2!$G$2,0,N52<sheet2!$G$2,-1)} -> 0
E53: 7 | F53: 吉林 | G53: 2021 | H53: 0.39998787 | I53: =(H53-H52)/H52 -> 0.016117382 | J53: 0.22 | K53: 0.135 | L53: 0.18 | M53: 0.54 | N53: 0.65 | O53: 1.1 | P53: 1 | Q53: 1 | R53: 2.16 | S53: 1 | T53: =AVERAGE(O53,R53) -> 1.63 | U53: =AVERAGE(P53) -> 1 | V53: =AVERAGE(Q53,S53) -> 1 | W53: {=_xlfn.IFS(J53>sheet2!$C$2,1,J53=sheet2!$C$2,0,J53<sheet2!$C$2,-1)} -> 1 | X53: {=_xlfn.IFS(K53>sheet2!$D$2,1,K53=sheet2!$D$2,0,K53<sheet2!$D$2,-1)} -> 0 | Y53: {=_xlfn.IFS(L53>sheet2!$E$2,1,L53=sheet2!$E$2,0,L53<sheet2!$E$2,-1)} -> 0 | Z53: {=_xlfn.IFS(M53>sheet2!$F$2,1,M53=sheet2!$F$2,0,M53<sheet2!$F$2,-1)} -> 1 | AA53: {=_xlfn.IFS(N53>sheet2!$G$2,1,N53=sheet2!$G$2,0,N53<sheet2!$G$2,-1)} -> 0
E54: 7 | F54: 吉林 | G54: 2022 | H54: 0.45648061 | I54: =(H54-H53)/H53 -> 0.14123615 | J54: 0.22 | K54: 0.135 | L54: 0.18 | M54: 0.54 | N54: 0.65 | O54: 1.1 | P54: 1 | Q54: 1 | R54: 2.16 | S54: 1 | T54: =AVERAGE(O54,R54) -> 1.63 | U54: =AVERAGE(P54) -> 1 | V54: =AVERAGE(Q54,S54) -> 1 | W54: {=_xlfn.IFS(J54>sheet2!$C$2,1,J54=sheet2!$C$2,0,J54<sheet2!$C$2,-1)} -> 1 | X54: {=_xlfn.IFS(K54>sheet2!$D$2,1,K54=sheet2!$D$2,0,K54<sheet2!$D$2,-1)} -> 0 | Y54: {=_xlfn.IFS(L54>sheet2!$E$2,1,L54=sheet2!$E$2,0,L54<sheet2!$E$2,-1)} -> 0 | Z54: {=_xlfn.IFS(M54>sheet2!$F$2,1,M54=sheet2!$F$2,0,M54<sheet2!$F$2,-1)} -> 1 | AA54: {=_xlfn.IFS(N54>sheet2!$G$2,1,N54=sheet2!$G$2,0,N54<sheet2!$G$2,-1)} -> 0
E55: 7 | F55: 吉林 | G55: 2023 | J55: 0.13 | K55: 0.135 | L55: 0.18 | M55: 0.19 | N55: 0.65 | O55: 0.65 | P55: 1 | Q55: 1 | R55: 0.76 | S55: 1 | T55: =AVERAGE(O55,R55) -> 0.705 | U55: =AVERAGE(P55) -> 1 | V55: =AVERAGE(Q55,S55) -> 1 | W55: {=_xlfn.IFS(J55>sheet2!$C$2,1,J55=sheet2!$C$2,0,J55<sheet2!$C$2,-1)} -> -1 | X55: {=_xlfn.IFS(K55>sheet2!$D$2,1,K55=sheet2!$D$2,0,K55<sheet2!$D$2,-1)} -> 0 | Y55: {=_xlfn.IFS(L55>sheet2!$E$2,1,L55=sheet2!$E$2,0,L55<sheet2!$E$2,-1)} -> 0 | Z55: {=_xlfn.IFS(M55>sheet2!$F$2,1,M55=sheet2!$F$2,0,M55<sheet2!$F$2,-1)} -> -1 | AA55: {=_xlfn.IFS(N55>sheet2!$G$2,1,N55=sheet2!$G$2,0,N55<sheet2!$G$2,-1)} -> 0
E56: 8 | F56: 黑龙江 | G56: 2016 | H56: 0.26402982 | J56: 0.2 | K56: 0.135 | L56: 0.18 | M56: 0.25 | N56: 0.65 | O56: 1 | P56: 1 | Q56: 1 | R56: 1 | S56: 1 | T56: =AVERAGE(O56,R56) -> 1 | U56: =AVERAGE(P56) -> 1 | V56: =AVERAGE(Q56,S56) -> 1 | W56: {=_xlfn.IFS(J56>sheet2!$C$2,1,J56=sheet2!$C$2,0,J56<sheet2!$C$2,-1)} -> 0 | X56: {=_xlfn.IFS(K56>sheet2!$D$2,1,K56=sheet2!$D$2,0,K56<sheet2!$D$2,-1)} -> 0 | Y56: {=_xlfn.IFS(L56>sheet2!$E$2,1,L56=sheet2!$E$2,0,L56<sheet2!$E$2,-1)} -> 0 | Z56: {=_xlfn.IFS(M56>sheet2!$F$2,1,M56=sheet2!$F$2,0,M56<sheet2!$F$2,-1)} -> 0 | AA56: {=_xlfn.IFS(N56>sheet2!$G$2,1,N56=sheet2!$G$2,0,N56<sheet2!$G$2,-1)} -> 0
E57: 8 | F57: 黑龙江 | G57: 2017 | H57: 0.29638354 | I57: =(H57-H56)/H56 -> 0.12253815 | J57: 0.2 | K57: 0.135 | L57: 0.18 | M57: 0.25 | N57: 0.65 | O57: 1 | P57: 1 | Q57: 1 | R57: 1 | S57: 1 | T57: =AVERAGE(O57,R57) -> 1 | U57: =AVERAGE(P57) -> 1 | V57: =AVERAGE(Q57,S57) -> 1 | W57: {=_xlfn.IFS(J57>sheet2!$C$2,1,J57=sheet2!$C$2,0,J57<sheet2!$C$2,-1)} -> 0 | X57: {=_xlfn.IFS(K57>sheet2!$D$2,1,K57=sheet2!$D$2,0,K57<sheet2!$D$2,-1)} -> 0 | Y57: {=_xlfn.IFS(L57>sheet2!$E$2,1,L57=sheet2!$E$2,0,L57<sheet2!$E$2,-1)} -> 0 | Z57: {=_xlfn.IFS(M57>sheet2!$F$2,1,M57=sheet2!$F$2,0,M57<sheet2!$F$2,-1)} -> 0 | AA57: {=_xlfn.IFS(N57>sheet2!$G$2,1,N57=sheet2!$G$2,0,N57<sheet2!$G$2,-1)} -> 0
E58: 8 | F58: 黑龙江 | G58: 2018 | H58: 0.35723127 | I58: =(H58-H57)/H57 -> 0.20530064 | J58: 0.2 | K58: 0.135 | L58: 0.18 | M58: 0.25 | N58: 0.65 | O58: 1 | P58: 1 | Q58: 1 | R58: 1 | S58: 1 | T58: =AVERAGE(O58,R58) -> 1 | U58: =AVERAGE(P58) -> 1 | V58: =AVERAGE(Q58,S58) -> 1 | W58: {=_xlfn.IFS(J58>sheet2!$C$2,1,J58=sheet2!$C$2,0,J58<sheet2!$C$2,-1)} -> 0 | X58: {=_xlfn.IFS(K58>sheet2!$D$2,1,K58=sheet2!$D$2,0,K58<sheet2!$D$2,-1)} -> 0 | Y58: {=_xlfn.IFS(L58>sheet2!$E$2,1,L58=sheet2!$E$2,0,L58<sheet2!$E$2,-1)} -> 0 | Z58: {=_xlfn.IFS(M58>sheet2!$F$2,1,M58=sheet2!$F$2,0,M58<sheet2!$F$2,-1)} -> 0 | AA58: {=_xlfn.IFS(N58>sheet2!$G$2,1,N58=sheet2!$G$2,0,N58<sheet2!$G$2,-1)} -> 0
E59: 8 | F59: 黑龙江 | G59: 2019 | H59: 0.34797522 | I59: =(H59-H58)/H58 -> -0.025910532 | J59: 0.2 | K59: 0.135 | L59: 0.18 | M59: 0.25 | N59: 0.65 | O59: 1 | P59: 1 | Q59: 1 | R59: 1 | S59: 1 | T59: =AVERAGE(O59,R59) -> 1 | U59: =AVERAGE(P59) -> 1 | V59: =AVERAGE(Q59,S59) -> 1 | W59: {=_xlfn.IFS(J59>sheet2!$C$2,1,J59=sheet2!$C$2,0,J59<sheet2!$C$2,-1)} -> 0 | X59: {=_xlfn.IFS(K59>sheet2!$D$2,1,K59=sheet2!$D$2,0,K59<sheet2!$D$2,-1)} -> 0 | Y59: {=_xlfn.IFS(L59>sheet2!$E$2,1,L59=sheet2!$E$2,0,L59<sheet2!$E$2,-1)} -> 0 | Z59: {=_xlfn.IFS(M59>sheet2!$F$2,1,M59=sheet2!$F$2,0,M59<sheet2!$F$2,-1)} -> 0 | AA59: {=_xlfn.IFS(N59>sheet2!$G$2,1,N59=sheet2!$G$2,0,N59<sheet2!$G$2,-1)} -> 0
E60: 8 | F60: 黑龙江 | G60: 2020 | H60: 0.40677693 | I60: =(H60-H59)/H59 -> 0.16898245 | J60: 0.2 | K60: 0.135 | L60: 0.18 | M60: 0.25 | N60: 0.65 | O60: 1 | P60: 1 | Q60: 1 | R60: 1 | S60: 1 | T60: =AVERAGE(O60,R60) -> 1 | U60: =AVERAGE(P60) -> 1 | V60: =AVERAGE(Q60,S60) -> 1 | W60: {=_xlfn.IFS(J60>sheet2!$C$2,1,J60=sheet2!$C$2,0,J60<sheet2!$C$2,-1)} -> 0 | X60: {=_xlfn.IFS(K60>sheet2!$D$2,1,K60=sheet2!$D$2,0,K60<sheet2!$D$2,-1)} -> 0 | Y60: {=_xlfn.IFS(L60>sheet2!$E$2,1,L60=sheet2!$E$2,0,L60<sheet2!$E$2,-1)} -> 0 | Z60: {=_xlfn.IFS(M60>sheet2!$F$2,1,M60=sheet2!$F$2,0,M60<sheet2!$F$2,-1)} -> 0 | AA60: {=_xlfn.IFS(N60>sheet2!$G$2,1,N60=sheet2!$G$2,0,N60<sheet2!$G$2,-1)} -> 0
E61: 8 | F61: 黑龙江 | G61: 2021 | H61: 0.41114866 | I61: =(H61-H60)/H60 -> 0.010747245 | J61: 0.13 | K61: 0.135 | L61: 0.18 | M61: 0.19 | N61: 0.65 | O61: 0.65 | P61: 1 | Q61: 1 | R61: 0.76 | S61: 1 | T61: =AVERAGE(O61,R61) -> 0.705 | U61: =AVERAGE(P61) -> 1 | V61: =AVERAGE(Q61,S61) -> 1 | W61: {=_xlfn.IFS(J61>sheet2!$C$2,1,J61=sheet2!$C$2,0,J61<sheet2!$C$2,-1)} -> -1 | X61: {=_xlfn.IFS(K61>sheet2!$D$2,1,K61=sheet2!$D$2,0,K61<sheet2!$D$2,-1)} -> 0 | Y61: {=_xlfn.IFS(L61>sheet2!$E$2,1,L61=sheet2!$E$2,0,L61<sheet2!$E$2,-1)} -> 0 | Z61: {=_xlfn.IFS(M61>sheet2!$F$2,1,M61=sheet2!$F$2,0,M61<sheet2!$F$2,-1)} -> -1 | AA61: {=_xlfn.IFS(N61>sheet2!$G$2,1,N61=sheet2!$G$2,0,N61<sheet2!$G$2,-1)} -> 0
E62: 8 | F62: 黑龙江 | G62: 2022 | H62: 0.42803673 | I62: =(H62-H61)/H61 -> 0.04107534 | J62: 0.13 | K62: 0.135 | L62: 0.18 | M62: 0.19 | N62: 0.65 | O62: 0.65 | P62: 1 | Q62: 1 | R62: 0.76 | S62: 1 | T62: =AVERAGE(O62,R62) -> 0.705 | U62: =AVERAGE(P62) -> 1 | V62: =AVERAGE(Q62,S62) -> 1 | W62: {=_xlfn.IFS(J62>sheet2!$C$2,1,J62=sheet2!$C$2,0,J62<sheet2!$C$2,-1)} -> -1 | X62: {=_xlfn.IFS(K62>sheet2!$D$2,1,K62=sheet2!$D$2,0,K62<sheet2!$D$2,-1)} -> 0 | Y62: {=_xlfn.IFS(L62>sheet2!$E$2,1,L62=sheet2!$E$2,0,L62<sheet2!$E$2,-1)} -> 0 | Z62: {=_xlfn.IFS(M62>sheet2!$F$2,1,M62=sheet2!$F$2,0,M62<sheet2!$F$2,-1)} -> -1 | AA62: {=_xlfn.IFS(N62>sheet2!$G$2,1,N62=sheet2!$G$2,0,N62<sheet2!$G$2,-1)} -> 0
E63: 8 | F63: 黑龙江 | G63: 2023 | J63: 0.2 | K63: 0.135 | L63: 0.18 | M63: 0.25 | N63: 0.65 | O63: 1 | P63: 1 | Q63: 1 | R63: 1 | S63: 1 | T63: =AVERAGE(O63,R63) -> 1 | U63: =AVERAGE(P63) -> 1 | V63: =AVERAGE(Q63,S63) -> 1 | W63: {=_xlfn.IFS(J63>sheet2!$C$2,1,J63=sheet2!$C$2,0,J63<sheet2!$C$2,-1)} -> 0 | X63: {=_xlfn.IFS(K63>sheet2!$D$2,1,K63=sheet2!$D$2,0,K63<sheet2!$D$2,-1)} -> 0 | Y63: {=_xlfn.IFS(L63>sheet2!$E$2,1,L63=sheet2!$E$2,0,L63<sheet2!$E$2,-1)} -> 0 | Z63: {=_xlfn.IFS(M63>sheet2!$F$2,1,M63=sheet2!$F$2,0,M63<sheet2!$F$2,-1)} -> 0 | AA63: {=_xlfn.IFS(N63>sheet2!$G$2,1,N63=sheet2!$G$2,0,N63<sheet2!$G$2,-1)} -> 0
E64: 9 | F64: 上海 | G64: 2016 | H64: 0.24997624 | J64: 0.2 | K64: 0.14 | L64: 0.18 | M64: 0.25 | N64: 0.7 | O64: 1 | P64: 1.037037 | Q64: 1 | R64: 1 | S64: 1.0769231 | T64: =AVERAGE(O64,R64) -> 1 | U64: =AVERAGE(P64) -> 1.037037 | V64: =AVERAGE(Q64,S64) -> 1.0384615 | W64: {=_xlfn.IFS(J64>sheet2!$C$2,1,J64=sheet2!$C$2,0,J64<sheet2!$C$2,-1)} -> 0 | X64: {=_xlfn.IFS(K64>sheet2!$D$2,1,K64=sheet2!$D$2,0,K64<sheet2!$D$2,-1)} -> 1 | Y64: {=_xlfn.IFS(L64>sheet2!$E$2,1,L64=sheet2!$E$2,0,L64<sheet2!$E$2,-1)} -> 0 | Z64: {=_xlfn.IFS(M64>sheet2!$F$2,1,M64=sheet2!$F$2,0,M64<sheet2!$F$2,-1)} -> 0 | AA64: {=_xlfn.IFS(N64>sheet2!$G$2,1,N64=sheet2!$G$2,0,N64<sheet2!$G$2,-1)} -> 1
E65: 9 | F65: 上海 | G65: 2017 | H65: 0.25182548 | I65: =(H65-H64)/H64 -> 0.0073976348 | J65: 0.2 | K65: 0.14 | L65: 0.18 | M65: 0.25 | N65: 0.7 | O65: 1 | P65: 1.037037 | Q65: 1 | R65: 1 | S65: 1.0769231 | T65: =AVERAGE(O65,R65) -> 1 | U65: =AVERAGE(P65) -> 1.037037 | V65: =AVERAGE(Q65,S65) -> 1.0384615 | W65: {=_xlfn.IFS(J65>sheet2!$C$2,1,J65=sheet2!$C$2,0,J65<sheet2!$C$2,-1)} -> 0 | X65: {=_xlfn.IFS(K65>sheet2!$D$2,1,K65=sheet2!$D$2,0,K65<sheet2!$D$2,-1)} -> 1 | Y65: {=_xlfn.IFS(L65>sheet2!$E$2,1,L65=sheet2!$E$2,0,L65<sheet2!$E$2,-1)} -> 0 | Z65: {=_xlfn.IFS(M65>sheet2!$F$2,1,M65=sheet2!$F$2,0,M65<sheet2!$F$2,-1)} -> 0 | AA65: {=_xlfn.IFS(N65>sheet2!$G$2,1,N65=sheet2!$G$2,0,N65<sheet2!$G$2,-1)} -> 1
E66: 9 | F66: 上海 | G66: 2018 | H66: 0.26477959 | I66: =(H66-H65)/H65 -> 0.051440849 | J66: 0.2 | K66: 0.14 | L66: 0.18 | M66: 0.25 | N66: 0.7 | O66: 1 | P66: 1.037037 | Q66: 1 | R66: 1 | S66: 1.0769231 | T66: =AVERAGE(O66,R66) -> 1 | U66: =AVERAGE(P66) -> 1.037037 | V66: =AVERAGE(Q66,S66) -> 1.0384615 | W66: {=_xlfn.IFS(J66>sheet2!$C$2,1,J66=sheet2!$C$2,0,J66<sheet2!$C$2,-1)} -> 0 | X66: {=_xlfn.IFS(K66>sheet2!$D$2,1,K66=sheet2!$D$2,0,K66<sheet2!$D$2,-1)} -> 1 | Y66: {=_xlfn.IFS(L66>sheet2!$E$2,1,L66=sheet2!$E$2,0,L66<sheet2!$E$2,-1)} -> 0 | Z66: {=_xlfn.IFS(M66>sheet2!$F$2,1,M66=sheet2!$F$2,0,M66<sheet2!$F$2,-1)} -> 0 | AA66: {=_xlfn.IFS(N66>sheet2!$G$2,1,N66=sheet2!$G$2,0,N66<sheet2!$G$2,-1)} -> 1
E67: 9 | F67: 上海 | G67: 2019 | H67: 0.26525746 | I67: =(H67-H66)/H66 -> 0.0018047743 | J67: 0.2 | K67: 0.14 | L67: 0.18 | M67: 0.25 | N67: 0.7 | O67: 1 | P67: 1.037037 | Q67: 1 | R67: 1 | S67: 1.0769231 | T67: =AVERAGE(O67,R67) -> 1 | U67: =AVERAGE(P67) -> 1.037037 | V67: =AVERAGE(Q67,S67) -> 1.0384615 | W67: {=_xlfn.IFS(J67>sheet2!$C$2,1,J67=sheet2!$C$2,0,J67<sheet2!$C$2,-1)} -> 0 | X67: {=_xlfn.IFS(K67>sheet2!$D$2,1,K67=sheet2!$D$2,0,K67<sheet2!$D$2,-1)} -> 1 | Y67: {=_xlfn.IFS(L67>sheet2!$E$2,1,L67=sheet2!$E$2,0,L67<sheet2!$E$2,-1)} -> 0 | Z67: {=_xlfn.IFS(M67>sheet2!$F$2,1,M67=sheet2!$F$2,0,M67<sheet2!$F$2,-1)} -> 0 | AA67: {=_xlfn.IFS(N67>sheet2!$G$2,1,N67=sheet2!$G$2,0,N67<sheet2!$G$2,-1)} -> 1
E68: 9 | F68: 上海 | G68: 2020 | H68: 0.29025094 | I68: =(H68-H67)/H67 -> 0.094223469 | J68: 0.2 | K68: 0.14 | L68: 0.18 | M68: 0.25 | N68: 0.7 | O68: 1 | P68: 1.037037 | Q68: 1 | R68: 1 | S68: 1.0769231 | T68: =AVERAGE(O68,R68) -> 1 | U68: =AVERAGE(P68) -> 1.037037 | V68: =AVERAGE(Q68,S68) -> 1.0384615 | W68: {=_xlfn.IFS(J68>sheet2!$C$2,1,J68=sheet2!$C$2,0,J68<sheet2!$C$2,-1)} -> 0 | X68: {=_xlfn.IFS(K68>sheet2!$D$2,1,K68=sheet2!$D$2,0,K68<sheet2!$D$2,-1)} -> 1 | Y68: {=_xlfn.IFS(L68>sheet2!$E$2,1,L68=sheet2!$E$2,0,L68<sheet2!$E$2,-1)} -> 0 | Z68: {=_xlfn.IFS(M68>sheet2!$F$2,1,M68=sheet2!$F$2,0,M68<sheet2!$F$2,-1)} -> 0 | AA68: {=_xlfn.IFS(N68>sheet2!$G$2,1,N68=sheet2!$G$2,0,N68<sheet2!$G$2,-1)} -> 1
E69: 9 | F69: 上海 | G69: 2021 | H69: 0.30770891 | I69: =(H69-H68)/H68 -> 0.060147875 | J69: 0.2 | K69: 0.135 | L69: 0.18 | M69: 0.25 | N69: 0.65 | O69: 1 | P69: 1 | Q69: 1 | R69: 1 | S69: 1 | T69: =AVERAGE(O69,R69) -> 1 | U69: =AVERAGE(P69) -> 1 | V69: =AVERAGE(Q69,S69) -> 1 | W69: {=_xlfn.IFS(J69>sheet2!$C$2,1,J69=sheet2!$C$2,0,J69<sheet2!$C$2,-1)} -> 0 | X69: {=_xlfn.IFS(K69>sheet2!$D$2,1,K69=sheet2!$D$2,0,K69<sheet2!$D$2,-1)} -> 0 | Y69: {=_xlfn.IFS(L69>sheet2!$E$2,1,L69=sheet2!$E$2,0,L69<sheet2!$E$2,-1)} -> 0 | Z69: {=_xlfn.IFS(M69>sheet2!$F$2,1,M69=sheet2!$F$2,0,M69<sheet2!$F$2,-1)} -> 0 | AA69: {=_xlfn.IFS(N69>sheet2!$G$2,1,N69=sheet2!$G$2,0,N69<sheet2!$G$2,-1)} -> 0
E70: 9 | F70: 上海 | G70: 2022 | H70: 0.33139146 | I70: =(H70-H69)/H69 -> 0.07696411 | J70: 0.2 | K70: 0.135 | L70: 0.18 | M70: 0.25 | N70: 0.65 | O70: 1 | P70: 1 | Q70: 1 | R70: 1 | S70: 1 | T70: =AVERAGE(O70,R70) -> 1 | U70: =AVERAGE(P70) -> 1 | V70: =AVERAGE(Q70,S70) -> 1 | W70: {=_xlfn.IFS(J70>sheet2!$C$2,1,J70=sheet2!$C$2,0,J70<sheet2!$C$2,-1)} -> 0 | X70: {=_xlfn.IFS(K70>sheet2!$D$2,1,K70=sheet2!$D$2,0,K70<sheet2!$D$2,-1)} -> 0 | Y70: {=_xlfn.IFS(L70>sheet2!$E$2,1,L70=sheet2!$E$2,0,L70<sheet2!$E$2,-1)} -> 0 | Z70: {=_xlfn.IFS(M70>sheet2!$F$2,1,M70=sheet2!$F$2,0,M70<sheet2!$F$2,-1)} -> 0 | AA70: {=_xlfn.IFS(N70>sheet2!$G$2,1,N70=sheet2!$G$2,0,N70<sheet2!$G$2,-1)} -> 0
E71: 9 | F71: 上海 | G71: 2023 | J71: 0.2 | K71: 0.135 | L71: 0.18 | M71: 0.25 | N71: 0.65 | O71: 1 | P71: 1 | Q71: 1 | R71: 1 | S71: 1 | T71: =AVERAGE(O71,R71) -> 1 | U71: =AVERAGE(P71) -> 1 | V71: =AVERAGE(Q71,S71) -> 1 | W71: {=_xlfn.IFS(J71>sheet2!$C$2,1,J71=sheet2!$C$2,0,J71<sheet2!$C$2,-1)} -> 0 | X71: {=_xlfn.IFS(K71>sheet2!$D$2,1,K71=sheet2!$D$2,0,K71<sheet2!$D$2,-1)} -> 0 | Y71: {=_xlfn.IFS(L71>sheet2!$E$2,1,L71=sheet2!$E$2,0,L71<sheet2!$E$2,-1)} -> 0 | Z71: {=_xlfn.IFS(M71>sheet2!$F$2,1,M71=sheet2!$F$2,0,M71<sheet2!$F$2,-1)} -> 0 | AA71: {=_xlfn.IFS(N71>sheet2!$G$2,1,N71=sheet2!$G$2,0,N71<sheet2!$G$2,-1)} -> 0
E72: 10 | F72: 江苏 | G72: 2016 | H72: 0.40424065 | J72: 0.18 | K72: 0.14 | L72: 0.18 | M72: 0.25 | N72: 0.65 | O72: 0.9 | P72: 1.037037 | Q72: 1 | R72: 1 | S72: 1 | T72: =AVERAGE(O72,R72) -> 0.95 | U72: =AVERAGE(P72) -> 1.037037 | V72: =AVERAGE(Q72,S72) -> 1 | W72: {=_xlfn.IFS(J72>sheet2!$C$2,1,J72=sheet2!$C$2,0,J72<sheet2!$C$2,-1)} -> -1 | X72: {=_xlfn.IFS(K72>sheet2!$D$2,1,K72=sheet2!$D$2,0,K72<sheet2!$D$2,-1)} -> 1 | Y72: {=_xlfn.IFS(L72>sheet2!$E$2,1,L72=sheet2!$E$2,0,L72<sheet2!$E$2,-1)} -> 0 | Z72: {=_xlfn.IFS(M72>sheet2!$F$2,1,M72=sheet2!$F$2,0,M72<sheet2!$F$2,-1)} -> 0 | AA72: {=_xlfn.IFS(N72>sheet2!$G$2,1,N72=sheet2!$G$2,0,N72<sheet2!$G$2,-1)} -> 0
E73: 10 | F73: 江苏 | G73: 2017 | H73: 0.42396247 | I73: =(H73-H72)/H72 -> 0.048787305 | J73: 0.18 | K73: 0.14 | L73: 0.18 | M73: 0.25 | N73: 0.65 | O73: 0.9 | P73: 1.037037 | Q73: 1 | R73: 1 | S73: 1 | T73: =AVERAGE(O73,R73) -> 0.95 | U73: =AVERAGE(P73) -> 1.037037 | V73: =AVERAGE(Q73,S73) -> 1 | W73: {=_xlfn.IFS(J73>sheet2!$C$2,1,J73=sheet2!$C$2,0,J73<sheet2!$C$2,-1)} -> -1 | X73: {=_xlfn.IFS(K73>sheet2!$D$2,1,K73=sheet2!$D$2,0,K73<sheet2!$D$2,-1)} -> 1 | Y73: {=_xlfn.IFS(L73>sheet2!$E$2,1,L73=sheet2!$E$2,0,L73<sheet2!$E$2,-1)} -> 0 | Z73: {=_xlfn.IFS(M73>sheet2!$F$2,1,M73=sheet2!$F$2,0,M73<sheet2!$F$2,-1)} -> 0 | AA73: {=_xlfn.IFS(N73>sheet2!$G$2,1,N73=sheet2!$G$2,0,N73<sheet2!$G$2,-1)} -> 0
E74: 10 | F74: 江苏 | G74: 2018 | H74: 0.43842734 | I74: =(H74-H73)/H73 -> 0.034118289 | J74: 0.18 | K74: 0.14 | L74: 0.18 | M74: 0.25 | N74: 0.65 | O74: 0.9 | P74: 1.037037 | Q74: 1 | R74: 1 | S74: 1 | T74: =AVERAGE(O74,R74) -> 0.95 | U74: =AVERAGE(P74) -> 1.037037 | V74: =AVERAGE(Q74,S74) -> 1 | W74: {=_xlfn.IFS(J74>sheet2!$C$2,1,J74=sheet2!$C$2,0,J74<sheet2!$C$2,-1)} -> -1 | X74: {=_xlfn.IFS(K74>sheet2!$D$2,1,K74=sheet2!$D$2,0,K74<sheet2!$D$2,-1)} -> 1 | Y74: {=_xlfn.IFS(L74>sheet2!$E$2,1,L74=sheet2!$E$2,0,L74<sheet2!$E$2,-1)} -> 0 | Z74: {=_xlfn.IFS(M74>sheet2!$F$2,1,M74=sheet2!$F$2,0,M74<sheet2!$F$2,-1)} -> 0 | AA74: {=_xlfn.IFS(N74>sheet2!$G$2,1,N74=sheet2!$G$2,0,N74<sheet2!$G$2,-1)} -> 0
E75: 10 | F75: 江苏 | G75: 2019 | H75: 0.42680062 | I75: =(H75-H74)/H74 -> -0.026519153 | J75: 0.18 | K75: 0.14 | L75: 0.18 | M75: 0.25 | N75: 0.65 | O75: 0.9 | P75: 1.037037 | Q75: 1 | R75: 1 | S75: 1 | T75: =AVERAGE(O75,R75) -> 0.95 | U75: =AVERAGE(P75) -> 1.037037 | V75: =AVERAGE(Q75,S75) -> 1 | W75: {=_xlfn.IFS(J75>sheet2!$C$2,1,J75=sheet2!$C$2,0,J75<sheet2!$C$2,-1)} -> -1 | X75: {=_xlfn.IFS(K75>sheet2!$D$2,1,K75=sheet2!$D$2,0,K75<sheet2!$D$2,-1)} -> 1 | Y75: {=_xlfn.IFS(L75>sheet2!$E$2,1,L75=sheet2!$E$2,0,L75<sheet2!$E$2,-1)} -> 0 | Z75: {=_xlfn.IFS(M75>sheet2!$F$2,1,M75=sheet2!$F$2,0,M75<sheet2!$F$2,-1)} -> 0 | AA75: {=_xlfn.IFS(N75>sheet2!$G$2,1,N75=sheet2!$G$2,0,N75<sheet2!$G$2,-1)} -> 0
E76: 10 | F76: 江苏 | G76: 2020 | H76: 0.43433057 | I76: =(H76-H75)/H75 -> 0.017642781 | J76: 0.18 | K76: 0.14 | L76: 0.18 | M76: 0.25 | N76: 0.65 | O76: 0.9 | P76: 1.037037 | Q76: 1 | R76: 1 | S76: 1 | T76: =AVERAGE(O76,R76) -> 0.95 | U76: =AVERAGE(P76) -> 1.037037 | V76: =AVERAGE(Q76,S76) -> 1 | W76: {=_xlfn.IFS(J76>sheet2!$C$2,1,J76=sheet2!$C$2,0,J76<sheet2!$C$2,-1)} -> -1 | X76: {=_xlfn.IFS(K76>sheet2!$D$2,1,K76=sheet2!$D$2,0,K76<sheet2!$D$2,-1)} -> 1 | Y76: {=_xlfn.IFS(L76>sheet2!$E$2,1,L76=sheet2!$E$2,0,L76<sheet2!$E$2,-1)} -> 0 | Z76: {=_xlfn.IFS(M76>sheet2!$F$2,1,M76=sheet2!$F$2,0,M76<sheet2!$F$2,-1)} -> 0 | AA76: {=_xlfn.IFS(N76>sheet2!$G$2,1,N76=sheet2!$G$2,0,N76<sheet2!$G$2,-1)} -> 0
E77: 10 | F77: 江苏 | G77: 2021 | H77: 0.45690354 | I77: =(H77-H76)/H76 -> 0.051971862 | J77: 0.2 | K77: 0.135 | L77: 0.18 | M77: 0.25 | N77: 0.65 | O77: 1 | P77: 1 | Q77: 1 | R77: 1 | S77: 1 | T77: =AVERAGE(O77,R77) -> 1 | U77: =AVERAGE(P77) -> 1 | V77: =AVERAGE(Q77,S77) -> 1 | W77: {=_xlfn.IFS(J77>sheet2!$C$2,1,J77=sheet2!$C$2,0,J77<sheet2!$C$2,-1)} -> 0 | X77: {=_xlfn.IFS(K77>sheet2!$D$2,1,K77=sheet2!$D$2,0,K77<sheet2!$D$2,-1)} -> 0 | Y77: {=_xlfn.IFS(L77>sheet2!$E$2,1,L77=sheet2!$E$2,0,L77<sheet2!$E$2,-1)} -> 0 | Z77: {=_xlfn.IFS(M77>sheet2!$F$2,1,M77=sheet2!$F$2,0,M77<sheet2!$F$2,-1)} -> 0 | AA77: {=_xlfn.IFS(N77>sheet2!$G$2,1,N77=sheet2!$G$2,0,N77<sheet2!$G$2,-1)} -> 0
E78: 10 | F78: 江苏 | G78: 2022 | H78: 0.46599507 | I78: =(H78-H77)/H77 -> 0.019898152 | J78: 0.2 | K78: 0.135 | L78: 0.18 | M78: 0.25 | N78: 0.65 | O78: 1 | P78: 1 | Q78: 1 | R78: 1 | S78: 1 | T78: =AVERAGE(O78,R78) -> 1 | U78: =AVERAGE(P78) -> 1 | V78: =AVERAGE(Q78,S78) -> 1 | W78: {=_xlfn.IFS(J78>sheet2!$C$2,1,J78=sheet2!$C$2,0,J78<sheet2!$C$2,-1)} -> 0 | X78: {=_xlfn.IFS(K78>sheet2!$D$2,1,K78=sheet2!$D$2,0,K78<sheet2!$D$2,-1)} -> 0 | Y78: {=_xlfn.IFS(L78>sheet2!$E$2,1,L78=sheet2!$E$2,0,L78<sheet2!$E$2,-1)} -> 0 | Z78: {=_xlfn.IFS(M78>sheet2!$F$2,1,M78=sheet2!$F$2,0,M78<sheet2!$F$2,-1)} -> 0 | AA78: {=_xlfn.IFS(N78>sheet2!$G$2,1,N78=sheet2!$G$2,0,N78<sheet2!$G$2,-1)} -> 0
E79: 11 | F79: 浙江 | G79: 2016 | H79: 0.4698028 | J79: 0.2 | K79: 0.135 | L79: 0.18 | M79: 0.25 | N79: 0.65 | O79: 1 | P79: 1 | Q79: 1 | R79: 1 | S79: 1 | T79: =AVERAGE(O79,R79) -> 1 | U79: =AVERAGE(P79) -> 1 | V79: =AVERAGE(Q79,S79) -> 1 | W79: {=_xlfn.IFS(J79>sheet2!$C$2,1,J79=sheet2!$C$2,0,J79<sheet2!$C$2,-1)} -> 0 | X79: {=_xlfn.IFS(K79>sheet2!$D$2,1,K79=sheet2!$D$2,0,K79<sheet2!$D$2,-1)} -> 0 | Y79: {=_xlfn.IFS(L79>sheet2!$E$2,1,L79=sheet2!$E$2,0,L79<sheet2!$E$2,-1)} -> 0 | Z79: {=_xlfn.IFS(M79>sheet2!$F$2,1,M79=sheet2!$F$2,0,M79<sheet2!$F$2,-1)} -> 0 | AA79: {=_xlfn.IFS(N79>sheet2!$G$2,1,N79=sheet2!$G$2,0,N79<sheet2!$G$2,-1)} -> 0
E80: 11 | F80: 浙江 | G80: 2017 | H80: 0.49649228 | I80: =(H80-H79)/H79 -> 0.056809968 | J80: 0.2 | K80: 0.135 | L80: 0.18 | M80: 0.25 | N80: 0.65 | O80: 1 | P80: 1 | Q80: 1 | R80: 1 | S80: 1 | T80: =AVERAGE(O80,R80) -> 1 | U80: =AVERAGE(P80) -> 1 | V80: =AVERAGE(Q80,S80) -> 1 | W80: {=_xlfn.IFS(J80>sheet2!$C$2,1,J80=sheet2!$C$2,0,J80<sheet2!$C$2,-1)} -> 0 | X80: {=_xlfn.IFS(K80>sheet2!$D$2,1,K80=sheet2!$D$2,0,K80<sheet2!$D$2,-1)} -> 0 | Y80: {=_xlfn.IFS(L80>sheet2!$E$2,1,L80=sheet2!$E$2,0,L80<sheet2!$E$2,-1)} -> 0 | Z80: {=_xlfn.IFS(M80>sheet2!$F$2,1,M80=sheet2!$F$2,0,M80<sheet2!$F$2,-1)} -> 0 | AA80: {=_xlfn.IFS(N80>sheet2!$G$2,1,N80=sheet2!$G$2,0,N80<sheet2!$G$2,-1)} -> 0
E81: 11 | F81: 浙江 | G81: 2018 | H81: 0.52633808 | I81: =(H81-H80)/H80 -> 0.060113315 | J81: 0.2 | K81: 0.135 | L81: 0.18 | M81: 0.25 | N81: 0.65 | O81: 1 | P81: 1 | Q81: 1 | R81: 1 | S81: 1 | T81: =AVERAGE(O81,R81) -> 1 | U81: =AVERAGE(P81) -> 1 | V81: =AVERAGE(Q81,S81) -> 1 | W81: {=_xlfn.IFS(J81>sheet2!$C$2,1,J81=sheet2!$C$2,0,J81<sheet2!$C$2,-1)} -> 0 | X81: {=_xlfn.IFS(K81>sheet2!$D$2,1,K81=sheet2!$D$2,0,K81<sheet2!$D$2,-1)} -> 0 | Y81: {=_xlfn.IFS(L81>sheet2!$E$2,1,L81=sheet2!$E$2,0,L81<sheet2!$E$2,-1)} -> 0 | Z81: {=_xlfn.IFS(M81>sheet2!$F$2,1,M81=sheet2!$F$2,0,M81<sheet2!$F$2,-1)} -> 0 | AA81: {=_xlfn.IFS(N81>sheet2!$G$2,1,N81=sheet2!$G$2,0,N81<sheet2!$G$2,-1)} -> 0
E82: 11 | F82: 浙江 | G82: 2019 | H82: 0.53464441 | I82: =(H82-H81)/H81 -> 0.015781363 | J82: 0.2 | K82: 0.135 | L82: 0.18 | M82: 0.25 | N82: 0.65 | O82: 1 | P82: 1 | Q82: 1 | R82: 1 | S82: 1 | T82: =AVERAGE(O82,R82) -> 1 | U82: =AVERAGE(P82) -> 1 | V82: =AVERAGE(Q82,S82) -> 1 | W82: {=_xlfn.IFS(J82>sheet2!$C$2,1,J82=sheet2!$C$2,0,J82<sheet2!$C$2,-1)} -> 0 | X82: {=_xlfn.IFS(K82>sheet2!$D$2,1,K82=sheet2!$D$2,0,K82<sheet2!$D$2,-1)} -> 0 | Y82: {=_xlfn.IFS(L82>sheet2!$E$2,1,L82=sheet2!$E$2,0,L82<sheet2!$E$2,-1)} -> 0 | Z82: {=_xlfn.IFS(M82>sheet2!$F$2,1,M82=sheet2!$F$2,0,M82<sheet2!$F$2,-1)} -> 0 | AA82: {=_xlfn.IFS(N82>sheet2!$G$2,1,N82=sheet2!$G$2,0,N82<sheet2!$G$2,-1)} -> 0
E83: 11 | F83: 浙江 | G83: 2020 | H83: 0.4836412 | I83: =(H83-H82)/H82 -> -0.095396509 | J83: 0.2 | K83: 0.135 | L83: 0.18 | M83: 0.25 | N83: 0.65 | O83: 1 | P83: 1 | Q83: 1 | R83: 1 | S83: 1 | T83: =AVERAGE(O83,R83) -> 1 | U83: =AVERAGE(P83) -> 1 | V83: =AVERAGE(Q83,S83) -> 1 | W83: {=_xlfn.IFS(J83>sheet2!$C$2,1,J83=sheet2!$C$2,0,J83<sheet2!$C$2,-1)} -> 0 | X83: {=_xlfn.IFS(K83>sheet2!$D$2,1,K83=sheet2!$D$2,0,K83<sheet2!$D$2,-1)} -> 0 | Y83: {=_xlfn.IFS(L83>sheet2!$E$2,1,L83=sheet2!$E$2,0,L83<sheet2!$E$2,-1)} -> 0 | Z83: {=_xlfn.IFS(M83>sheet2!$F$2,1,M83=sheet2!$F$2,0,M83<sheet2!$F$2,-1)} -> 0 | AA83: {=_xlfn.IFS(N83>sheet2!$G$2,1,N83=sheet2!$G$2,0,N83<sheet2!$G$2,-1)} -> 0
E84: 11 | F84: 浙江 | G84: 2021 | H84: 0.51196254 | I84: =(H84-H83)/H83 -> 0.058558582 | J84: 0.2 | K84: 0.135 | L84: 0.18 | M84: 0.25 | N84: 0.65 | O84: 1 | P84: 1 | Q84: 1 | R84: 1 | S84: 1 | T84: =AVERAGE(O84,R84) -> 1 | U84: =AVERAGE(P84) -> 1 | V84: =AVERAGE(Q84,S84) -> 1 | W84: {=_xlfn.IFS(J84>sheet2!$C$2,1,J84=sheet2!$C$2,0,J84<sheet2!$C$2,-1)} -> 0 | X84: {=_xlfn.IFS(K84>sheet2!$D$2,1,K84=sheet2!$D$2,0,K84<sheet2!$D$2,-1)} -> 0 | Y84: {=_xlfn.IFS(L84>sheet2!$E$2,1,L84=sheet2!$E$2,0,L84<sheet2!$E$2,-1)} -> 0 | Z84: {=_xlfn.IFS(M84>sheet2!$F$2,1,M84=sheet2!$F$2,0,M84<sheet2!$F$2,-1)} -> 0 | AA84: {=_xlfn.IFS(N84>sheet2!$G$2,1,N84=sheet2!$G$2,0,N84<sheet2!$G$2,-1)} -> 0
E85: 11 | F85: 浙江 | G85: 2022 | H85: 0.26993342 | I85: =(H85-H84)/H84 -> -0.47274772 | J85: 0.22 | K85: 0.135 | L85: 0.18 | M85: 0.25 | N85: 0.65 | O85: 1.1 | P85: 1 | Q85: 1 | R85: 1 | S85: 1 | T85: =AVERAGE(O85,R85) -> 1.05 | U85: =AVERAGE(P85) -> 1 | V85: =AVERAGE(Q85,S85) -> 1 | W85: {=_xlfn.IFS(J85>sheet2!$C$2,1,J85=sheet2!$C$2,0,J85<sheet2!$C$2,-1)} -> 1 | X85: {=_xlfn.IFS(K85>sheet2!$D$2,1,K85=sheet2!$D$2,0,K85<sheet2!$D$2,-1)} -> 0 | Y85: {=_xlfn.IFS(L85>sheet2!$E$2,1,L85=sheet2!$E$2,0,L85<sheet2!$E$2,-1)} -> 0 | Z85: {=_xlfn.IFS(M85>sheet2!$F$2,1,M85=sheet2!$F$2,0,M85<sheet2!$F$2,-1)} -> 0 | AA85: {=_xlfn.IFS(N85>sheet2!$G$2,1,N85=sheet2!$G$2,0,N85<sheet2!$G$2,-1)} -> 0
E86: 12 | F86: 安徽 | G86: 2016 | H86: 0.25142082 | J86: 0.155 | K86: 0.14 | L86: 0.18 | M86: 0.22 | N86: 0.65 | O86: 0.775 | P86: 1.037037 | Q86: 1 | R86: 0.88 | S86: 1 | T86: =AVERAGE(O86,R86) -> 0.8275 | U86: =AVERAGE(P86) -> 1.037037 | V86: =AVERAGE(Q86,S86) -> 1 | W86: {=_xlfn.IFS(J86>sheet2!$C$2,1,J86=sheet2!$C$2,0,J86<sheet2!$C$2,-1)} -> -1 | X86: {=_xlfn.IFS(K86>sheet2!$D$2,1,K86=sheet2!$D$2,0,K86<sheet2!$D$2,-1)} -> 1 | Y86: {=_xlfn.IFS(L86>sheet2!$E$2,1,L86=sheet2!$E$2,0,L86<sheet2!$E$2,-1)} -> 0 | Z86: {=_xlfn.IFS(M86>sheet2!$F$2,1,M86=sheet2!$F$2,0,M86<sheet2!$F$2,-1)} -> -1 | AA86: {=_xlfn.IFS(N86>sheet2!$G$2,1,N86=sheet2!$G$2,0,N86<sheet2!$G$2,-1)} -> 0
E87: 12 | F87: 安徽 | G87: 2017 | H87: 0.26613755 | I87: =(H87-H86)/H86 -> 0.058534236 | J87: 0.155 | K87: 0.14 | L87: 0.18 | M87: 0.22 | N87: 0.65 | O87: 0.775 | P87: 1.037037 | Q87: 1 | R87: 0.88 | S87: 1 | T87: =AVERAGE(O87,R87) -> 0.8275 | U87: =AVERAGE(P87) -> 1.037037 | V87: =AVERAGE(Q87,S87) -> 1 | W87: {=_xlfn.IFS(J87>sheet2!$C$2,1,J87=sheet2!$C$2,0,J87<sheet2!$C$2,-1)} -> -1 | X87: {=_xlfn.IFS(K87>sheet2!$D$2,1,K87=sheet2!$D$2,0,K87<sheet2!$D$2,-1)} -> 1 | Y87: {=_xlfn.IFS(L87>sheet2!$E$2,1,L87=sheet2!$E$2,0,L87<sheet2!$E$2,-1)} -> 0 | Z87: {=_xlfn.IFS(M87>sheet2!$F$2,1,M87=sheet2!$F$2,0,M87<sheet2!$F$2,-1)} -> -1 | AA87: {=_xlfn.IFS(N87>sheet2!$G$2,1,N87=sheet2!$G$2,0,N87<sheet2!$G$2,-1)} -> 0
E88: 12 | F88: 安徽 | G88: 2018 | H88: 0.29855706 | I88: =(H88-H87)/H87 -> 0.1218149 | J88: 0.155 | K88: 0.14 | L88: 0.18 | M88: 0.22 | N88: 0.65 | O88: 0.775 | P88: 1.037037 | Q88: 1 | R88: 0.88 | S88: 1 | T88: =AVERAGE(O88,R88) -> 0.8275 | U88: =AVERAGE(P88) -> 1.037037 | V88: =AVERAGE(Q88,S88) -> 1 | W88: {=_xlfn.IFS(J88>sheet2!$C$2,1,J88=sheet2!$C$2,0,J88<sheet2!$C$2,-1)} -> -1 | X88: {=_xlfn.IFS(K88>sheet2!$D$2,1,K88=sheet2!$D$2,0,K88<sheet2!$D$2,-1)} -> 1 | Y88: {=_xlfn.IFS(L88>sheet2!$E$2,1,L88=sheet2!$E$2,0,L88<sheet2!$E$2,-1)} -> 0 | Z88: {=_xlfn.IFS(M88>sheet2!$F$2,1,M88=sheet2!$F$2,0,M88<sheet2!$F$2,-1)} -> -1 | AA88: {=_xlfn.IFS(N88>sheet2!$G$2,1,N88=sheet2!$G$2,0,N88<sheet2!$G$2,-1)} -> 0
E89: 12 | F89: 安徽 | G89: 2019 | H89: 0.30629165 | I89: =(H89-H88)/H88 -> 0.02590656 | J89: 0.155 | K89: 0.14 | L89: 0.18 | M89: 0.22 | N89: 0.65 | O89: 0.775 | P89: 1.037037 | Q89: 1 | R89: 0.88 | S89: 1 | T89: =AVERAGE(O89,R89) -> 0.8275 | U89: =AVERAGE(P89) -> 1.037037 | V89: =AVERAGE(Q89,S89) -> 1 | W89: {=_xlfn.IFS(J89>sheet2!$C$2,1,J89=sheet2!$C$2,0,J89<sheet2!$C$2,-1)} -> -1 | X89: {=_xlfn.IFS(K89>sheet2!$D$2,1,K89=sheet2!$D$2,0,K89<sheet2!$D$2,-1)} -> 1 | Y89: {=_xlfn.IFS(L89>sheet2!$E$2,1,L89=sheet2!$E$2,0,L89<sheet2!$E$2,-1)} -> 0 | Z89: {=_xlfn.IFS(M89>sheet2!$F$2,1,M89=sheet2!$F$2,0,M89<sheet2!$F$2,-1)} -> -1 | AA89: {=_xlfn.IFS(N89>sheet2!$G$2,1,N89=sheet2!$G$2,0,N89<sheet2!$G$2,-1)} -> 0
E90: 12 | F90: 安徽 | G90: 2020 | H90: 0.31147149 | I90: =(H90-H89)/H89 -> 0.016911476 | J90: 0.155 | K90: 0.14 | L90: 0.18 | M90: 0.22 | N90: 0.65 | O90: 0.775 | P90: 1.037037 | Q90: 1 | R90: 0.88 | S90: 1 | T90: =AVERAGE(O90,R90) -> 0.8275 | U90: =AVERAGE(P90) -> 1.037037 | V90: =AVERAGE(Q90,S90) -> 1 | W90: {=_xlfn.IFS(J90>sheet2!$C$2,1,J90=sheet2!$C$2,0,J90<sheet2!$C$2,-1)} -> -1 | X90: {=_xlfn.IFS(K90>sheet2!$D$2,1,K90=sheet2!$D$2,0,K90<sheet2!$D$2,-1)} -> 1 | Y90: {=_xlfn.IFS(L90>sheet2!$E$2,1,L90=sheet2!$E$2,0,L90<sheet2!$E$2,-1)} -> 0 | Z90: {=_xlfn.IFS(M90>sheet2!$F$2,1,M90=sheet2!$F$2,0,M90<sheet2!$F$2,-1)} -> -1 | AA90: {=_xlfn.IFS(N90>sheet2!$G$2,1,N90=sheet2!$G$2,0,N90<sheet2!$G$2,-1)} -> 0
E91: 12 | F91: 安徽 | G91: 2021 | H91: 0.33921889 | I91: =(H91-H90)/H90 -> 0.089084868 | J91: 0.22 | K91: 0.135 | L91: 0.18 | M91: 0.25 | N91: 0.65 | O91: 1.1 | P91: 1 | Q91: 1 | R91: 1 | S91: 1 | T91: =AVERAGE(O91,R91) -> 1.05 | U91: =AVERAGE(P91) -> 1 | V91: =AVERAGE(Q91,S91) -> 1 | W91: {=_xlfn.IFS(J91>sheet2!$C$2,1,J91=sheet2!$C$2,0,J91<sheet2!$C$2,-1)} -> 1 | X91: {=_xlfn.IFS(K91>sheet2!$D$2,1,K91=sheet2!$D$2,0,K91<sheet2!$D$2,-1)} -> 0 | Y91: {=_xlfn.IFS(L91>sheet2!$E$2,1,L91=sheet2!$E$2,0,L91<sheet2!$E$2,-1)} -> 0 | Z91: {=_xlfn.IFS(M91>sheet2!$F$2,1,M91=sheet2!$F$2,0,M91<sheet2!$F$2,-1)} -> 0 | AA91: {=_xlfn.IFS(N91>sheet2!$G$2,1,N91=sheet2!$G$2,0,N91<sheet2!$G$2,-1)} -> 0
E92: 12 | F92: 安徽 | G92: 2022 | H92: 0.36818314 | I92: =(H92-H91)/H91 -> 0.085385121 | J92: 0.177 | K92: 0.135 | L92: 0.18 | M92: 0.2 | N92: 0.65 | O92: 0.885 | P92: 1 | Q92: 1 | R92: 0.8 | S92: 1 | T92: =AVERAGE(O92,R92) -> 0.8425 | U92: =AVERAGE(P92) -> 1 | V92: =AVERAGE(Q92,S92) -> 1 | W92: {=_xlfn.IFS(J92>sheet2!$C$2,1,J92=sheet2!$C$2,0,J92<sheet2!$C$2,-1)} -> -1 | X92: {=_xlfn.IFS(K92>sheet2!$D$2,1,K92=sheet2!$D$2,0,K92<sheet2!$D$2,-1)} -> 0 | Y92: {=_xlfn.IFS(L92>sheet2!$E$2,1,L92=sheet2!$E$2,0,L92<sheet2!$E$2,-1)} -> 0 | Z92: {=_xlfn.IFS(M92>sheet2!$F$2,1,M92=sheet2!$F$2,0,M92<sheet2!$F$2,-1)} -> -1 | AA92: {=_xlfn.IFS(N92>sheet2!$G$2,1,N92=sheet2!$G$2,0,N92<sheet2!$G$2,-1)} -> 0
E93: 13 | F93: 福建 | G93: 2016 | H93: 0.32953471 | J93: 0.2 | K93: 0.135 | L93: 0.18 | M93: 0.25 | N93: 0.65 | O93: 1 | P93: 1 | Q93: 1 | R93: 1 | S93: 1 | T93: =AVERAGE(O93,R93) -> 1 | U93: =AVERAGE(P93) -> 1 | V93: =AVERAGE(Q93,S93) -> 1 | W93: {=_xlfn.IFS(J93>sheet2!$C$2,1,J93=sheet2!$C$2,0,J93<sheet2!$C$2,-1)} -> 0 | X93: {=_xlfn.IFS(K93>sheet2!$D$2,1,K93=sheet2!$D$2,0,K93<sheet2!$D$2,-1)} -> 0 | Y93: {=_xlfn.IFS(L93>sheet2!$E$2,1,L93=sheet2!$E$2,0,L93<sheet2!$E$2,-1)} -> 0 | Z93: {=_xlfn.IFS(M93>sheet2!$F$2,1,M93=sheet2!$F$2,0,M93<sheet2!$F$2,-1)} -> 0 | AA93: {=_xlfn.IFS(N93>sheet2!$G$2,1,N93=sheet2!$G$2,0,N93<sheet2!$G$2,-1)} -> 0
E94: 13 | F94: 福建 | G94: 2017 | H94: 0.34138178 | I94: =(H94-H93)/H93 -> 0.035950906 | J94: 0.2 | K94: 0.135 | L94: 0.18 | M94: 0.25 | N94: 0.65 | O94: 1 | P94: 1 | Q94: 1 | R94: 1 | S94: 1 | T94: =AVERAGE(O94,R94) -> 1 | U94: =AVERAGE(P94) -> 1 | V94: =AVERAGE(Q94,S94) -> 1 | W94: {=_xlfn.IFS(J94>sheet2!$C$2,1,J94=sheet2!$C$2,0,J94<sheet2!$C$2,-1)} -> 0 | X94: {=_xlfn.IFS(K94>sheet2!$D$2,1,K94=sheet2!$D$2,0,K94<sheet2!$D$2,-1)} -> 0 | Y94: {=_xlfn.IFS(L94>sheet2!$E$2,1,L94=sheet2!$E$2,0,L94<sheet2!$E$2,-1)} -> 0 | Z94: {=_xlfn.IFS(M94>sheet2!$F$2,1,M94=sheet2!$F$2,0,M94<sheet2!$F$2,-1)} -> 0 | AA94: {=_xlfn.IFS(N94>sheet2!$G$2,1,N94=sheet2!$G$2,0,N94<sheet2!$G$2,-1)} -> 0
E95: 13 | F95: 福建 | G95: 2018 | H95: 0.36580327 | I95: =(H95-H94)/H94 -> 0.071537184 | J95: 0.2 | K95: 0.135 | L95: 0.18 | M95: 0.25 | N95: 0.65 | O95: 1 | P95: 1 | Q95: 1 | R95: 1 | S95: 1 | T95: =AVERAGE(O95,R95) -> 1 | U95: =AVERAGE(P95) -> 1 | V95: =AVERAGE(Q95,S95) -> 1 | W95: {=_xlfn.IFS(J95>sheet2!$C$2,1,J95=sheet2!$C$2,0,J95<sheet2!$C$2,-1)} -> 0 | X95: {=_xlfn.IFS(K95>sheet2!$D$2,1,K95=sheet2!$D$2,0,K95<sheet2!$D$2,-1)} -> 0 | Y95: {=_xlfn.IFS(L95>sheet2!$E$2,1,L95=sheet2!$E$2,0,L95<sheet2!$E$2,-1)} -> 0 | Z95: {=_xlfn.IFS(M95>sheet2!$F$2,1,M95=sheet2!$F$2,0,M95<sheet2!$F$2,-1)} -> 0 | AA95: {=_xlfn.IFS(N95>sheet2!$G$2,1,N95=sheet2!$G$2,0,N95<sheet2!$G$2,-1)} -> 0
E96: 13 | F96: 福建 | G96: 2019 | H96: 0.3685608 | I96: =(H96-H95)/H95 -> 0.0075382735 | J96: 0.2 | K96: 0.135 | L96: 0.18 | M96: 0.25 | N96: 0.65 | O96: 1 | P96: 1 | Q96: 1 | R96: 1 | S96: 1 | T96: =AVERAGE(O96,R96) -> 1 | U96: =AVERAGE(P96) -> 1 | V96: =AVERAGE(Q96,S96) -> 1 | W96: {=_xlfn.IFS(J96>sheet2!$C$2,1,J96=sheet2!$C$2,0,J96<sheet2!$C$2,-1)} -> 0 | X96: {=_xlfn.IFS(K96>sheet2!$D$2,1,K96=sheet2!$D$2,0,K96<sheet2!$D$2,-1)} -> 0 | Y96: {=_xlfn.IFS(L96>sheet2!$E$2,1,L96=sheet2!$E$2,0,L96<sheet2!$E$2,-1)} -> 0 | Z96: {=_xlfn.IFS(M96>sheet2!$F$2,1,M96=sheet2!$F$2,0,M96<sheet2!$F$2,-1)} -> 0 | AA96: {=_xlfn.IFS(N96>sheet2!$G$2,1,N96=sheet2!$G$2,0,N96<sheet2!$G$2,-1)} -> 0
E97: 13 | F97: 福建 | G97: 2020 | H97: 0.39578518 | I97: =(H97-H96)/H96 -> 0.073866725 | J97: 0.2 | K97: 0.135 | L97: 0.18 | M97: 0.25 | N97: 0.65 | O97: 1 | P97: 1 | Q97: 1 | R97: 1 | S97: 1 | T97: =AVERAGE(O97,R97) -> 1 | U97: =AVERAGE(P97) -> 1 | V97: =AVERAGE(Q97,S97) -> 1 | W97: {=_xlfn.IFS(J97>sheet2!$C$2,1,J97=sheet2!$C$2,0,J97<sheet2!$C$2,-1)} -> 0 | X97: {=_xlfn.IFS(K97>sheet2!$D$2,1,K97=sheet2!$D$2,0,K97<sheet2!$D$2,-1)} -> 0 | Y97: {=_xlfn.IFS(L97>sheet2!$E$2,1,L97=sheet2!$E$2,0,L97<sheet2!$E$2,-1)} -> 0 | Z97: {=_xlfn.IFS(M97>sheet2!$F$2,1,M97=sheet2!$F$2,0,M97<sheet2!$F$2,-1)} -> 0 | AA97: {=_xlfn.IFS(N97>sheet2!$G$2,1,N97=sheet2!$G$2,0,N97<sheet2!$G$2,-1)} -> 0
E98: 13 | F98: 福建 | G98: 2021 | H98: 0.42719988 | I98: =(H98-H97)/H97 -> 0.079373121 | J98: 0.177 | K98: 0.135 | L98: 0.18 | M98: 0.2 | N98: 0.65 | O98: 0.885 | P98: 1 | Q98: 1 | R98: 0.8 | S98: 1 | T98: =AVERAGE(O98,R98) -> 0.8425 | U98: =AVERAGE(P98) -> 1 | V98: =AVERAGE(Q98,S98) -> 1 | W98: {=_xlfn.IFS(J98>sheet2!$C$2,1,J98=sheet2!$C$2,0,J98<sheet2!$C$2,-1)} -> -1 | X98: {=_xlfn.IFS(K98>sheet2!$D$2,1,K98=sheet2!$D$2,0,K98<sheet2!$D$2,-1)} -> 0 | Y98: {=_xlfn.IFS(L98>sheet2!$E$2,1,L98=sheet2!$E$2,0,L98<sheet2!$E$2,-1)} -> 0 | Z98: {=_xlfn.IFS(M98>sheet2!$F$2,1,M98=sheet2!$F$2,0,M98<sheet2!$F$2,-1)} -> -1 | AA98: {=_xlfn.IFS(N98>sheet2!$G$2,1,N98=sheet2!$G$2,0,N98<sheet2!$G$2,-1)} -> 0
E99: 14 | F99: 江西 | G99: 2016 | H99: 0.2382779 | J99: 0.183 | K99: 0.135 | L99: 0.18 | M99: 0.25 | N99: 0.65 | O99: 0.915 | P99: 1 | Q99: 1 | R99: 1 | S99: 1 | T99: =AVERAGE(O99,R99) -> 0.9575 | U99: =AVERAGE(P99) -> 1 | V99: =AVERAGE(Q99,S99) -> 1 | W99: {=_xlfn.IFS(J99>sheet2!$C$2,1,J99=sheet2!$C$2,0,J99<sheet2!$C$2,-1)} -> -1 | X99: {=_xlfn.IFS(K99>sheet2!$D$2,1,K99=sheet2!$D$2,0,K99<sheet2!$D$2,-1)} -> 0 | Y99: {=_xlfn.IFS(L99>sheet2!$E$2,1,L99=sheet2!$E$2,0,L99<sheet2!$E$2,-1)} -> 0 | Z99: {=_xlfn.IFS(M99>sheet2!$F$2,1,M99=sheet2!$F$2,0,M99<sheet2!$F$2,-1)} -> 0 | AA99: {=_xlfn.IFS(N99>sheet2!$G$2,1,N99=sheet2!$G$2,0,N99<sheet2!$G$2,-1)} -> 0
E100: 14 | F100: 江西 | G100: 2017 | H100: 0.24881542 | I100: =(H100-H99)/H99 -> 0.044223662 | J100: 0.183 | K100: 0.135 | L100: 0.18 | M100: 0.25 | N100: 0.65 | O100: 0.915 | P100: 1 | Q100: 1 | R100: 1 | S100: 1 | T100: =AVERAGE(O100,R100) -> 0.9575 | U100: =AVERAGE(P100) -> 1 | V100: =AVERAGE(Q100,S100) -> 1 | W100: {=_xlfn.IFS(J100>sheet2!$C$2,1,J100=sheet2!$C$2,0,J100<sheet2!$C$2,-1)} -> -1 | X100: {=_xlfn.IFS(K100>sheet2!$D$2,1,K100=sheet2!$D$2,0,K100<sheet2!$D$2,-1)} -> 0 | Y100: {=_xlfn.IFS(L100>sheet2!$E$2,1,L100=sheet2!$E$2,0,L100<sheet2!$E$2,-1)} -> 0 | Z100: {=_xlfn.IFS(M100>sheet2!$F$2,1,M100=sheet2!$F$2,0,M100<sheet2!$F$2,-1)} -> 0 | AA100: {=_xlfn.IFS(N100>sheet2!$G$2,1,N100=sheet2!$G$2,0,N100<sheet2!$G$2,-1)} -> 0
...

Sheet sheet2
A1: id | B1: 地 | C1: 非化石能源 | D1: 能耗强度 | E1: 碳排强度 | F1: 非化石能源_155 | G1: 碳排强度_155 | H1: 非化石能源 | I1: 能耗强度 | J1: 碳排强度 | K1: 非化石能源_155 | L1: 碳排强度_155
A2: 0 | B2: 中央 | C2: 0.2 | D2: 0.135 | E2: 0.18 | F2: 0.25 | G2: 0.65 | H2: =C2/C$2 -> 1 | I2: =D2/D$2 -> 1 | J2: =E2/E$2 -> 1 | K2: =F2/F$2 -> 1 | L2: =G2/G$2 -> 1
A3: 1 | B3: 北京 | C3: 0.144 | D3: 0.14 | E3: 0.18 | F3: 0.25 | G3: 0.65 | H3: =C3/C$2 -> 0.72 | I3: =D3/D$2 -> 1.037037 | J3: =E3/E$2 -> 1 | K3: =F3/F$2 -> 1 | L3: =G3/G$2 -> 1
A4: 2 | B4: 天津 | C4: 0.117 | D4: 0.135 | E4: 0.18 | F4: 0.16 | G4: 0.65 | H4: =C4/C$2 -> 0.585 | I4: =D4/D$2 -> 1 | J4: =E4/E$2 -> 1 | K4: =F4/F$2 -> 0.64 | L4: =G4/G$2 -> 1
A5: 3 | B5: 河北 | C5: 0.13 | D5: 0.135 | E5: 0.18 | F5: 0.19 | G5: 0.65 | H5: =C5/C$2 -> 0.65 | I5: =D5/D$2 -> 1 | J5: =E5/E$2 -> 1 | K5: =F5/F$2 -> 0.76 | L5: =G5/G$2 -> 1
A6: 4 | B6: 山西 | C6: 0.12 | D6: 0.135 | E6: 0.18 | F6: 0.18 | G6: 0.65 | H6: =C6/C$2 -> 0.6 | I6: =D6/D$2 -> 1 | J6: =E6/E$2 -> 1 | K6: =F6/F$2 -> 0.72 | L6: =G6/G$2 -> 1
A7: 5 | B7: 内蒙古 | C7: 0.18 | D7: 0.135 | E7: 0.18 | F7: 0.25 | G7: 0.65 | H7: =C7/C$2 -> 0.9 | I7: =D7/D$2 -> 1 | J7: =E7/E$2 -> 1 | K7: =F7/F$2 -> 1 | L7: =G7/G$2 -> 1
A8: 6 | B8: 辽宁 | C8: 0.137 | D8: 0.145 | E8: 0.18 | F8: 0.2 | G8: 0.65 | H8: =C8/C$2 -> 0.685 | I8: =D8/D$2 -> 1.0740741 | J8: =E8/E$2 -> 1 | K8: =F8/F$2 -> 0.8 | L8: =G8/G$2 -> 1
A9: 7 | B9: 吉林 | C9: 0.177 | D9: 0.135 | E9: 0.18 | F9: 0.2 | G9: 0.65 | H9: =C9/C$2 -> 0.885 | I9: =D9/D$2 -> 1 | J9: =E9/E$2 -> 1 | K9: =F9/F$2 -> 0.8 | L9: =G9/G$2 -> 1
A10: 8 | B10: 黑龙江 | C10: 0.2 | D10: 0.135 | E10: 0.18 | F10: 0.25 | G10: 0.65 | H10: =C10/C$2 -> 1 | I10: =D10/D$2 -> 1 | J10: =E10/E$2 -> 1 | K10: =F10/F$2 -> 1 | L10: =G10/G$2 -> 1
A11: 9 | B11: 上海 | C11: 0.2 | D11: 0.14 | E11: 0.18 | F11: 0.25 | G11: 0.7 | H11: =C11/C$2 -> 1 | I11: =D11/D$2 -> 1.037037 | J11: =E11/E$2 -> 1 | K11: =F11/F$2 -> 1 | L11: =G11/G$2 -> 1.0769231
A12: 10 | B12: 江苏 | C12: 0.18 | D12: 0.14 | E12: 0.18 | F12: 0.25 | G12: 0.65 | H12: =C12/C$2 -> 0.9 | I12: =D12/D$2 -> 1.037037 | J12: =E12/E$2 -> 1 | K12: =F12/F$2 -> 1 | L12: =G12/G$2 -> 1
A13: 11 | B13: 浙江 | C13: 0.2 | D13: 0.135 | E13: 0.18 | F13: 0.25 | G13: 0.65 | H13: =C13/C$2 -> 1 | I13: =D13/D$2 -> 1 | J13: =E13/E$2 -> 1 | K13: =F13/F$2 -> 1 | L13: =G13/G$2 -> 1
